page_url,image_count,image_urls,status,error
https://www.eventbrite.com/e/chch-presents-spotlight-on-tuscany-with-collette-tickets-1980384949695,1,https://img.evbuc.com/https%3A%2F%2Fcdn.evbuc.com%2Fimages%2F1174634334%2F2098873513703%2F1%2Foriginal.20260112-163307?crop=focalpoint&fit=crop&w=480&auto=format%2Ccompress&q=75&sharp=10&fp-x=0.509&fp-y=0.304&s=dfb7df43a0220d5957a310a0c84ca20e,ok,
https://www.eventbrite.ca/e/acute-care-of-at-risk-newborns-acorn-provider-feb-24-25-tickets-1981873529076,1,https://img.evbuc.com/https%3A%2F%2Fcdn.evbuc.com%2Fimages%2F870622169%2F71276329041%2F1%2Foriginal.20241007-152659?w=480&auto=format%2Ccompress&q=75&sharp=10&rect=0%2C5%2C680%2C340&s=5d70fcc2365a8c9b0c789498158b63ed,ok,
https://www.eventbrite.ca/e/paint-nite-art-event-in-hamilton-fun-creative-event-paint-party-tickets-1227079560999,1,https://img.evbuc.com/https%3A%2F%2Fcdn.evbuc.com%2Fimages%2F1081580923%2F524461906351%2F1%2Foriginal.20250725-220719?w=480&auto=format%2Ccompress&q=75&sharp=10&rect=1%2C0%2C1544%2C772&s=d498ab7780e25ea97ed42753a9ba649f,ok,
https://www.eventbrite.ca/e/truffle-making-101-hamilton-location-tickets-53824897718,1,https://img.evbuc.com/https%3A%2F%2Fcdn.evbuc.com%2Fimages%2F332312119%2F34771446166%2F1%2Foriginal.20181217-191809?w=480&auto=format%2Ccompress&q=75&sharp=10&rect=0%2C119%2C750%2C375&s=6cf51cc99bd2012039c4b7de0cbe5e1f,ok,
https://www.eventbrite.ca/e/classic-chocolate-making-workshop-hamilton-tickets-866992707527,1,https://img.evbuc.com/https%3A%2F%2Fcdn.evbuc.com%2Fimages%2F723672149%2F34771446166%2F1%2Foriginal.20240320-000617?w=480&auto=format%2Ccompress&q=75&sharp=10&s=8ff474bde6fefcc0813ea6980bbc2150,ok,
https://www.eventbrite.ca/e/chocolate-masterclass-hamilton-location-tickets-53830370086,1,https://img.evbuc.com/https%3A%2F%2Fcdn.evbuc.com%2Fimages%2F721919629%2F34771446166%2F1%2Foriginal.20240318-083715?w=480&auto=format%2Ccompress&q=75&sharp=10&rect=0%2C106%2C5712%2C2856&s=8d8e63c49ccf9fe7917f0116993c5565,ok,
https://www.eventbrite.ca/e/25th-february-paint-night-at-boston-pizza-waterdown-tickets-1981456007257,0,,no_images_found,
https://www.eventbrite.ca/e/hamilton-all-star-jazz-band-presents-big-band-classics-tickets-1815633040299,1,https://img.evbuc.com/https%3A%2F%2Fcdn.evbuc.com%2Fimages%2F1152026503%2F283976872971%2F1%2Foriginal.20251013-173508?w=480&auto=format%2Ccompress&q=75&sharp=10&rect=0%2C0%2C2160%2C1080&s=2a31606da729e25fb5844e106708e1b7,ok,
https://www.eventbrite.ca/e/foes-show-aquanova-brewing-co-stand-up-comedy-show-tickets-1981261638896,1,https://img.evbuc.com/https%3A%2F%2Fcdn.evbuc.com%2Fimages%2F1175503702%2F1174850061953%2F1%2Foriginal.20250829-004019?w=480&auto=format%2Ccompress&q=75&sharp=10&rect=1%2C909%2C2854%2C1427&s=1a2b6ca9a77cd121e3ffb30b9104b826,ok,
https://www.eventbrite.ca/e/yoga-nidra-with-dizzy-tickets-1981605749139,0,,failed,HTTP 404
https://www.eventbrite.ca/e/tea-toner-a-galentines-tea-blending-experience-tickets-1981458234920,1,https://img.evbuc.com/https%3A%2F%2Fcdn.evbuc.com%2Fimages%2F1175686516%2F335623280743%2F1%2Foriginal.20260123-214220?w=480&auto=format%2Ccompress&q=75&sharp=10&rect=0%2C0%2C2160%2C1080&s=6e518b49fb4fd3159f4da8081ebfe579,ok,
https://www.eventbrite.ca/e/pizza-making-workshop-hamilton-location-tickets-863373823347,1,https://img.evbuc.com/https%3A%2F%2Fcdn.evbuc.com%2Fimages%2F719998909%2F34771446166%2F1%2Foriginal.20240315-010559?w=480&auto=format%2Ccompress&q=75&sharp=10&rect=0%2C597%2C1504%2C752&s=2116189b23ee6856be7eaa0384fbaa46,ok,
https://www.eventbrite.ca/e/sourdough-bread-making-workshop-hamilton-tickets-944405380917,1,https://img.evbuc.com/https%3A%2F%2Fcdn.evbuc.com%2Fimages%2F804605079%2F34771446166%2F1%2Foriginal.20240709-191706?w=480&auto=format%2Ccompress&q=75&sharp=10&rect=0%2C0%2C500%2C250&s=7e7a4b110b73fffa5c7f587e29ebde42,ok,
https://www.eventbrite.ca/e/cooking-caramel-treats-hamilton-location-tickets-1039017488277,1,https://img.evbuc.com/https%3A%2F%2Fcdn.evbuc.com%2Fimages%2F866885199%2F34771446166%2F1%2Foriginal.20241004-170459?w=480&auto=format%2Ccompress&q=75&sharp=10&rect=0%2C178%2C500%2C250&s=0ba3fb11101a90057eaa20d9b3d9c3c1,ok,
https://www.eventbrite.ca/e/sugar-cookie-decorating-class-hamilton-tickets-935977061587,1,https://img.evbuc.com/https%3A%2F%2Fcdn.evbuc.com%2Fimages%2F797759669%2F34771446166%2F1%2Foriginal.20240627-210510?w=480&auto=format%2Ccompress&q=75&sharp=10&rect=0%2C14%2C1098%2C549&s=a92d232018f40a4bbd6bd97d8543e50b,ok,
https://www.eventbrite.ca/e/neonatal-resuscitation-program-nrp-advanced-provider-feb-24-tickets-1976639869058,0,,no_images_found,
https://www.eventbrite.ca/e/invasive-ventilation-for-community-care-practitioners-feb-27-tickets-1975868479812,0,,failed,HTTP 404
https://www.eventbrite.ca/e/blissful-bao-making-class-tickets-1966169687463,1,https://img.evbuc.com/https%3A%2F%2Fcdn.evbuc.com%2Fimages%2F860493259%2F161274182777%2F1%2Foriginal.jpg?w=480&auto=format%2Ccompress&q=75&sharp=10&rect=0%2C0%2C2160%2C1080&s=9ded530d28c1da39b0f43ad121c5bb3d,ok,
https://www.eventbrite.ca/e/harringtons-jewellery-and-timepieces-buying-event-by-appointment-only-registration-1981373843503,1,https://img.evbuc.com/https%3A%2F%2Fcdn.evbuc.com%2Fimages%2F450812899%2F454575656222%2F1%2Foriginal.20200930-174059?w=480&auto=format%2Ccompress&q=75&sharp=10&rect=386%2C0%2C1200%2C600&s=d220155abe2a6a1fb69a3412209d6f62,ok,
https://www.eventbrite.ca/e/wednesday-trivia-at-shawn-and-eds-dundas-tickets-1979483254701,1,https://img.evbuc.com/https%3A%2F%2Fcdn.evbuc.com%2Fimages%2F1173813686%2F204110462347%2F1%2Foriginal.20260101-235131?w=480&auto=format%2Ccompress&q=75&sharp=10&rect=0%2C0%2C2160%2C1080&s=9a961e9d4cfb93507888ee614c91d8db,ok,
https://www.eventbrite.ca/e/hamilton-leadtribes-in-person-tickets-1979427470850,1,https://img.evbuc.com/https%3A%2F%2Fcdn.evbuc.com%2Fimages%2F1173785242%2F313346741934%2F1%2Foriginal.20260101-020759?w=480&auto=format%2Ccompress&q=75&sharp=10&rect=1%2C331%2C2398%2C1199&s=6843b5096a920d9ad24d25fe80b9961b,ok,
https://www.eventbrite.com/e/salesforce-admin-certification-training-in-hamilton-on-tickets-1313529765889,1,https://img.evbuc.com/https%3A%2F%2Fcdn.evbuc.com%2Fimages%2F1000750163%2F1072417588943%2F1%2Foriginal.20250404-082008?crop=focalpoint&fit=crop&w=480&auto=format%2Ccompress&q=75&sharp=10&fp-x=0.5&fp-y=0.5&s=b8b82d580d77f5119c77d7ba581ec835,ok,
https://www.eventbrite.com/e/salesforce-platform-app-builder-certification-training-in-hamilton-on-tickets-1319756078959,1,https://img.evbuc.com/https%3A%2F%2Fcdn.evbuc.com%2Fimages%2F1004177453%2F1072417588943%2F1%2Foriginal.20250408-193147?crop=focalpoint&fit=crop&w=480&auto=format%2Ccompress&q=75&sharp=10&fp-x=0.5&fp-y=0.5&s=338d996c851a35f856bd4035cc382c11,ok,
https://www.eventbrite.com/e/agile-and-scrum-certification-training-in-hamilton-on-tickets-1305013523579,1,https://img.evbuc.com/https%3A%2F%2Fcdn.evbuc.com%2Fimages%2F995385663%2F1072417588943%2F1%2Foriginal.20250328-203428?crop=focalpoint&fit=crop&w=480&auto=format%2Ccompress&q=75&sharp=10&fp-x=0.5&fp-y=0.5&s=0e6040154fd3e87027626f1256135270,ok,
https://www.eventbrite.com/e/pmp-certification-4-days-classroom-training-in-hamilton-on-tickets-603241871677,0,,no_images_found,
https://www.eventbrite.ca/e/write-on-write-now-tickets-1981069153166,1,https://img.evbuc.com/https%3A%2F%2Fcdn.evbuc.com%2Fimages%2F1175484575%2F14801082365%2F1%2Foriginal.20260121-202157?w=480&auto=format%2Ccompress&q=75&sharp=10&rect=0%2C0%2C600%2C300&s=03a04379ba98c2263a9a32fd8f642ec1,ok,
https://www.eventbrite.com/e/combo-lean-6-sigma-green-black-belt-cert-training-in-hamilton-on-tickets-1322685912169,1,https://img.evbuc.com/https%3A%2F%2Fcdn.evbuc.com%2Fimages%2F1007489673%2F1072417588943%2F1%2Foriginal.20250412-181236?crop=focalpoint&fit=crop&w=480&auto=format%2Ccompress&q=75&sharp=10&fp-x=0.005&fp-y=0.005&s=0acffaaa41a52ca8f6db4211c4f69b76,ok,
https://www.eventbrite.com/e/stand-up-comedy-workshop-back-to-basics-with-scott-faulconbridge-tickets-1980475506553,0,,no_images_found,
https://www.eventbrite.com/e/fever-dream-with-dj-nicholas-picholas-tickets-1981596052135,1,https://img.evbuc.com/https%3A%2F%2Fcdn.evbuc.com%2Fimages%2F1175864639%2F1899067332883%2F1%2Foriginal.20260126-182548?crop=focalpoint&fit=crop&w=480&auto=format%2Ccompress&q=75&sharp=10&fp-x=0.518&fp-y=0.401&s=0e40dcc06ed10e7b7b5a9672234f234f,ok,
https://www.eventbrite.com/e/sons-of-butcher-makin-bacon-single-release-ridiculous-hamilton-tickets-1980689226796,1,https://img.evbuc.com/https%3A%2F%2Fcdn.evbuc.com%2Fimages%2F1175024591%2F1899067332883%2F1%2Foriginal.20260116-033316?crop=focalpoint&fit=crop&w=480&auto=format%2Ccompress&q=75&sharp=10&fp-x=0.5&fp-y=0.5&s=86df7b5f76a5925f270c19205f0b9de6,ok,
https://www.eventbrite.ca/e/the-hell-bent-rockers-15th-anniversary-celebration-by-steelore-presents-tickets-1980586121405,1,https://img.evbuc.com/https%3A%2F%2Fcdn.evbuc.com%2Fimages%2F1174894429%2F236969389945%2F1%2Foriginal.20260114-214246?w=480&auto=format%2Ccompress&q=75&sharp=10&rect=0%2C0%2C1920%2C960&s=375b4de5843b94b7cac9a148c500fae8,ok,
https://www.eventbrite.ca/e/painting-class-with-julia-veenstra-tickets-1977714960686,0,,no_images_found,
https://www.eventbrite.com/e/hmc-presents-tom-wilson-sings-jazz-tickets-1979257903670,1,https://img.evbuc.com/https%3A%2F%2Fcdn.evbuc.com%2Fimages%2F1173667940%2F424593817247%2F1%2Foriginal.20251229-200905?w=480&auto=format%2Ccompress&q=75&sharp=10&rect=0%2C0%2C2160%2C1080&s=c9fb64580f4749e926e4b0e7ef1d2c31,ok,
https://www.eventbrite.com/e/ancient-shapes-at-into-the-abyss-tickets-1927620337319,1,https://img.evbuc.com/https%3A%2F%2Fcdn.evbuc.com%2Fimages%2F1166974403%2F2174542756383%2F1%2Foriginal.20251031-014144?w=480&auto=format%2Ccompress&q=75&sharp=10&rect=0%2C0%2C1080%2C540&s=1251ed3f69480da6acb1b583dbf707c9,ok,
https://www.eventbrite.ca/e/mike-rita-live-in-hamilton-tickets-1916737426239,1,https://img.evbuc.com/https%3A%2F%2Fcdn.evbuc.com%2Fimages%2F1165496183%2F169858949414%2F1%2Foriginal.20251029-152558?w=480&auto=format%2Ccompress&q=75&sharp=10&rect=0%2C0%2C3496%2C1748&s=abf56240d358e9f753e136fa4e8d23f9,ok,
https://www.eventbrite.ca/e/whaddies-2026-tickets-1976894644097,1,https://img.evbuc.com/https%3A%2F%2Fcdn.evbuc.com%2Fimages%2F921657133%2F965609559953%2F1%2Foriginal.20241222-123012?crop=focalpoint&fit=crop&w=480&auto=format%2Ccompress&q=75&sharp=10&fp-x=0.498106060606&fp-y=0.492170022371&s=802a89e0ce71aef1a9834907d86c564a,ok,
https://www.eventbrite.com/e/hmc-presents-thb-septet-tickets-1979243498584,0,,no_images_found,
https://www.eventbrite.ca/e/ready-set-register-burlington-on-tickets-1979781891933,0,,no_images_found,
https://www.eventbrite.com/e/galentines-day-dance-party-kicks-tickets-1980667470723,0,,no_images_found,
https://www.eventbrite.ca/e/brands-buyers-brunch-tickets-1901818011869,0,,no_images_found,
https://www.eventbrite.ca/e/heated-rivalry-party-tickets-1981276848388,0,,no_images_found,
https://www.eventbrite.ca/e/hamilton-pro-wrestling-we-wrestling-6-tickets-1979875647358,0,,no_images_found,
https://www.eventbrite.com/e/2026-new-judges-dinner-tickets-1979999278141,0,,no_images_found,
https://www.eventbrite.ca/e/the-concrete-mixer-2026-tickets-1977277473149,0,,no_images_found,
https://www.eventbrite.ca/e/masoud-sadeghloo-concert-tickets-1761739593549,0,,no_images_found,
https://www.eventbrite.ca/e/wealth-summit-2026-protect-multiply-preserve-tickets-1975643022463,0,,no_images_found,
https://www.eventbrite.ca/e/banff-mountain-film-festival-world-tour-tickets-1738355741819,0,,no_images_found,
https://www.eventbrite.ca/e/see-randall-wallace-writer-of-braveheart-the-resurrection-of-the-christ-tickets-1975107477634,0,,no_images_found,
https://www.eventbrite.com/e/the-snow-moon-sessions-with-onion-honey-and-special-guest-fools-gold-tickets-1964393843867,0,,no_images_found,
https://www.eventbrite.ca/e/the-strongman-blues-studio-acoustic-sessions-ii-tickets-1980740553315,0,,no_images_found,
https://www.eventbrite.com/e/bellydance-on-the-block-tickets-1979743082854,0,,no_images_found,
https://www.eventbrite.ca/e/charcuterie-board-class-tickets-1721088916279,0,,no_images_found,
https://www.eventbrite.com/e/hope-jar-writing-circle-reflect-write-decorate-and-honour-your-hope-tickets-1979557098570,0,,no_images_found,
https://www.eventbrite.ca/e/hamilton-winterfest-presents-frost-queens-all-ages-registration-1980793087446,0,,no_images_found,
https://www.eventbrite.ca/e/valentines-blood-on-the-clocktower-a-hidden-identity-large-group-game-tickets-1976934418062,0,,no_images_found,
https://www.eventbrite.ca/e/2026-migh-x-pih-canada-global-health-case-competition-tickets-1979773445670,0,,no_images_found,
https://www.eventbrite.ca/e/x-tasty-10-year-anniversary-show-tickets-1980181512208,0,,no_images_found,
https://www.eventbrite.ca/e/ladies-business-networking-meeting-elevate-connect-february-tickets-1980382333871,0,,no_images_found,
https://www.eventbrite.ca/e/puffy-heart-garland-workshop-tickets-1981277772151,0,,no_images_found,
https://www.eventbrite.ca/e/steve-strongman-feb-1-at-the-shed-tickets-1969834633415,0,,no_images_found,
https://www.eventbrite.ca/e/misdirection-magic-and-mind-reading-show-hamilton-tickets-1978886535899,0,,no_images_found,
https://www.eventbrite.ca/e/hamilton-wedding-expo-winter-2026-tickets-1849690838089,0,,no_images_found,
https://www.eventbrite.ca/e/weird-art-hang-stuffed-animal-taxidermy-tickets-1980996276189,1,https://cdn.evbstatic.com/s3-build/perm_001/6ce389/django/images/logos/eb_orange_on_white_1200x630.png,ok,
https://www.eventbrite.ca/e/drawing-and-painting-for-kids-tickets-1603568920809,0,,no_images_found,
https://www.eventbrite.ca/e/risky-business-80s-night-saturday-february-7-2026-tickets-1980224047432,0,,no_images_found,
https://www.eventbrite.com/e/the-founders-circle-a-galentine-business-workshop-tickets-1979373354988,0,,no_images_found,
https://www.eventbrite.com/e/outstanding-oakville-scavenger-hunt-tickets-1001560032017,1,https://img.evbuc.com/https%3A%2F%2Fcdn.evbuc.com%2Fimages%2F833283509%2F1652628412003%2F1%2Foriginal.20240823-202840?w=480&auto=format%2Ccompress&q=75&sharp=10&rect=0%2C100%2C1600%2C800&s=5540be5f05d7746366c94deccff8947a,ok,
https://www.eventbrite.ca/e/full-moon-ceremony-tickets-1981600635845,0,,no_images_found,
https://www.eventbrite.ca/e/blues-and-roots-matinee-sessions-at-the-upper-coach-tickets-1980682195766,0,,no_images_found,
https://www.eventbrite.ca/e/honky-tonk-heroes-an-evening-of-classic-country-music-tickets-1979546255137,0,,no_images_found,
https://www.eventbrite.ca/e/nrp-refresher-course-for-mch-nicu-team-feb-05-am-tickets-1976218894913,0,,no_images_found,
https://www.eventbrite.ca/e/judge-jury-stand-up-comedy-tickets-1981603407134,0,,no_images_found,
https://www.eventbrite.ca/e/oakville-speed-dating-ages-45-55f48-58m-tickets-1980668546942,0,,no_images_found,
https://www.eventbrite.ca/e/valentines-make-decorate-your-own-dough-bowl-candle-centerpiece-tickets-1976739105878,0,,no_images_found,
https://www.eventbrite.com/e/gintervention-a-zero-proof-mixology-class-tickets-1980188365707,0,,no_images_found,
https://www.eventbrite.ca/e/tea-on-the-ton-a-bridgerton-inspired-tea-on-the-train-tickets-1980469646024,0,,no_images_found,
https://www.eventbrite.com/e/full-moon-cacao-ceremony-tickets-1979210338401,0,,no_images_found,
https://www.eventbrite.ca/e/burlington-business-networking-meeting-february-tickets-1980387945656,0,,no_images_found,
https://www.eventbrite.ca/e/fundamentals-of-tracheostomy-care-feb-06-tickets-1974929203411,0,,no_images_found,
https://www.eventbrite.com/e/valentines-cookie-class-tickets-1981477769348,0,,no_images_found,
https://www.eventbrite.ca/e/crystal-bowl-sound-bath-to-clear-stress-tickets-1981601764220,0,,no_images_found,
https://www.eventbrite.com/e/0-to-1-million-followers-digital-scaling-masterclass-tickets-1976622394792,0,,no_images_found,
https://www.eventbrite.ca/e/decoding-inflation-economic-indicators-1-day-session-in-burlington-tickets-1981291435017,1,https://img.evbuc.com/https%3A%2F%2Fcdn.evbuc.com%2Fimages%2F1171396639%2F2824010078961%2F1%2Foriginal.20251120-063130?crop=focalpoint&fit=crop&w=480&auto=format%2Ccompress&q=75&sharp=10&fp-x=0.493&fp-y=0.071&s=9b35bce704d8011e6ef23e592d5406d3,ok,
https://www.eventbrite.com/e/sip-pour-galentines-day-edition-tickets-1980839566466,0,,no_images_found,
https://www.eventbrite.com/e/galentines-paint-night-tickets-1981468091401,0,,no_images_found,
https://www.eventbrite.com/e/ecstatic-dance-cacao-ceremony-with-sound-healing-tickets-1981524922384,1,https://img.evbuc.com/https%3A%2F%2Fcdn.evbuc.com%2Fimages%2F1175779269%2F678844045183%2F1%2Foriginal.20260125-191458?w=480&auto=format%2Ccompress&q=75&sharp=10&rect=0%2C0%2C2160%2C1080&s=046bf584228c479511479a2e1ea75cae,ok,
https://www.eventbrite.com/e/peer-support-group-tickets-1980572705277,0,,no_images_found,
https://www.eventbrite.com/e/medical-aesthetic-coffee-chat-tickets-1979775824786,1,https://img.evbuc.com/https%3A%2F%2Fcdn.evbuc.com%2Fimages%2F1174038842%2F2987443537600%2F1%2Foriginal.20260105-202627?w=480&auto=format%2Ccompress&q=75&sharp=10&rect=188%2C0%2C3982%2C1991&s=cae18aa285e58a96dae6667423d4f742,ok,
https://www.eventbrite.ca/e/valentines-day-paint-a-pottery-mug-for-couples-in-oakville-tickets-1979372814371,0,,no_images_found,
https://www.eventbrite.ca/e/power-bi-tableau-data-visualisation-basics-1-day-session-in-burlington-tickets-1979964402828,1,https://img.evbuc.com/https%3A%2F%2Fcdn.evbuc.com%2Fimages%2F1171396639%2F2824010078961%2F1%2Foriginal.20251120-063130?crop=focalpoint&fit=crop&w=480&auto=format%2Ccompress&q=75&sharp=10&fp-x=0.493&fp-y=0.071&s=9b35bce704d8011e6ef23e592d5406d3,ok,
https://www.eventbrite.ca/e/applied-python-for-data-science-1-day-workshop-in-burlington-tickets-1979506740949,1,https://img.evbuc.com/https%3A%2F%2Fcdn.evbuc.com%2Fimages%2F1171396639%2F2824010078961%2F1%2Foriginal.20251120-063130?crop=focalpoint&fit=crop&w=480&auto=format%2Ccompress&q=75&sharp=10&fp-x=0.493&fp-y=0.071&s=9b35bce704d8011e6ef23e592d5406d3,ok,
https://www.eventbrite.ca/e/mid-life-retirement-planning-essentials-1-day-session-in-burlington-tickets-1979961698740,1,https://img.evbuc.com/https%3A%2F%2Fcdn.evbuc.com%2Fimages%2F1171396639%2F2824010078961%2F1%2Foriginal.20251120-063130?crop=focalpoint&fit=crop&w=480&auto=format%2Ccompress&q=75&sharp=10&fp-x=0.493&fp-y=0.071&s=9b35bce704d8011e6ef23e592d5406d3,ok,
https://www.eventbrite.ca/e/php-mysql-fundamentals-1-day-workshop-in-burlington-tickets-1979296848154,1,https://img.evbuc.com/https%3A%2F%2Fcdn.evbuc.com%2Fimages%2F1171396639%2F2824010078961%2F1%2Foriginal.20251120-063130?crop=focalpoint&fit=crop&w=480&auto=format%2Ccompress&q=75&sharp=10&fp-x=0.493&fp-y=0.071&s=9b35bce704d8011e6ef23e592d5406d3,ok,
https://www.eventbrite.ca/e/espresso-essentials-milk-steaming-101-ecs-coffee-burlington-tickets-1981854583409,0,,no_images_found,
https://www.eventbrite.ca/e/relaxation-yoga-with-bunnies-tickets-1980991080649,0,,no_images_found,
https://www.eventbrite.com/e/paint-nite-brand-creative-events-tickets-1975596275642,0,,no_images_found,
https://www.eventbrite.com/e/family-paint-party-tickets-1976205380491,0,,no_images_found,
https://www.eventbrite.ca/e/paint-unwind-guided-canvas-painting-at-terra-greenhouse-burlington-tickets-1980689136526,0,,no_images_found,
https://www.eventbrite.com/e/combo-lean-6-sigma-green-black-belt-cert-training-in-burlington-on-tickets-1322683715599,1,https://img.evbuc.com/https%3A%2F%2Fcdn.evbuc.com%2Fimages%2F1007489673%2F1072417588943%2F1%2Foriginal.20250412-181236?crop=focalpoint&fit=crop&w=480&auto=format%2Ccompress&q=75&sharp=10&fp-x=0.005&fp-y=0.005&s=0acffaaa41a52ca8f6db4211c4f69b76,ok,
https://www.eventbrite.ca/e/heartsaver-cpr-aed-level-c-feb-20-pm-tickets-1976895497650,0,,no_images_found,
https://www.eventbrite.ca/e/drag-pottery-and-paint-night-hosted-by-ultraviolet-tickets-1980574344179,0,,no_images_found,
https://www.eventbrite.ca/e/speed-dating-56-69-and-mingling-tickets-1974898725250,0,,no_images_found,
https://www.eventbrite.ca/e/milton-speed-dating-age-45-55-tickets-1981065206361,0,,no_images_found,
https://www.eventbrite.ca/e/blizzard-brawl-live-pro-wrestling-at-the-shed-tickets-1969556506530,0,,no_images_found,
https://www.eventbrite.ca/e/burlington-ontario-the-tipsy-fox-tickets-1978920327972,1,https://img.evbuc.com/https%3A%2F%2Fcdn.evbuc.com%2Fimages%2F1173468233%2F2065107091803%2F1%2Foriginal.20251223-191112?crop=focalpoint&fit=crop&w=480&auto=format%2Ccompress&q=75&sharp=10&fp-x=0.5&fp-y=0.5&s=962cd7eee32fecef72d8cacb89c06278,ok,
https://www.eventbrite.ca/e/cinnamon-roll-workshop-tickets-1971270128018,1,https://img.evbuc.com/https%3A%2F%2Fcdn.evbuc.com%2Fimages%2F1171037415%2F34771446166%2F1%2Foriginal.20251115-150052?w=480&auto=format%2Ccompress&q=75&sharp=10&rect=0%2C173%2C1080%2C540&s=f3bb91685de7d82c02435c8ba66978b9,ok,
https://www.eventbrite.com/e/da-bomb-hamiltons-only-monthly-all-90s-throwbacks-party-tickets-1743611371549,1,https://img.evbuc.com/https%3A%2F%2Fcdn.evbuc.com%2Fimages%2F1140818873%2F2920886791991%2F1%2Foriginal.20251001-012923?w=480&auto=format%2Ccompress&q=75&sharp=10&rect=0%2C134%2C1424%2C712&s=aff5ef624b4a209c13ebae4145d5efcd,ok,
https://www.eventbrite.ca/e/teen-success-through-eq-1-day-interactive-training-session-in-burlington-tickets-1833409851219,1,https://img.evbuc.com/https%3A%2F%2Fcdn.evbuc.com%2Fimages%2F1171474591%2F2824010078961%2F1%2Foriginal.20251121-040439?w=480&auto=format%2Ccompress&q=75&sharp=10&s=1210bd277d814e53c3b77046ae8d8ad3,ok,
https://www.eventbrite.ca/e/authentic-leadership-1-day-workshop-to-lead-with-impact-in-burlington-tickets-1775227546379,1,https://img.evbuc.com/https%3A%2F%2Fcdn.evbuc.com%2Fimages%2F1152508623%2F2824010078961%2F1%2Foriginal.20251014-040051?crop=focalpoint&fit=crop&w=480&auto=format%2Ccompress&q=75&sharp=10&fp-x=0.5&fp-y=0.5&s=b6b94bb848643a903292b14d589d3d17,ok,
https://www.eventbrite.ca/e/team-leadership-excellence-1-day-workshop-in-burlington-tickets-1775218730009,1,https://img.evbuc.com/https%3A%2F%2Fcdn.evbuc.com%2Fimages%2F1147984863%2F2824010078961%2F1%2Foriginal.20251008-153833?crop=focalpoint&fit=crop&w=480&auto=format%2Ccompress&q=75&sharp=10&fp-x=0.5&fp-y=0.5&s=8f0c15274e72851c386f22547816b4a0,ok,
https://www.eventbrite.ca/e/yoga-in-the-greenhouse-with-ri-terra-hamilton-tickets-1977809857525,1,https://img.evbuc.com/https%3A%2F%2Fcdn.evbuc.com%2Fimages%2F1173283375%2F1140760624663%2F1%2Foriginal.20251219-183914?w=480&auto=format%2Ccompress&q=75&sharp=10&rect=0%2C0%2C2160%2C1080&s=fcef0e0e85c1f740649a875a3cf83182,ok,
https://www.eventbrite.ca/e/decision-making-under-uncertainty-1-day-session-in-hamilton-tickets-1972924026874,1,https://img.evbuc.com/https%3A%2F%2Fcdn.evbuc.com%2Fimages%2F1170572143%2F2824010078961%2F1%2Foriginal.20251110-094548?crop=focalpoint&fit=crop&w=480&auto=format%2Ccompress&q=75&sharp=10&fp-x=0.49&fp-y=0.071&s=d145c9bc27238c8595c90c9580830453,ok,
https://www.eventbrite.ca/e/comedy-night-at-the-lionshead-tickets-1979665741524,1,https://img.evbuc.com/https%3A%2F%2Fcdn.evbuc.com%2Fimages%2F1173948014%2F2710119970021%2F1%2Foriginal.20260104-175613?w=480&auto=format%2Ccompress&q=75&sharp=10&rect=0%2C0%2C2160%2C1080&s=0e7c8660d5419237095f9eb1337fedf4,ok,
https://www.eventbrite.com/e/pmp-certification-training-bootcamp-in-hamilton-on-tickets-1968263165111,1,https://img.evbuc.com/https%3A%2F%2Fcdn.evbuc.com%2Fimages%2F1136901853%2F2904695027521%2F1%2Foriginal.20250926-220208?crop=focalpoint&fit=crop&w=480&auto=format%2Ccompress&q=75&sharp=10&fp-x=0.523&fp-y=0.09&s=c13a5d9da7862eb50be5bc0f7eeaf8bc,ok,
https://www.eventbrite.com/e/pmp-certification-bootcamp-weekend-classroom-training-in-hamilton-on-tickets-1968288702494,1,https://img.evbuc.com/https%3A%2F%2Fcdn.evbuc.com%2Fimages%2F1136901853%2F2904695027521%2F1%2Foriginal.20250926-220208?crop=focalpoint&fit=crop&w=480&auto=format%2Ccompress&q=75&sharp=10&fp-x=0.523&fp-y=0.09&s=c13a5d9da7862eb50be5bc0f7eeaf8bc,ok,
https://www.eventbrite.ca/e/croissant-class-hamilton-location-tickets-865198290377,1,https://img.evbuc.com/https%3A%2F%2Fcdn.evbuc.com%2Fimages%2F721735599%2F34771446166%2F1%2Foriginal.20240318-005837?w=480&auto=format%2Ccompress&q=75&sharp=10&rect=0%2C34%2C1650%2C825&s=d6f1b430b6a934dd23d83c38bd4f24e7,ok,
https://www.eventbrite.ca/e/italian-ravioli-feast-hamilton-tickets-938100242077,1,https://img.evbuc.com/https%3A%2F%2Fcdn.evbuc.com%2Fimages%2F799173149%2F34771446166%2F1%2Foriginal.20240701-034744?w=480&auto=format%2Ccompress&q=75&sharp=10&rect=0%2C0%2C1104%2C552&s=d4ca992d2f975e266127d751fade0689,ok,
https://www.eventbrite.com/e/pmp-certification-4-days-classroom-training-in-burlington-on-tickets-603057379857,0,,no_images_found,
https://www.eventbrite.com/e/capm-certification-4-days-classroom-training-in-cambridge-on-tickets-575864745957,0,,no_images_found,
https://www.eventbrite.ca/e/relaxation-yoga-with-bunnies-tickets-1980991654365,0,,no_images_found,
https://www.eventbrite.com/e/paint-nite-brand-creative-events-tickets-1975666646122,0,,no_images_found,
https://www.eventbrite.com/e/family-paint-party-tickets-1978650562095,0,,no_images_found,
https://www.eventbrite.com/e/family-paint-party-tickets-1976205920105,0,,no_images_found,
https://www.eventbrite.ca/e/reiki-ii-training-and-certification-tickets-1980157116239,1,https://img.evbuc.com/https%3A%2F%2Fcdn.evbuc.com%2Fimages%2F1123680073%2F173404924696%2F1%2Foriginal.20250914-192120?crop=focalpoint&fit=crop&w=480&auto=format%2Ccompress&q=75&sharp=10&fp-x=0.5&fp-y=0.5&s=e7d574d2e246d9128e7a8b9c20137d62,ok,
https://www.eventbrite.ca/e/time-to-reset-tickets-1981361773401,0,,no_images_found,
https://www.eventbrite.ca/e/breath-magic-a-chakra-journey-into-your-own-magic-tickets-1980156874516,1,https://img.evbuc.com/https%3A%2F%2Fcdn.evbuc.com%2Fimages%2F1174381501%2F173404924696%2F1%2Foriginal.20260109-033636?w=480&auto=format%2Ccompress&q=75&sharp=10&rect=0%2C38%2C1920%2C960&s=cf38e4d0e3e429d836e67d023d049425,ok,
https://www.eventbrite.ca/e/80s-dance-party-tickets-1981068989677,0,,no_images_found,
https://www.eventbrite.ca/e/valentines-make-decorate-your-own-dough-bowl-candle-centerpiece-tickets-1976740165046,0,,no_images_found,
https://www.eventbrite.ca/e/rnb-vibes-celebrating-birthday-of-mc-deemz-friday-feb-20th-2026-tickets-1980922316975,0,,no_images_found,
https://www.eventbrite.ca/e/the-foundation-you-have-been-missing-tickets-1981830471289,2,https://img.evbuc.com/https%3A%2F%2Fcdn.evbuc.com%2Fimages%2F1176029610%2F128719159723%2F1%2Foriginal.20260128-045905?w=1000&amp;auto=format%2Ccompress&amp;q=75&amp;sharp=10&amp;rect=0%2C39%2C1920%2C960&amp;s=a19c0811b418fc1e1edb209ddd8b2c4b | https://img.evbuc.com/https%3A%2F%2Fcdn.evbuc.com%2Fimages%2F1176029610%2F128719159723%2F1%2Foriginal.20260128-045905?w=50&amp;auto=format%2Ccompress&amp;q=75&amp;sharp=10&amp;rect=0%2C39%2C1920%2C960&amp;s=b2d0a08fb98c3bb28fe1f1d3f74c4dd9,ok,
https://www.eventbrite.ca/e/binbrook-business-mixer-tickets-1981576529743,1,https://img.evbuc.com/https%3A%2F%2Fcdn.evbuc.com%2Fimages%2F1178461996%2F313346741934%2F1%2Foriginal.20260225-224310?w=480&auto=format%2Ccompress&q=75&sharp=10&rect=0%2C0%2C2160%2C1080&s=61d751996c87f9bf90bb9118478f0e85,ok,
https://www.eventbrite.ca/e/the-woodchipper-by-joe-ollmann-book-launch-tickets-1980558705403,0,,no_images_found,
https://www.eventbrite.ca/e/artist-talk-series-r-ward-shipman-tickets-1978148436223,0,,no_images_found,
https://www.eventbrite.ca/e/2026-hamilton-lunar-new-year-market-event-tickets-1977724801119,0,,no_images_found,
https://www.eventbrite.ca/e/burlington-speed-dating-age-35-45-tickets-1981802988086,0,,no_images_found,
https://www.eventbrite.ca/e/yoga-nidra-with-dizzy-tickets-1981605535500,0,,failed,HTTP 404
https://www.eventbrite.ca/e/free-meditation-at-sherwood-library-mondays-2-3pm-tickets-1564525791759,1,https://img.evbuc.com/https%3A%2F%2Fcdn.evbuc.com%2Fimages%2F1090035713%2F158174638791%2F1%2Foriginal.20250806-225229?w=480&auto=format%2Ccompress&q=75&sharp=10&rect=0%2C0%2C2160%2C1080&s=08be413a5023d5e6f03963eda0afcca5,ok,
https://www.eventbrite.ca/e/monday-trivia-the-fool-and-flagon-hamilton-tickets-1979481353013,1,https://img.evbuc.com/https%3A%2F%2Fcdn.evbuc.com%2Fimages%2F1134361623%2F204110462347%2F1%2Foriginal.20250924-185747?crop=focalpoint&fit=crop&w=480&auto=format%2Ccompress&q=75&sharp=10&fp-x=0.5&fp-y=0.5&s=1a601155c869459ae2cbabd9025b620f,ok,
https://www.eventbrite.ca/e/monday-trivia-the-real-hammer-hogs-bbq-caledonia-tickets-1979481159434,1,https://img.evbuc.com/https%3A%2F%2Fcdn.evbuc.com%2Fimages%2F939468743%2F204110462347%2F1%2Foriginal.20250119-191456?w=480&auto=format%2Ccompress&q=75&sharp=10&rect=0%2C0%2C1080%2C540&s=659256809b7ee2f3157a9b7801e89e1d,ok,
https://www.eventbrite.ca/e/tuesday-night-trivia-at-shoeless-joes-in-milton-tickets-1722532072799,1,https://img.evbuc.com/https%3A%2F%2Fcdn.evbuc.com%2Fimages%2F1130189923%2F230740254100%2F1%2Foriginal.20250920-171545?w=480&auto=format%2Ccompress&q=75&sharp=10&rect=0%2C0%2C2160%2C1080&s=1f6432885e9b4f5ef3f65fcd8f0ba23c,ok,
https://www.eventbrite.ca/e/tuesday-night-trivia-at-east-end-social-in-hamilton-tickets-1980323902100,1,https://img.evbuc.com/https%3A%2F%2Fcdn.evbuc.com%2Fimages%2F1174556983%2F230740254100%2F1%2Foriginal.20260111-191045?w=480&auto=format%2Ccompress&q=75&sharp=10&rect=0%2C0%2C2160%2C1080&s=41cc3a1a8ae0fec447edaf1c87737d75,ok,
https://www.eventbrite.ca/e/monday-night-trivia-at-boston-pizza-in-oakville-tickets-1972009203613,1,https://img.evbuc.com/https%3A%2F%2Fcdn.evbuc.com%2Fimages%2F1174555544%2F230740254100%2F1%2Foriginal.20260111-185214?w=480&auto=format%2Ccompress&q=75&sharp=10&rect=0%2C0%2C2160%2C1080&s=740449812834fb3da4067d35fc59a076,ok,
https://www.eventbrite.ca/e/monday-wednesday-night-trivia-at-the-snooty-fox-in-hamilton-tickets-1332315173549,1,https://img.evbuc.com/https%3A%2F%2Fcdn.evbuc.com%2Fimages%2F1174554617%2F230740254100%2F1%2Foriginal.20260111-183746?w=480&auto=format%2Ccompress&q=75&sharp=10&rect=0%2C0%2C2160%2C1080&s=153bf4cae8485cb15cc4a99fb5544b14,ok,
https://www.eventbrite.ca/e/tuesday-night-trivia-at-the-powerhouse-in-stoney-creek-tickets-1332032036679,1,https://img.evbuc.com/https%3A%2F%2Fcdn.evbuc.com%2Fimages%2F1012662733%2F230740254100%2F1%2Foriginal.20250419-233124?w=480&auto=format%2Ccompress&q=75&sharp=10&rect=0%2C0%2C6750%2C3375&s=9c679d9f0499b99af44d5a6850277f74,ok,
https://www.eventbrite.ca/e/tuesday-night-trivia-at-squires-gastro-pub-in-burlington-tickets-1332051534999,1,https://img.evbuc.com/https%3A%2F%2Fcdn.evbuc.com%2Fimages%2F1012683163%2F230740254100%2F1%2Foriginal.20250420-010633?w=480&auto=format%2Ccompress&q=75&sharp=10&rect=0%2C0%2C6750%2C3375&s=46cad02f17c7bfcd101f1977b0cb5d70,ok,
https://www.eventbrite.com/e/building-your-business-in-the-skilled-trades-a-workshop-series-tickets-1980100618252,0,,no_images_found,
https://www.eventbrite.ca/e/kulchashock-legacy-in-motion-black-history-month-vendor-showcase-burlingto-tickets-1980024087346,0,,no_images_found,
https://www.eventbrite.com/e/geeky-book-club-february-meeting-the-blacktongue-thief-tickets-1978427492889,0,,no_images_found,
https://www.eventbrite.ca/e/guelph-travel-expo-2026-tickets-1978360895695,0,,no_images_found,
https://www.eventbrite.com/e/jamaica-foundation-hamilton-presents-bhm-film-matinee-garveys-ghost-tickets-1980849182227,0,,no_images_found,
https://www.eventbrite.ca/e/parent-kid-aerial-yoga-workshop-tickets-1980933392101,0,,no_images_found,
https://www.eventbrite.ca/e/global-ai-emerging-technologies-conference-2026-tickets-1963650696092,0,,no_images_found,
https://www.eventbrite.ca/e/reset-restore-tickets-1980031699113,0,,failed,HTTP 404
https://www.eventbrite.ca/e/tantralicious-for-singles-couples-feb-16-holiday-monday-tickets-1979834368893,1,https://img.evbuc.com/https%3A%2F%2Fcdn.evbuc.com%2Fimages%2F1177064831%2F162339721701%2F1%2Foriginal.20260209-152319?crop=focalpoint&fit=crop&w=480&auto=format%2Ccompress&q=75&sharp=10&fp-x=0.083&fp-y=0.437&s=27dac7cd63f2e5eeabe876815b8f87ed,ok,
https://www.eventbrite.ca/e/coffee-tasting-hand-brewing-specialty-coffee-workshop-registration-1965389184959,0,,no_images_found,
https://www.eventbrite.ca/e/tre-tensiontrauma-release-exercises-feb-16-holiday-monday-tickets-1979571021213,0,,no_images_found,
https://www.eventbrite.com/e/whitney-smith-big-steam-band-the-monarch-tavern-feb-16-tickets-1695872192379,0,,no_images_found,
https://www.eventbrite.ca/e/hands-on-pizza-napoletana-with-rosso-pomodoro-family-day-edition-tickets-1980470245818,0,,no_images_found,
https://www.eventbrite.ca/e/heated-rivalry-trivia-at-cassette-sold-out-tickets-1979679547819,0,,no_images_found,
https://www.eventbrite.com/e/winter-joy-a-family-music-celebration-discover-classical-music-together--tickets-1979105472745,7,https://cdn.evbuc.com/images/1173562049/2986657443190/1/logo.20251227-071803 | https://img.evbuc.com/https%3A%2F%2Fcdn.evbuc.com%2Fimages%2F1173180635%2F138255865614%2F1%2Foriginal.20251218-032301?h=230&amp;w=460&amp;auto=format%2Ccompress&amp;q=75&amp;sharp=10&amp;rect=99%2C0%2C1116%2C558&amp;s=21df3df251dbe765369f071292045496 | https://img.evbuc.com/https%3A%2F%2Fcdn.evbuc.com%2Fimages%2F1174331105%2F243395838377%2F1%2Foriginal.20260108-174927?crop=focalpoint&amp;fit=crop&amp;h=230&amp;w=460&amp;auto=format%2Ccompress&amp;q=75&amp;sharp=10&amp;fp-x=0.034&amp;fp-y=0.509&amp;s=9aced5689ed9755415cb408ce3da6f0a | https://img.evbuc.com/https%3A%2F%2Fcdn.evbuc.com%2Fimages%2F1176993135%2F213604976952%2F1%2Foriginal.20260208-152110?h=230&amp;w=460&amp;auto=format%2Ccompress&amp;q=75&amp;sharp=10&amp;rect=0%2C56%2C1640%2C820&amp;s=d7a176c923004d25c9278598f27d8461 | https://img.evbuc.com/https%3A%2F%2Fcdn.evbuc.com%2Fimages%2F1177226486%2F155517142630%2F1%2Foriginal.20260210-230047?h=230&amp;w=460&amp;auto=format%2Ccompress&amp;q=75&amp;sharp=10&amp;s=5a8c2eadb95d2e8a556d0cfd085e8e9b | https://img.evbuc.com/https%3A%2F%2Fcdn.evbuc.com%2Fimages%2F1177762941%2F2250697705373%2F1%2Foriginal.20260217-200455?h=230&amp;w=460&amp;auto=format%2Ccompress&amp;q=75&amp;sharp=10&amp;rect=0%2C0%2C2150%2C1075&amp;s=4badd8dad188145a02ee6b144178628f | https://img.evbuc.com/https%3A%2F%2Fcdn.evbuc.com%2Fimages%2F439268419%2F221989207595%2F1%2Foriginal.20220216-183846?h=230&amp;w=460&amp;auto=format%2Ccompress&amp;q=75&amp;sharp=10&amp;rect=0%2C0%2C800%2C400&amp;s=b3ec696d2d52c88c4b78c40cc48ce381,ok,
https://www.eventbrite.ca/e/family-fun-pizza-napoletana-with-rosso-pomodoro-parent-child-tickets-1980469918840,0,,no_images_found,
https://www.eventbrite.ca/e/white-lotus-season-4-premiere-party-at-ogradys-tickets-1979357058244,0,,no_images_found,
https://www.eventbrite.ca/e/festival-of-friends-2026-tickets-1978899403386,0,,no_images_found,
https://www.eventbrite.ca/e/stand-up-comedy-at-nickelbrook-brewery-tickets-1980548510911,0,,no_images_found,
https://www.eventbrite.ca/e/black-history-month-celebration-we-rise-together-tickets-1783220523589,0,,no_images_found,
https://www.eventbrite.ca/e/international-womens-day-dinner-party-2026-tickets-1980127865750,1,https://img.evbuc.com/https%3A%2F%2Fcdn.evbuc.com%2Fimages%2F1174346533%2F1335724716473%2F1%2Foriginal.jpg?w=480&auto=format%2Ccompress&q=75&sharp=10&rect=44%2C22%2C2116%2C1058&s=f5392a322cdc94d58f0cf6153ee22f0e,ok,
https://www.eventbrite.ca/e/schmaltz-and-pepper-tickets-1409726191989,0,,no_images_found,
https://www.eventbrite.com/e/mississauga-on-my-big-fat-portuguese-wedding-tickets-1858405092659,1,https://img.evbuc.com/https%3A%2F%2Fcdn.evbuc.com%2Fimages%2F1159788383%2F1805316369%2F1%2Foriginal.20251022-160315?crop=focalpoint&fit=crop&w=480&auto=format%2Ccompress&q=75&sharp=10&fp-x=0.5&fp-y=0.5&s=85fe7d5e071db73bfc3876d5d3706fa9,ok,
https://www.eventbrite.ca/e/mississauga-valentines-speed-dating-age-30s-and-40s-tickets-1980323205015,0,,no_images_found,
https://www.eventbrite.ca/e/buzz-greatness-2026-by-the-buzz-conference-tickets-1287369610159,0,,no_images_found,
https://www.eventbrite.ca/e/halton-region-young-professionals-networking-mixer-to-build-connections-tickets-1980346062382,0,,no_images_found,
https://www.eventbrite.ca/e/volunteer-with-project-ramadan-food-basket-build-mississauga-registration-1981388569549,1,https://cdn.evbstatic.com/s3-build/perm_001/6ce389/django/images/logos/eb_orange_on_white_1200x630.png,ok,
https://www.eventbrite.com/e/2026-jan-31-azazie-mississauga-pop-up-free-tickets-available-tickets-1980417524126,1,https://cdn.evbstatic.com/s3-build/perm_001/6ce389/django/images/logos/eb_orange_on_white_1200x630.png,ok,
https://www.eventbrite.ca/e/mississauga-speed-dating-age-40-50-tickets-1977157550457,1,https://cdn.evbstatic.com/s3-build/perm_001/6ce389/django/images/logos/eb_orange_on_white_1200x630.png,ok,
https://www.eventbrite.com/e/dawanet-fundraising-gala-dinner-from-vision-to-foundation-tickets-1980571987129,1,https://cdn.evbstatic.com/s3-build/perm_001/6ce389/django/images/logos/eb_orange_on_white_1200x630.png,ok,
https://www.eventbrite.ca/e/mitran-da-junction-tickets-1976475380067,1,https://cdn.evbstatic.com/s3-build/perm_001/6ce389/django/images/logos/eb_orange_on_white_1200x630.png,ok,
https://www.eventbrite.ca/e/smart-remediation-seminar-series-toronto-2026-tickets-1409338552549,1,https://cdn.evbstatic.com/s3-build/perm_001/6ce389/django/images/logos/eb_orange_on_white_1200x630.png,ok,
https://www.eventbrite.ca/e/persuasion-influence-skills-1-day-professional-course-in-mississauga-tickets-1827230257889,1,https://img.evbuc.com/https%3A%2F%2Fcdn.evbuc.com%2Fimages%2F1153610123%2F2824010078961%2F1%2Foriginal.20251015-055513?crop=focalpoint&fit=crop&w=480&auto=format%2Ccompress&q=75&sharp=10&fp-x=0.398&fp-y=0.809&s=e8f6ff9557b67d4963eb0c0e3859a6b4,ok,
https://www.eventbrite.ca/e/workplace-mental-health-first-aid-1-day-training-in-burlington-tickets-1970079499817,1,https://img.evbuc.com/https%3A%2F%2Fcdn.evbuc.com%2Fimages%2F1172963405%2F2824010078961%2F1%2Foriginal.20251215-053542?crop=focalpoint&fit=crop&w=480&auto=format%2Ccompress&q=75&sharp=10&fp-x=0.5&fp-y=0.5&s=583af16e09761ead3720c5d0de9fa7db,ok,
https://www.eventbrite.ca/e/quickbooks-online-training-1-day-workshop-in-burlington-tickets-1968970859845,1,https://img.evbuc.com/https%3A%2F%2Fcdn.evbuc.com%2Fimages%2F1171711660%2F2824010078961%2F1%2Foriginal.20251125-100111?crop=focalpoint&fit=crop&w=480&auto=format%2Ccompress&q=75&sharp=10&fp-x=0.5&fp-y=0.5&s=ce44b326c9b3d86a24c2cc36853f797d,ok,
https://www.eventbrite.ca/e/say-cheese-mozzarella-burrata-making-class-tickets-1469404992889,1,https://img.evbuc.com/https%3A%2F%2Fcdn.evbuc.com%2Fimages%2F1067929793%2F34771446166%2F1%2Foriginal.20250707-121209?w=480&auto=format%2Ccompress&q=75&sharp=10&rect=0%2C109%2C1000%2C500&s=71fb7b766e3c89a48a5389bf353c3223,ok,
https://www.eventbrite.ca/e/grant-writing-for-government-1-day-session-in-burlington-tickets-1964020445021,1,https://img.evbuc.com/https%3A%2F%2Fcdn.evbuc.com%2Fimages%2F1170295008%2F2824010078961%2F1%2Foriginal.20251106-103656?crop=focalpoint&fit=crop&w=480&auto=format%2Ccompress&q=75&sharp=10&fp-x=0.5&fp-y=0.5&s=79392e419d1a1c80d638baf45ddcac83,ok,
https://www.eventbrite.ca/e/train-the-trainer-essentials-1-day-workshop-in-burlington-tickets-1950272139469,1,https://img.evbuc.com/https%3A%2F%2Fcdn.evbuc.com%2Fimages%2F1168746663%2F2824010078961%2F1%2Foriginal.20251103-050655?crop=focalpoint&fit=crop&w=480&auto=format%2Ccompress&q=75&sharp=10&fp-x=0.5&fp-y=0.5&s=3a1292c43d872f856c28561838c2a97e,ok,
https://www.eventbrite.ca/e/corporate-conference-speaking-mastery-1-day-session-in-burlington-tickets-1903356533629,1,https://img.evbuc.com/https%3A%2F%2Fcdn.evbuc.com%2Fimages%2F1164140693%2F2824010078961%2F1%2Foriginal.20251028-054740?crop=focalpoint&fit=crop&w=480&auto=format%2Ccompress&q=75&sharp=10&fp-x=0.5&fp-y=0.5&s=b4932a27bf7ea58292c9d06f998da09a,ok,
https://www.eventbrite.ca/e/public-speaking-for-ngos-1-day-session-in-burlington-tickets-1913605588829,1,https://img.evbuc.com/https%3A%2F%2Fcdn.evbuc.com%2Fimages%2F1165208793%2F2824010078961%2F1%2Foriginal.20251029-090720?crop=focalpoint&fit=crop&w=480&auto=format%2Ccompress&q=75&sharp=10&fp-x=0.5&fp-y=0.5&s=11b1fff5eaee94ca9cb547624b090eb4,ok,
https://www.eventbrite.ca/e/burlington-leadtribes-in-person-tickets-1979427000443,1,https://img.evbuc.com/https%3A%2F%2Fcdn.evbuc.com%2Fimages%2F1173784881%2F313346741934%2F1%2Foriginal.20260101-014727?w=480&auto=format%2Ccompress&q=75&sharp=10&rect=0%2C354%2C2398%2C1199&s=d59d6d62b6d88839d747d9d9ca20bbe7,ok,
https://www.eventbrite.ca/e/e-commerce-business-setup-1-day-training-in-burlington-tickets-1968418112563,1,https://img.evbuc.com/https%3A%2F%2Fcdn.evbuc.com%2Fimages%2F1171865730%2F2824010078961%2F1%2Foriginal.20251127-104040?crop=focalpoint&fit=crop&w=480&auto=format%2Ccompress&q=75&sharp=10&fp-x=0.5&fp-y=0.5&s=894cf3e6d8f99ddd4697e9f925c741d5,ok,
https://www.eventbrite.com/e/family-paint-party-tickets-1798794656239,0,,no_images_found,
https://www.eventbrite.ca/e/datenight-painting-for-2-tickets-1297387213079,1,https://img.evbuc.com/https%3A%2F%2Fcdn.evbuc.com%2Fimages%2F989812893%2F462833138796%2F1%2Foriginal.20250321-212103?w=480&auto=format%2Ccompress&q=75&sharp=10&rect=0%2C431%2C1500%2C750&s=3b051d95864597f0640bd4d10685c43a,ok,
https://www.eventbrite.com/e/family-paint-party-tickets-1975842657577,0,,no_images_found,
https://www.eventbrite.ca/e/burlington-ontario-st-louis-bar-grill-walkers-line-tickets-1980498333830,1,https://img.evbuc.com/https%3A%2F%2Fcdn.evbuc.com%2Fimages%2F1174778543%2F2065107091803%2F1%2Foriginal.20260113-211222?crop=focalpoint&fit=crop&w=480&auto=format%2Ccompress&q=75&sharp=10&fp-x=1.0&fp-y=0.538&s=9eadfe5aea67b17eacede06e92fd5508,ok,
https://www.eventbrite.ca/e/b2b-collective-thrive-connect-new-year-clear-goals-aligned-action-tickets-1977017716209,0,,no_images_found,
https://www.eventbrite.com/e/the-ampersand-review-february-writing-series-tickets-1977531287314,0,,no_images_found,
https://www.eventbrite.ca/e/post-valentines-mingle-with-singles-wine-and-chocolate-40s-50s-60s-tickets-1976522180047,0,,no_images_found,
https://www.eventbrite.com/e/valentines-day-hangover-tickets-1978928124291,0,,no_images_found,
https://www.eventbrite.com/e/family-paint-party-tickets-1788053188219,0,,no_images_found,
https://www.eventbrite.ca/e/jcc-next-gen-presents-the-babka-social-tickets-1978160740024,0,,no_images_found,
https://www.eventbrite.ca/e/basket-coiling-with-repurposed-textiles-tickets-1465610984909,0,,no_images_found,
https://www.eventbrite.ca/e/solo-works-with-wesley-shen-roan-ma-tickets-1567038567539,0,,no_images_found,
https://www.eventbrite.ca/e/shrek-trivia-movies-12-at-mill-st-brewery-tickets-1980347116535,0,,no_images_found,
https://www.eventbrite.ca/e/deep-dive-into-aws-cloud-specialisations-1-day-training-in-burlington-tickets-1979707360006,1,https://img.evbuc.com/https%3A%2F%2Fcdn.evbuc.com%2Fimages%2F1171396639%2F2824010078961%2F1%2Foriginal.20251120-063130?crop=focalpoint&fit=crop&w=480&auto=format%2Ccompress&q=75&sharp=10&fp-x=0.493&fp-y=0.071&s=9b35bce704d8011e6ef23e592d5406d3,ok,
https://www.eventbrite.ca/e/digital-media-planning-essentials-1-day-training-in-burlington-tickets-1979841703832,1,https://img.evbuc.com/https%3A%2F%2Fcdn.evbuc.com%2Fimages%2F1171396639%2F2824010078961%2F1%2Foriginal.20251120-063130?crop=focalpoint&fit=crop&w=480&auto=format%2Ccompress&q=75&sharp=10&fp-x=0.493&fp-y=0.071&s=9b35bce704d8011e6ef23e592d5406d3,ok,
https://www.eventbrite.ca/e/validate-yoFrom CA$504.30ur-business-idea-fast-1-day-intensive-training-in-mississauga-tickets-1977484147317,0,,failed,URL can't contain control characters. '/e/validate-yoFrom CA$504.30ur-business-idea-fast-1-day-intensive-training-in-mississauga-tickets-1977484147317' (found at least ' ')
https://www.eventbrite.ca/e/europhorum-the-party-tickets-1981082905299,0,,no_images_found,
https://www.eventbrite.ca/e/empower-teens-to-shine-1-day-self-confidence-training-in-burlington-tickets-1849969040199,1,https://img.evbuc.com/https%3A%2F%2Fcdn.evbuc.com%2Fimages%2F1171475435%2F2824010078961%2F1%2Foriginal.20251121-042851?w=480&auto=format%2Ccompress&q=75&sharp=10&s=f7bfa53c0ae407cf3b865ccfc1faaed9,ok,
https://www.eventbrite.com/e/paint-nite-brand-creative-events-tickets-1975596328801,0,,no_images_found,
https://www.eventbrite.com/e/next-stop-comedy-at-the-franklin-house-streetsville-on-tickets-1980804332079,1,https://img.evbuc.com/https%3A%2F%2Fcdn.evbuc.com%2Fimages%2F705146149%2F159013100222%2F1%2Foriginal.20240226-084709?w=480&auto=format%2Ccompress&q=75&sharp=10&rect=0%2C2543%2C5088%2C2544&s=2ea57cbab72e6c671ebe11f7751f8780,ok,
https://www.eventbrite.ca/e/womenuptm-ai-workshop-launch-your-lead-pipeline-tickets-1980506984705,0,,no_images_found,
https://www.eventbrite.ca/e/ramadan-charity-iftar-with-sheikh-ahmad-shehab-tickets-1978207436695,0,,no_images_found,
https://www.eventbrite.ca/e/unladylike-and-unapologetic-a-standup-comedy-show-tickets-1977298998532,0,,no_images_found,
https://www.eventbrite.ca/e/sunrise-with-sakeenah-mississauga-tickets-1980554715469,0,,no_images_found,
https://www.eventbrite.com/e/ihpycs-winterluxe-tickets-1979661636245,0,,failed,HTTP 404
https://www.eventbrite.ca/e/kids-party-pottery-wheel-throwing-tickets-843714792657,1,https://img.evbuc.com/https%3A%2F%2Fcdn.evbuc.com%2Fimages%2F699731269%2F82905912235%2F1%2Foriginal.20240218-191544?w=480&auto=format%2Ccompress&q=75&sharp=10&rect=1%2C409%2C482%2C241&s=283629aeebc94665b94fa1437801eae9,ok,
https://www.eventbrite.ca/e/kids-art-party-oven-baked-clay-party-party-for-kids-tickets-942828163417,1,https://img.evbuc.com/https%3A%2F%2Fcdn.evbuc.com%2Fimages%2F802837099%2F82905912235%2F1%2Foriginal.20240706-181413?w=480&auto=format%2Ccompress&q=75&sharp=10&rect=0%2C142%2C1036%2C518&s=034607304aee994b1cdb15e1dd6298e5,ok,
https://www.eventbrite.ca/e/hammer-volleyball-on-monday-nights-tickets-1979655726569,0,,failed,HTTP 404
https://www.eventbrite.com/e/the-green-label-detroit-sustainable-fashion-week-tickets-1980431093713,0,,no_images_found,
https://www.eventbrite.ca/e/numerology-101-tickets-1979572300038,0,,no_images_found,
https://www.eventbrite.com/e/sacred-sounds-for-little-souls-tickets-1980888907045,0,,no_images_found,
https://www.eventbrite.ca/e/4-latin-dance-lessons-downtown-brampton-tickets-1979058491222,1,https://img.evbuc.com/https%3A%2F%2Fcdn.evbuc.com%2Fimages%2F1160146823%2F2893669575851%2F1%2Foriginal.20251022-214159?crop=focalpoint&fit=crop&w=480&auto=format%2Ccompress&q=75&sharp=10&fp-x=0.5&fp-y=0.5&s=950a0863c46bfc8fdc4a0878cc50efe1,ok,
https://www.eventbrite.com/e/paint-nite-brand-creative-events-tickets-1981248322065,0,,no_images_found,
https://www.eventbrite.ca/e/foes-open-mic-aquanova-brewing-co-stand-up-comedy-tickets-1981261484434,0,,no_images_found,
https://www.eventbrite.com/e/speed-dating-in-piper-arms-burlington-for-ages-60-80-no-app-needed-tickets-1981513542346,0,,failed,HTTP 410
https://www.eventbrite.ca/e/oakville-ontario-the-tipsy-fox-tickets-1978922946805,1,https://img.evbuc.com/https%3A%2F%2Fcdn.evbuc.com%2Fimages%2F1173469249%2F2065107091803%2F1%2Foriginal.20251223-192951?crop=focalpoint&fit=crop&w=480&auto=format%2Ccompress&q=75&sharp=10&fp-x=0.5&fp-y=0.5&s=c0147b4baafc4aaa3bb64b13c267fa75,ok,
https://www.eventbrite.ca/e/spin-family-day-edition-tickets-1980877243158,0,,no_images_found,
https://www.eventbrite.com/e/family-paint-party-tickets-1976205410581,0,,no_images_found,
https://www.eventbrite.ca/e/little-brushes-big-creations-tickets-1975643341417,1,https://img.evbuc.com/https%3A%2F%2Fcdn.evbuc.com%2Fimages%2F1171762078%2F2984627338239%2F1%2Foriginal.20251125-193103?w=480&auto=format%2Ccompress&q=75&sharp=10&rect=0%2C408%2C1200%2C600&s=8399b2da5f37ab55e49bbe67af482c54,ok,
https://www.eventbrite.ca/e/family-day-love-themed-family-yoga-with-bunnies-tickets-1980996229048,0,,no_images_found,
https://www.eventbrite.ca/e/pmo-setup-governance-mastery-1-day-training-in-mississauga-tickets-1977687156523,1,https://img.evbuc.com/https%3A%2F%2Fcdn.evbuc.com%2Fimages%2F1171396639%2F2824010078961%2F1%2Foriginal.20251120-063130?crop=focalpoint&fit=crop&w=480&auto=format%2Ccompress&q=75&sharp=10&fp-x=0.493&fp-y=0.071&s=9b35bce704d8011e6ef23e592d5406d3,ok,
https://www.eventbrite.com/e/gtfil-greater-toronto-indoor-football-league-tickets-1980097024503,1,https://img.evbuc.com/https%3A%2F%2Fcdn.evbuc.com%2Fimages%2F1174311107%2F2988010918659%2F1%2Foriginal.20260108-145844?w=480&auto=format%2Ccompress&q=75&sharp=10&rect=226%2C0%2C1828%2C914&s=037086394fd824db93bb2f6043ac5f70,ok,
https://www.eventbrite.com/e/family-paint-party-tickets-1976046930563,0,,no_images_found,
https://www.eventbrite.com/e/family-paint-party-tickets-1977382195376,0,,no_images_found,
https://www.eventbrite.com/e/family-paint-party-tickets-1979263403119,0,,no_images_found,
https://www.eventbrite.ca/e/kap-mississauga-kundalini-activation-process-x-halotherapy-tickets-1980602135303,0,,no_images_found,
https://www.eventbrite.ca/e/robotics-workshop-for-kids-hands-on-build-code-tickets-1980150381094,1,https://img.evbuc.com/https%3A%2F%2Fcdn.evbuc.com%2Fimages%2F1174640581%2F2987655918935%2F1%2Foriginal.20260112-172652?w=480&auto=format%2Ccompress&q=75&sharp=10&rect=1%2C587%2C1404%2C702&s=db7a3c33bf870ff617f3d94c54b16451,ok,
https://www.eventbrite.ca/e/table-stage-live-actual-play-show-experience-tickets-1977764540982,0,,no_images_found,
https://www.eventbrite.com/e/the-self-love-affair-a-galentines-luncheon-tickets-1974391478060,0,,no_images_found,
https://www.eventbrite.ca/e/apres-ski-rooftop-day-party-tickets-1980820723105,0,,no_images_found,
https://www.eventbrite.ca/e/black-history-month-celebration-du-mois-de-lhistoire-des-noirs-tickets-1977115343214,0,,no_images_found,
https://www.eventbrite.ca/e/southside-shuffle-mardi-gras-2026-tickets-1967752597991,0,,no_images_found,
https://www.eventbrite.com/e/horror-heartthrobs-tickets-1978864997477,0,,no_images_found,
https://www.eventbrite.ca/e/valentines-day-dinner-tickets-1980330863923,0,,no_images_found,
https://www.eventbrite.ca/e/valentines-2026-datenight-painting-for-couples-tickets-1730776411839,0,,no_images_found,
https://www.eventbrite.ca/e/sushi-making-class-at-third-moon-brewery-tickets-1584271130599,0,,no_images_found,
https://www.eventbrite.com/e/galantines-day-bracelet-making-tickets-1980484733150,0,,no_images_found,
https://www.eventbrite.ca/e/neonatal-resuscitation-program-nrp-advanced-provider-feb-10-tickets-1976641261222,0,,no_images_found,
https://www.eventbrite.com/e/valentines-christian-speed-dating-28-43steel-town-cider-hamilton-tickets-1980410130010,0,,no_images_found,
https://www.eventbrite.ca/e/valentines-day-drag-bingo-at-nickelbook-brewery-burlington-tickets-1980344210844,0,,no_images_found,
https://www.eventbrite.ca/e/paint-your-partner-valentines-paint-sip-at-stoho-tickets-1978306386657,0,,no_images_found,
https://www.eventbrite.ca/e/cim-gta-west-luncheon-building-low-carbon-industrial-supply-chains-tickets-1980483056134,0,,no_images_found,
https://www.eventbrite.com/e/valentines-edition-speed-dating-ages-27-35-hamilton-tickets-1980324479828,0,,no_images_found,
https://www.eventbrite.com/e/freedom-trains-valentines-bash-tickets-1979691084325,0,,no_images_found,
https://www.eventbrite.ca/e/acls-provider-bls-provider-certification-february-10-11th-2026-tickets-1926456355819,0,,no_images_found,
https://www.eventbrite.ca/e/noches-de-despecho-tickets-1980934034021,0,,no_images_found,
https://www.eventbrite.ca/e/trainwreck-a-galentines-day-drag-show-tickets-1979868649427,0,,no_images_found,
https://www.eventbrite.ca/e/la-nuit-dhibernation-cabaret-tickets-1980881740610,0,,no_images_found,
https://www.eventbrite.ca/e/fiddlestix-live-in-concert-at-the-shed-tickets-1969533825691,0,,no_images_found,
https://www.eventbrite.com/e/laughs-love-a-valentines-comedy-show-burlington-tickets-1980648514023,0,,no_images_found,
https://www.eventbrite.com/e/step-into-an-unforgettable-night-of-creativity-connection-tickets-1980483046104,0,,no_images_found,
https://www.eventbrite.ca/e/my-tea-bar-waterdown-mini-paint-party-valentines-edition-tickets-1979347562843,0,,no_images_found,
https://www.eventbrite.com/e/looking-for-my-baby-speed-dating-38-55steel-town-cider-hamilton-tickets-1980240251900,0,,no_images_found,
https://www.eventbrite.ca/e/beyond-bubble-baths-self-care-as-a-practice-of-self-leadership-tickets-1981425311445,0,,no_images_found,
https://www.eventbrite.ca/e/bake-connect-sourdough-bread-making-workshop-and-more-tickets-1980399609543,1,https://img.evbuc.com/https%3A%2F%2Fcdn.evbuc.com%2Fimages%2F1176290643%2F2079904382813%2F1%2Foriginal.20260130-204324?crop=focalpoint&fit=crop&w=480&auto=format%2Ccompress&q=75&sharp=10&fp-x=0.5&fp-y=0.5&s=8dddd1767019bbab24a71601f81ae07e,ok,
https://www.eventbrite.ca/e/little-sweethearts-valentines-pop-up-tickets-1981390865416,0,,no_images_found,
https://www.eventbrite.ca/e/fun-and-classy-mingle-with-singles-40s50s-and-60s-tickets-1974898562764,0,,no_images_found,
https://www.eventbrite.ca/e/star-crossed-space-station-fobolex-a-pairs-roleplay-night-tickets-1976937914520,0,,failed,HTTP 404
https://www.eventbrite.ca/e/love-bites-valentines-dinner-with-jonny-blonde-tickets-1980887690406,0,,no_images_found,
https://www.eventbrite.ca/e/valentines-at-my-vitae-tickets-1981248051255,0,,no_images_found,
https://www.eventbrite.com/e/girl-night-live-stand-up-comedy-the-galentines-show-tickets-1979889422560,0,,no_images_found,
https://www.eventbrite.com/e/live-at-andthenyou-tickets-1981387256622,0,,no_images_found,
https://www.eventbrite.com/e/highschool-marketplace-tickets-1979185385767,0,,failed,HTTP 404
https://www.eventbrite.ca/e/looking-to-join-a-referral-organization-tickets-1981425344544,0,,no_images_found,
https://www.eventbrite.ca/e/breath-magic-a-chakra-journey-into-your-own-magic-tickets-1980156772210,0,,no_images_found,
https://www.eventbrite.com/e/family-paint-party-tickets-1976205398545,0,,no_images_found,
https://www.eventbrite.ca/e/valentines-floral-workshop-tickets-1980485165443,0,,no_images_found,
https://www.eventbrite.ca/e/couples-valentines-workshop-tickets-1980915005105,0,,no_images_found,
https://www.eventbrite.com/e/poloriods-and-pipped-butter-cream-an-island-queens-gyalentines-soriee-tickets-1980192419833,0,,no_images_found,
https://www.eventbrite.ca/e/cupids-night-off-singles-night-burlington-tickets-1980776530925,0,,no_images_found,
https://www.eventbrite.ca/e/uncloseted-comedy-with-nile-seguin-tickets-1981257803424,0,,no_images_found,
https://www.eventbrite.com/e/laughs-love-a-valentines-comedy-show-tickets-1980646868100,0,,no_images_found,
https://www.eventbrite.ca/e/valentines-day-dinner-dance-la-festa-di-san-valentino-tickets-1981426660480,0,,no_images_found,
https://www.eventbrite.com/e/family-paint-party-tickets-1975842651559,0,,no_images_found,
https://www.eventbrite.com/e/family-paint-party-tickets-1978650548053,0,,no_images_found,
https://www.eventbrite.com/e/family-paint-party-tickets-1976046922539,0,,no_images_found,
https://www.eventbrite.com/e/family-paint-party-tickets-1955485873889,0,,no_images_found,
https://www.eventbrite.com/e/paint-nite-brand-creative-events-tickets-1975596310747,0,,no_images_found,
https://www.eventbrite.com/e/family-paint-party-tickets-1979665766599,0,,no_images_found,
https://www.eventbrite.ca/e/communitea-cafe-tickets-1981050425150,0,,no_images_found,
https://www.eventbrite.com/e/valentine-with-vibes-tickets-1981398046896,0,,no_images_found,
https://www.eventbrite.ca/e/love-themed-relaxation-yoga-with-bunnies-tickets-1980992711527,0,,no_images_found,
https://www.eventbrite.ca/e/love-themed-power-yoga-with-bunnies-tickets-1980994768680,0,,no_images_found,
https://www.eventbrite.ca/e/love-themed-yin-yoga-and-sound-bath-with-bunnies-tickets-1980993533987,0,,no_images_found,
https://www.eventbrite.ca/e/love-themed-pa-day-family-yoga-with-bunnies-tickets-1980995529957,0,,no_images_found,
https://www.eventbrite.ca/e/sober-galentines-by-second-shot-tickets-1980125666171,0,,failed,HTTP 404
https://www.eventbrite.ca/e/couples-paint-experience-tickets-1980203089747,0,,no_images_found,
https://www.eventbrite.ca/e/relaxation-yoga-with-bunnies-tickets-1980991336414,0,,no_images_found,
https://www.eventbrite.com/e/mix-mingle-sip-paint-valentines-day-experience-tickets-1981393677828,0,,no_images_found,
https://www.eventbrite.com/e/house-hippo-wine-club-tickets-1981490114272,0,,no_images_found,
https://www.eventbrite.ca/e/valentines-couple-dinner-an-evening-of-love-taste-tickets-1980906911898,0,,no_images_found,
https://www.eventbrite.ca/e/playful-expression-night-with-improv-inspired-games-tickets-1980772927146,0,,no_images_found,
https://www.eventbrite.ca/e/valentines-bento-cake-decorating-workshop-tickets-1981049138301,0,,no_images_found,
https://www.eventbrite.ca/e/my-funny-valentine-classic-songs-of-jazz-and-beyond-with-glenn-paul-trio-tickets-1981585070288,0,,no_images_found,
https://www.eventbrite.com/e/unique-survival-scavenger-hunt-in-milton-by-zombie-scavengers-tickets-1573860702729,0,,no_images_found,
https://www.eventbrite.ca/e/she-soars-collective-empowered-connects-for-women-in-business-tickets-1981455461625,0,,no_images_found,
https://www.eventbrite.com/e/new-moon-ceremony-at-bluboho-x-soulwork-tickets-1980793721342,0,,no_images_found,
https://www.eventbrite.com/e/half-price-tuesday-sound-baths-tickets-1708210576819,1,https://img.evbuc.com/https%3A%2F%2Fcdn.evbuc.com%2Fimages%2F1170492012%2F19998983748%2F1%2Foriginal.20251108-192032?w=480&auto=format%2Ccompress&q=75&sharp=10&rect=0%2C375%2C1024%2C512&s=d3efbe63b896542dec6f287a5147a315,ok,
https://www.eventbrite.com/e/cbap-classroom-training-iiba-aligned-in-rockwood-co-tickets-1975628531119,1,https://img.evbuc.com/https%3A%2F%2Fcdn.evbuc.com%2Fimages%2F1171423928%2F2958041386231%2F1%2Foriginal.20251120-155357?w=480&auto=format%2Ccompress&q=75&sharp=10&s=adc3a23c87a5886c239435b9643f8186,ok,
https://www.eventbrite.com/e/pmp-certification-bootcamp-4-days-to-get-certified-in-rockwood-co-tickets-1903443082499,1,https://img.evbuc.com/https%3A%2F%2Fcdn.evbuc.com%2Fimages%2F1161855303%2F2958041386231%2F1%2Foriginal.20251024-180953?crop=focalpoint&fit=crop&w=480&auto=format%2Ccompress&q=75&sharp=10&fp-x=0.5&fp-y=0.5&s=4c0d6f7453341c9e0c826935d9fc2c27,ok,
https://www.eventbrite.com/e/merry-milton-scavenger-hunt-tickets-1001557424217,1,https://img.evbuc.com/https%3A%2F%2Fcdn.evbuc.com%2Fimages%2F833280869%2F1652628412003%2F1%2Foriginal.20240823-202436?w=480&auto=format%2Ccompress&q=75&sharp=10&rect=0%2C180%2C1600%2C800&s=c346f97ca3aef664c0b448f0ad3aaffb,ok,
https://www.eventbrite.ca/e/acute-care-of-at-risk-newborns-acorn-provider-cmh-feb-17-18-tickets-1975036712975,0,,failed,HTTP 404
https://www.eventbrite.ca/e/soundbath-meditation-messages-tickets-1980157683937,0,,no_images_found,
https://www.eventbrite.com/e/capm-pass-guarantee-in-person-training-in-mississauga-tickets-1770837756399,1,https://img.evbuc.com/https%3A%2F%2Fcdn.evbuc.com%2Fimages%2F1014266633%2F1731677327943%2F1%2Foriginal.20250422-174844?crop=focalpoint&fit=crop&w=480&auto=format%2Ccompress&q=75&sharp=10&fp-x=0.581439393939&fp-y=0.114238410596&s=74bab97143ad2a13f50af1737fc72b52,ok,
https://www.eventbrite.com/e/lean-six-sigma-green-black-belt-training-with-exam-voucher-in-mississauga-tickets-1854025332679,1,https://img.evbuc.com/https%3A%2F%2Fcdn.evbuc.com%2Fimages%2F1014282253%2F1731677327943%2F1%2Foriginal.20250422-180401?crop=focalpoint&fit=crop&w=480&auto=format%2Ccompress&q=75&sharp=10&fp-x=0.11553030303&fp-y=0.498344370861&s=f5dad79db682797fb455afb34b570710,ok,
https://www.eventbrite.com/e/family-paint-party-tickets-1979258117309,0,,no_images_found,
https://www.eventbrite.ca/e/beginner-friendly-line-dance-class-tickets-1980794227857,1,https://img.evbuc.com/https%3A%2F%2Fcdn.evbuc.com%2Fimages%2F1094960313%2F1392433216573%2F1%2Foriginal.20250813-172743?crop=focalpoint&fit=crop&w=480&auto=format%2Ccompress&q=75&sharp=10&fp-x=0.00495233439286&fp-y=0.00370038904569&s=42c608c8fe3edec31cf0384cdbde1f28,ok,
https://www.eventbrite.com/e/capm-exam-prep-in-person-course-in-mississauga-on-tickets-1350231872879,1,https://img.evbuc.com/https%3A%2F%2Fcdn.evbuc.com%2Fimages%2F1009699483%2F400103897473%2F1%2Foriginal.20250415-193939?crop=focalpoint&fit=crop&w=480&auto=format%2Ccompress&q=75&sharp=10&fp-x=0.99053030303&fp-y=0.35873605948&s=006628e920f313878827b043ff93c2d5,ok,
https://www.eventbrite.ca/e/-toronto-tipsy-singles-social-night-cheers-with-20-new-friends-tickets-1980419357610,0,,failed,HTTP 404
https://www.eventbrite.ca/e/dried-floral-bouquet-workshop-tickets-1980789571931,0,,no_images_found,
https://www.eventbrite.ca/e/gallery-glow-yoga-tickets-1980414380724,1,https://img.evbuc.com/https%3A%2F%2Fcdn.evbuc.com%2Fimages%2F1174663417%2F2645556205301%2F1%2Foriginal.20260112-204154?w=480&auto=format%2Ccompress&q=75&sharp=10&rect=0%2C885%2C2564%2C1282&s=e50163f0111f5c95ae1430ae637e32fd,ok,
https://www.eventbrite.com/e/paint-nite-brand-creative-events-tickets-1981248390269,0,,no_images_found,
https://www.eventbrite.com/e/kooky-kitchener-scavenger-hunt-tickets-1001534485607,1,https://img.evbuc.com/https%3A%2F%2Fcdn.evbuc.com%2Fimages%2F833244849%2F1652628412003%2F1%2Foriginal.20240823-193355?w=480&auto=format%2Ccompress&q=75&sharp=10&rect=0%2C319%2C1600%2C800&s=72a90f55bdac102bed362a08ccf6032b,ok,
https://www.eventbrite.com/e/groovy-guelph-scavenger-hunt-tickets-997917105927,1,https://img.evbuc.com/https%3A%2F%2Fcdn.evbuc.com%2Fimages%2F829330329%2F1652628412003%2F1%2Foriginal.20240818-185915?w=480&auto=format%2Ccompress&q=75&sharp=10&rect=0%2C0%2C2048%2C1024&s=fa460bb17adac143f18fd54aef4e541b,ok,
https://www.eventbrite.ca/e/group-boxing-fitness-classes-tickets-1748668447399,1,https://img.evbuc.com/https%3A%2F%2Fcdn.evbuc.com%2Fimages%2F900637153%2F1168451191223%2F1%2Foriginal.20241117-103701?w=480&auto=format%2Ccompress&q=75&sharp=10&rect=0%2C471%2C1600%2C800&s=cded01b83b8ad3a5a6c96dfbb427202c,ok,
https://www.eventbrite.ca/e/kids-art-party-pottery-wheel-party-for-kids-birthday-party-for-ages-4-16-tickets-945949168427,1,https://img.evbuc.com/https%3A%2F%2Fcdn.evbuc.com%2Fimages%2F806346659%2F82905912235%2F1%2Foriginal.20240711-232544?w=480&auto=format%2Ccompress&q=75&sharp=10&rect=0%2C83%2C1000%2C500&s=638acdfd06e459d3edc31febfcd1b4f2,ok,
https://www.eventbrite.ca/e/kids-art-party-clay-making-party-party-for-kids-tickets-942604353997,1,https://img.evbuc.com/https%3A%2F%2Fcdn.evbuc.com%2Fimages%2F802617599%2F82905912235%2F1%2Foriginal.20240706-001925?w=480&auto=format%2Ccompress&q=75&sharp=10&s=d3134c50356dd23cf21b23db1f4f5b1d,ok,
https://www.eventbrite.ca/e/kids-art-party-pottery-wheel-oven-baked-clay-paint-potterytotecanvas-tickets-1322319345759,1,https://img.evbuc.com/https%3A%2F%2Fcdn.evbuc.com%2Fimages%2F1173917022%2F82905912235%2F1%2Foriginal.20260103-224754?w=480&auto=format%2Ccompress&q=75&sharp=10&rect=0%2C15%2C666%2C333&s=49e53e40701b2feb844b0c8556bba846,ok,
https://www.eventbrite.ca/e/group-event-party-up-to-40-ppl-pottery-wheel-throwing-lakeshorebronte-tickets-1979200661457,0,,no_images_found,
https://www.eventbrite.ca/e/valentines-day-mindful-mugs-on-pottery-wheel-for-couples-lakeshore-tickets-835454616247,0,,no_images_found,
https://www.eventbrite.ca/e/aws-essentials-for-it-operations-1-day-workshop-in-waterloo-tickets-1974954215222,1,https://img.evbuc.com/https%3A%2F%2Fcdn.evbuc.com%2Fimages%2F1176248020%2F2824010078961%2F1%2Foriginal.20260130-115221?crop=focalpoint&fit=crop&w=480&auto=format%2Ccompress&q=75&sharp=10&fp-x=0.5&fp-y=0.5&s=817f79ea4b5750df7b922512569cc42a,ok,
https://www.eventbrite.ca/e/backend-basics-php-mysql-1-day-training-in-waterloo-tickets-1974968759725,1,https://img.evbuc.com/https%3A%2F%2Fcdn.evbuc.com%2Fimages%2F1176151619%2F2824010078961%2F1%2Foriginal.20260129-120125?crop=focalpoint&fit=crop&w=480&auto=format%2Ccompress&q=75&sharp=10&fp-x=0.5&fp-y=0.5&s=030d2313f834542ca1e3826d809b335b,ok,
https://www.eventbrite.ca/e/high-impact-ai-copywriting-1-day-course-in-brampton-tickets-1977856403746,1,https://img.evbuc.com/https%3A%2F%2Fcdn.evbuc.com%2Fimages%2F1171396639%2F2824010078961%2F1%2Foriginal.20251120-063130?crop=focalpoint&fit=crop&w=480&auto=format%2Ccompress&q=75&sharp=10&fp-x=0.493&fp-y=0.071&s=9b35bce704d8011e6ef23e592d5406d3,ok,
https://www.eventbrite.ca/e/intro-to-ai-in-digital-marketing-leadership-1-day-course-in-mississauga-tickets-1975371466231,1,https://img.evbuc.com/https%3A%2F%2Fcdn.evbuc.com%2Fimages%2F1174093182%2F2824010078961%2F1%2Foriginal.20260106-123211?w=480&auto=format%2Ccompress&q=75&sharp=10&s=2111f9bf0f94f873d26bc889ee5e8525,ok,
https://www.eventbrite.ca/e/become-a-low-content-kdp-publisher-1-day-training-in-mississauga-tickets-1977874727553,1,https://img.evbuc.com/https%3A%2F%2Fcdn.evbuc.com%2Fimages%2F1171396639%2F2824010078961%2F1%2Foriginal.20251120-063130?crop=focalpoint&fit=crop&w=480&auto=format%2Ccompress&q=75&sharp=10&fp-x=0.493&fp-y=0.071&s=9b35bce704d8011e6ef23e592d5406d3,ok,
https://www.eventbrite.ca/e/essential-b2b-selling-skills-techniques-1-day-training-in-mississauga-tickets-1975763541940,1,https://img.evbuc.com/https%3A%2F%2Fcdn.evbuc.com%2Fimages%2F1172377770%2F2824010078961%2F1%2Foriginal.20251205-110616?w=480&auto=format%2Ccompress&q=75&sharp=10&s=3ed8fb5f955158310a342a1d2507d782,ok,
https://www.eventbrite.com/e/lean-six-sigma-black-belt-exam-prep-in-person-course-in-mississauga-on-tickets-1965572940577,1,https://img.evbuc.com/https%3A%2F%2Fcdn.evbuc.com%2Fimages%2F1010687133%2F400103897473%2F1%2Foriginal.20250416-194409?w=480&auto=format%2Ccompress&q=75&sharp=10&s=9f99318e3b09f1039d0fe6307a0ae974,ok,
https://www.eventbrite.ca/e/technical-writing-for-non-technical-roles-1-day-course-in-mississauga-tickets-1981087307466,1,https://img.evbuc.com/https%3A%2F%2Fcdn.evbuc.com%2Fimages%2F1171396639%2F2824010078961%2F1%2Foriginal.20251120-063130?crop=focalpoint&fit=crop&w=480&auto=format%2Ccompress&q=75&sharp=10&fp-x=0.493&fp-y=0.071&s=9b35bce704d8011e6ef23e592d5406d3,ok,
https://www.eventbrite.ca/e/port-credit-meditation-classes-tickets-1980027091331,0,,no_images_found,
https://www.eventbrite.com/e/pmp-exam-prep-in-person-course-in-mississauga-on-tickets-1968272698626,1,https://img.evbuc.com/https%3A%2F%2Fcdn.evbuc.com%2Fimages%2F1009677683%2F400103897473%2F1%2Foriginal.20250415-191923?crop=focalpoint&fit=crop&w=480&auto=format%2Ccompress&q=75&sharp=10&fp-x=0.0113636363636&fp-y=0.184014869888&s=c54b46e3fa283c4346719d94be2d551f,ok,
https://www.eventbrite.com/e/dual-lean-six-sigma-green-black-exam-prep-in-person-course-in-mississauga-tickets-1975235949898,1,https://img.evbuc.com/https%3A%2F%2Fcdn.evbuc.com%2Fimages%2F1010657773%2F400103897473%2F1%2Foriginal.20250416-191635?crop=focalpoint&fit=crop&w=480&auto=format%2Ccompress&q=75&sharp=10&fp-x=0.92803030303&fp-y=0.381040892193&s=c797658076cb5cc9ce19037a10d1e51d,ok,
https://www.eventbrite.com/e/lean-six-sigma-green-black-belt-confirmed-mississauga-in-person-training-tickets-1602900581789,1,https://img.evbuc.com/https%3A%2F%2Fcdn.evbuc.com%2Fimages%2F1058604763%2F570781062583%2F1%2Foriginal.20250623-140409?w=480&auto=format%2Ccompress&q=75&sharp=10&s=5bd7844105e98f946be3ed38faaed0a6,ok,
https://www.eventbrite.com/e/lean-six-sigma-green-belt-confirmed-mississauga-in-person-training-tickets-1633037923389,1,https://img.evbuc.com/https%3A%2F%2Fcdn.evbuc.com%2Fimages%2F1073292503%2F570781062583%2F1%2Foriginal.20250714-192224?crop=focalpoint&fit=crop&w=480&auto=format%2Ccompress&q=75&sharp=10&fp-x=0.486742424242&fp-y=0.17880794702&s=20278e8b57d1381082e3801578ebca9b,ok,
https://www.eventbrite.com/e/in-person-lssbb-exam-prep-course-in-mississauga-tickets-1708798846349,1,https://img.evbuc.com/https%3A%2F%2Fcdn.evbuc.com%2Fimages%2F1001395113%2F1918190142043%2F1%2Foriginal.20250404-223018?crop=focalpoint&fit=crop&w=480&auto=format%2Ccompress&q=75&sharp=10&fp-x=0.005&fp-y=0.005&s=e0323f24ca9b31ce25626ea7f0796709,ok,
https://www.eventbrite.com/e/six-sigma-black-belt-course-with-exam-voucher-training-in-mississauga-tickets-1936959029599,1,https://img.evbuc.com/https%3A%2F%2Fcdn.evbuc.com%2Fimages%2F1014356513%2F1731677327943%2F1%2Foriginal.20250422-191901?crop=focalpoint&fit=crop&w=480&auto=format%2Ccompress&q=75&sharp=10&fp-x=0.732954545455&fp-y=0.531456953642&s=e633ae43a0e554a73bdd3b3c892c980d,ok,
https://www.eventbrite.com/e/pmi-capm-certification-training-course-4-day-mississauga-bootcamp-tickets-1657696437669,1,https://img.evbuc.com/https%3A%2F%2Fcdn.evbuc.com%2Fimages%2F1054008323%2F570781062583%2F1%2Foriginal.20250616-164730?crop=focalpoint&fit=crop&w=480&auto=format%2Ccompress&q=75&sharp=10&fp-x=0.5&fp-y=0.5&s=d61b5bae41a3119b41cdc2fce3cfc5bb,ok,
https://www.eventbrite.com/e/pmp-pass-guarantee-in-person-training-in-mississauga-tickets-1804679999459,1,https://img.evbuc.com/https%3A%2F%2Fcdn.evbuc.com%2Fimages%2F1014068893%2F1731677327943%2F1%2Foriginal.20250422-144817?crop=focalpoint&fit=crop&w=480&auto=format%2Ccompress&q=75&sharp=10&fp-x=0.5&fp-y=0.253311258278&s=508fdc691e326882b2c26a4e1f17e2e2,ok,
https://www.eventbrite.com/e/posers-tuesday-night-life-drawing-at-gallery-1065-tickets-1979161913561,1,https://img.evbuc.com/https%3A%2F%2Fcdn.evbuc.com%2Fimages%2F1153582963%2F1137736674153%2F1%2Foriginal.20251015-043428?w=480&auto=format%2Ccompress&q=75&sharp=10&rect=0%2C0%2C2160%2C1080&s=2f95fbb1ac69306180065af4b4a70f60,ok,
https://www.eventbrite.com/e/leaders-in-product-building-products-that-power-daily-life-tickets-1978415296409,0,,no_images_found,
https://www.eventbrite.ca/e/esu-crossing-the-middle-passage-orisha-trilogy-1-by-dbiyoung-anitafrika-tickets-1978701201559,1,https://img.evbuc.com/https%3A%2F%2Fcdn.evbuc.com%2Fimages%2F1174252304%2F2807896810141%2F1%2Foriginal.20260107-213928?crop=focalpoint&fit=crop&w=480&auto=format%2Ccompress&q=75&sharp=10&fp-x=0.472&fp-y=0.038&s=91585a0214f01c26074df4afb4c546a3,ok,
https://www.eventbrite.ca/e/retro-arcade-re-imagined-tickets-1980906905880,1,https://img.evbuc.com/https%3A%2F%2Fcdn.evbuc.com%2Fimages%2F1177499006%2F311839008163%2F1%2Foriginal.20260213-203912?w=480&auto=format%2Ccompress&q=75&sharp=10&s=18f1d8c1ac188f8735187348ca99c98e,ok,
https://www.eventbrite.ca/e/cheerful-a-night-of-stand-up-comedy-tickets-1979636280405,0,,no_images_found,
https://www.eventbrite.ca/e/the-art-of-the-butcher-and-the-chef-valentines-day-tickets-1980313948328,0,,no_images_found,
https://www.eventbrite.com/e/art-battle-toronto-february-17-2026-tickets-1975992749506,0,,no_images_found,
https://www.eventbrite.ca/e/bridgerton-trivia-at-cassette-tickets-1979605216492,0,,no_images_found,
https://www.eventbrite.ca/e/dystopian-comedy-tickets-989135209037,1,https://img.evbuc.com/https%3A%2F%2Fcdn.evbuc.com%2Fimages%2F1171956932%2F741435550053%2F1%2Foriginal.20251129-123549?w=480&auto=format%2Ccompress&q=75&sharp=10&rect=0%2C0%2C6912%2C3456&s=416371ddbec0c02d6205d14694a76503,ok,
https://www.eventbrite.com/e/build-your-first-successful-ai-saas-startup-today-workshop-tickets-886744234877,1,https://img.evbuc.com/https%3A%2F%2Fcdn.evbuc.com%2Fimages%2F1176962864%2F975057858293%2F1%2Foriginal.20260207-202851?w=480&auto=format%2Ccompress&q=75&sharp=10&s=5b374745075ce46c94080df49965251c,ok,
https://www.eventbrite.com/e/afternoon-tea-dance-ballroom-latin-tickets-1981158294791,1,https://img.evbuc.com/https%3A%2F%2Fcdn.evbuc.com%2Fimages%2F1165877343%2F2745366329471%2F1%2Foriginal.20251029-211714?w=480&auto=format%2Ccompress&q=75&sharp=10&s=bd588f040372e2891341eeae0e489eb9,ok,
https://www.eventbrite.ca/e/fergus-ontario-brew-house-on-the-grand-tickets-1978926347978,1,https://img.evbuc.com/https%3A%2F%2Fcdn.evbuc.com%2Fimages%2F1173471197%2F2065107091803%2F1%2Foriginal.20251223-200954?crop=focalpoint&fit=crop&w=480&auto=format%2Ccompress&q=75&sharp=10&fp-x=0.5&fp-y=0.5&s=2ef170d86ee5d81d51cbe461c52cbec0,ok,
https://www.eventbrite.com/e/in-person-pmp-exam-prep-course-pmi-bootcamp-in-thunder-bay-on-canada-tickets-1872773579189,0,,failed,HTTP 404
https://www.eventbrite.com/e/magical-mississauga-scavenger-hunt-tickets-820311964167,1,https://img.evbuc.com/https%3A%2F%2Fcdn.evbuc.com%2Fimages%2F688731419%2F1652628412003%2F1%2Foriginal.20240202-185532?w=480&auto=format%2Ccompress&q=75&sharp=10&rect=0%2C166%2C2000%2C1000&s=29aa0b5e03273bc5ceb7965802efc43a,ok,
https://www.eventbrite.com/e/epic-zombie-survival-scavenger-hunt-in-mississauga-by-zombie-scavengers-tickets-1671040550269,0,,no_images_found,
https://www.eventbrite.ca/e/operational-excellence-for-business-efficiency-1-day-course-in-brampton-tickets-1975262311747,1,https://img.evbuc.com/https%3A%2F%2Fcdn.evbuc.com%2Fimages%2F1172239007%2F2824010078961%2F1%2Foriginal.20251203-153241?crop=focalpoint&fit=crop&w=480&auto=format%2Ccompress&q=75&sharp=10&fp-x=0.5&fp-y=0.5&s=7af16c40d5382eeb7f3f03075c04bc87,ok,
https://www.eventbrite.com/e/foodies-new-friends-toronto-tickets-1968694617597,1,https://img.evbuc.com/https%3A%2F%2Fcdn.evbuc.com%2Fimages%2F1170790507%2F2665070848231%2F1%2Foriginal.20251112-154416?crop=focalpoint&fit=crop&w=480&auto=format%2Ccompress&q=75&sharp=10&fp-x=0.5&fp-y=0.5&s=1f2a56f6626443cbdebb29758cfae264,ok,
https://www.eventbrite.ca/e/the-simpsons-trivia-at-the-pilot-2nd-night-tickets-1980189953456,0,,no_images_found,
https://www.eventbrite.ca/e/forgotten-italians-tickets-1978178590415,0,,no_images_found,
https://www.eventbrite.ca/e/sewing-machine-skills-private-11-lesson-tickets-1980801901810,1,https://img.evbuc.com/https%3A%2F%2Fcdn.evbuc.com%2Fimages%2F1175164856%2F1081260398323%2F1%2Foriginal.20260118-094151?w=480&auto=format%2Ccompress&q=75&sharp=10&rect=1%2C29%2C1038%2C519&s=26402b83a2647c1526f5a9b8b6d39257,ok,
https://www.eventbrite.ca/e/game-business-masterclass-with-jason-della-rocca-tickets-1977680350165,1,https://img.evbuc.com/https%3A%2F%2Fcdn.evbuc.com%2Fimages%2F1178047889%2F6636402897%2F1%2Foriginal.20260220-182908?w=480&auto=format%2Ccompress&q=75&sharp=10&rect=0%2C20%2C1000%2C500&s=d92ee46f458c6d59e96071207b122916,ok,
https://www.eventbrite.ca/e/euchre-at-samara-brewing-tickets-1976415484919,1,https://img.evbuc.com/https%3A%2F%2Fcdn.evbuc.com%2Fimages%2F528015089%2F503756101247%2F1%2Foriginal.20210401-182325?w=480&auto=format%2Ccompress&q=75&sharp=10&rect=0%2C0%2C800%2C400&s=942422e8064411ab31d713521a1a5804,ok,
https://www.eventbrite.ca/e/question-everything-trivia-hosted-by-qe-trivia-tha-phae-tavern-tickets-1704626807669,1,https://img.evbuc.com/https%3A%2F%2Fcdn.evbuc.com%2Fimages%2F1125199023%2F21406717384%2F1%2Foriginal.20250916-032750?w=480&auto=format%2Ccompress&q=75&sharp=10&rect=0%2C0%2C2160%2C1080&s=dd968fa2e9bbc37f9f13b7f204ed32c3,ok,
https://www.eventbrite.com/e/tarot-reading-course-8-weeks-tickets-1981244054300,1,https://img.evbuc.com/https%3A%2F%2Fcdn.evbuc.com%2Fimages%2F1175448134%2F2842718608321%2F1%2Foriginal.20260121-150832?w=480&auto=format%2Ccompress&q=75&sharp=10&rect=0%2C0%2C2160%2C1080&s=c25862dbe2f094429c5f8f5894c2ba6b,ok,
https://www.eventbrite.ca/e/all-slavic-comedy-show-torontos-funniest-monthly-stand-up-event-tickets-1977767173857,1,https://img.evbuc.com/https%3A%2F%2Fcdn.evbuc.com%2Fimages%2F1172902279%2F146759338148%2F1%2Foriginal.20251213-140923?w=480&auto=format%2Ccompress&q=75&sharp=10&s=2a0cd7a188102daf24fc1b71f9c3cead,ok,
https://www.eventbrite.ca/e/toronto-collective-arts-taproom-tickets-1980522324587,0,,failed,HTTP 404
https://www.eventbrite.ca/e/energy-essentials-policy-markets-technology-tickets-1980904591959,0,,no_images_found,
https://www.eventbrite.ca/e/now-playing-sword-of-the-stranger-tickets-1980719413084,0,,no_images_found,
https://www.eventbrite.ca/e/an-evening-of-hope-and-culinary-excellence-tickets-1980492358959,0,,no_images_found,
https://www.eventbrite.ca/e/tuesday-evenings-an-introduction-to-tantra-tickets-1979349089409,0,,no_images_found,
https://www.eventbrite.ca/e/lost-and-found-mondays-tickets-1686083905349,1,https://img.evbuc.com/https%3A%2F%2Fcdn.evbuc.com%2Fimages%2F1118387713%2F2000387413273%2F1%2Foriginal.20250909-045150?crop=focalpoint&fit=crop&w=480&auto=format%2Ccompress&q=75&sharp=10&fp-x=0.5&fp-y=0.5&s=0b4e2abbe43e253727e762846d548caa,ok,
https://www.eventbrite.ca/e/general-trivia-night-snakes-lattes-annex-tickets-1234995547929,1,https://img.evbuc.com/https%3A%2F%2Fcdn.evbuc.com%2Fimages%2F1177100940%2F905769551673%2F1%2Foriginal.20260209-203614?crop=focalpoint&fit=crop&w=480&auto=format%2Ccompress&q=75&sharp=10&fp-x=0.5&fp-y=0.5&s=fcb027ee2a8f3f3236de567ea456f859,ok,
https://www.eventbrite.ca/e/toonie-tuesdays-keys-stand-up-comedy-club-open-mic-toronto-comedy-show-tickets-1980669415540,1,https://img.evbuc.com/https%3A%2F%2Fcdn.evbuc.com%2Fimages%2F1175000250%2F146759338148%2F1%2Foriginal.20260115-213508?w=480&auto=format%2Ccompress&q=75&sharp=10&rect=0%2C54%2C1170%2C585&s=9e7e9f73adcf40bdc7cb82a870a1feeb,ok,
https://www.eventbrite.com/e/jacks-tuesday-night-trivia-kitchener-free-tickets-696244384697,1,https://img.evbuc.com/https%3A%2F%2Fcdn.evbuc.com%2Fimages%2F572950529%2F231069090957%2F1%2Foriginal.20230810-190453?w=480&auto=format%2Ccompress&q=75&sharp=10&rect=0%2C0%2C1028%2C514&s=49c65291891c7df38b6fcbd7f7ad6757,ok,
https://www.eventbrite.ca/e/tuesday-night-trivia-at-kelseys-erin-mills-in-mississauga-tickets-1332036760809,1,https://img.evbuc.com/https%3A%2F%2Fcdn.evbuc.com%2Fimages%2F1012676123%2F230740254100%2F1%2Foriginal.20250420-003133?w=480&auto=format%2Ccompress&q=75&sharp=10&rect=0%2C0%2C6750%2C3375&s=391ec522751864f3037b0d0b15640ddd,ok,
https://www.eventbrite.ca/e/work-from-anywhere-revolution-mississaugaoakville-tickets-1980237931961,1,https://img.evbuc.com/https%3A%2F%2Fcdn.evbuc.com%2Fimages%2F1174471277%2F29615004987%2F1%2Foriginal.20260110-025349?w=480&auto=format%2Ccompress&q=75&sharp=10&s=cad91ef4f789ffafaf7ff16eb3057ddf,ok,
https://www.eventbrite.ca/e/families-gallery-at-guelph-civic-museum-february-2026-tickets-1980405150115,1,https://img.evbuc.com/https%3A%2F%2Fcdn.evbuc.com%2Fimages%2F468626409%2F92500992909%2F1%2Foriginal.20200812-153734?w=480&auto=format%2Ccompress&q=75&sharp=10&rect=0%2C142%2C1000%2C500&s=493d5198ad039d3a2fdeb5e8cc5d5e8d,ok,
https://www.eventbrite.com/e/off-campus-housing-brantford-tours-tickets-1106669992739,1,https://img.evbuc.com/https%3A%2F%2Fcdn.evbuc.com%2Fimages%2F912488673%2F2533131714371%2F1%2Foriginal.20241205-203144?w=480&auto=format%2Ccompress&q=75&sharp=10&rect=0%2C0%2C4982%2C2491&s=72fc61b15e74d1da849a3ba5dbe5093f,ok,
https://www.eventbrite.com/e/jacks-tuesday-night-trivia-eastgate-free-tickets-696241917317,1,https://img.evbuc.com/https%3A%2F%2Fcdn.evbuc.com%2Fimages%2F572950529%2F231069090957%2F1%2Foriginal.20230810-190453?w=480&auto=format%2Ccompress&q=75&sharp=10&rect=0%2C0%2C1028%2C514&s=49c65291891c7df38b6fcbd7f7ad6757,ok,
https://www.eventbrite.com/e/jacks-tuesday-night-trivia-burlington-free-tickets-696181396297,1,https://img.evbuc.com/https%3A%2F%2Fcdn.evbuc.com%2Fimages%2F572950529%2F231069090957%2F1%2Foriginal.20230810-190453?w=480&auto=format%2Ccompress&q=75&sharp=10&rect=0%2C0%2C1028%2C514&s=49c65291891c7df38b6fcbd7f7ad6757,ok,
https://www.eventbrite.ca/e/2026-speed-valley-chapter-agm-freshwater-conservation-canada-tickets-1981225618157,1,https://cdn.evbstatic.com/s3-build/perm_001/6ce389/django/images/logos/eb_orange_on_white_1200x630.png,ok,
https://www.eventbrite.com/e/jacks-tuesday-night-trivia-ancaster-free-tickets-795488787377,1,https://cdn.evbstatic.com/s3-build/perm_001/6ce389/django/images/logos/eb_orange_on_white_1200x630.png,ok,
https://www.eventbrite.ca/e/tuesday-night-trivia-at-kelseys-in-cambridge-tickets-1626621882839,0,,failed,HTTP 404
https://www.eventbrite.ca/e/tuesday-night-trivia-at-legends-taphouse-grill-in-paris-tickets-1332033230249,1,https://cdn.evbstatic.com/s3-build/perm_001/6ce389/django/images/logos/eb_orange_on_white_1200x630.png,ok,
https://www.eventbrite.ca/e/free-meditation-at-central-library-tuesdays-6-7pm-tickets-1564522672429,1,https://cdn.evbstatic.com/s3-build/perm_001/6ce389/django/images/logos/eb_orange_on_white_1200x630.png,ok,
https://www.eventbrite.ca/e/tuesday-night-trivia-at-the-dickens-in-burlington-tickets-1332034183099,1,https://img.evbuc.com/https%3A%2F%2Fcdn.evbuc.com%2Fimages%2F1012666453%2F230740254100%2F1%2Foriginal.20250419-234925?w=480&auto=format%2Ccompress&q=75&sharp=10&rect=0%2C0%2C6750%2C3375&s=8fe13cdec5f05f65f533a3790f4b60f8,ok,
https://www.eventbrite.ca/e/tuesday-night-trivia-at-southcote-53-in-ancaster-tickets-1332030191159,1,https://img.evbuc.com/https%3A%2F%2Fcdn.evbuc.com%2Fimages%2F1012659193%2F230740254100%2F1%2Foriginal.20250419-231601?w=480&auto=format%2Ccompress&q=75&sharp=10&rect=0%2C0%2C6750%2C3375&s=eefbb0e96aa3525474616dee6c905d98,ok,
https://www.eventbrite.ca/e/trivia-night-at-belfast-love-tickets-970842836057,1,https://img.evbuc.com/https%3A%2F%2Fcdn.evbuc.com%2Fimages%2F852943029%2F292617557311%2F1%2Foriginal.20240918-010641?crop=focalpoint&fit=crop&w=480&auto=format%2Ccompress&q=75&sharp=10&fp-x=0.005&fp-y=0.005&s=23c0a4e6ef04d3d1ba93246296249c4b,ok,
https://www.eventbrite.ca/e/otapta-open-lab-tickets-1628932513999,1,https://img.evbuc.com/https%3A%2F%2Fcdn.evbuc.com%2Fimages%2F1172631441%2F2044440803393%2F1%2Foriginal.20251209-192629?crop=focalpoint&fit=crop&w=480&auto=format%2Ccompress&q=75&sharp=10&fp-x=0.5&fp-y=0.5&s=d5eb538bc09eaa1a0a7dd34775e1e457,ok,
https://www.eventbrite.ca/e/trivia-night-at-bluebird-bar-tickets-1970811889414,1,https://img.evbuc.com/https%3A%2F%2Fcdn.evbuc.com%2Fimages%2F1171018368%2F188153241268%2F1%2Foriginal.20251115-023132?w=480&auto=format%2Ccompress&q=75&sharp=10&rect=0%2C0%2C836%2C418&s=7c15fa56b8ede8ed9088cc1fa08e2ff0,ok,
https://www.eventbrite.com/e/jacks-tuesday-night-trivia-dixon-road-free-tickets-696234785987,1,https://img.evbuc.com/https%3A%2F%2Fcdn.evbuc.com%2Fimages%2F572950529%2F231069090957%2F1%2Foriginal.20230810-190453?w=480&auto=format%2Ccompress&q=75&sharp=10&rect=0%2C0%2C1028%2C514&s=49c65291891c7df38b6fcbd7f7ad6757,ok,
https://www.eventbrite.com/e/jacks-tuesday-night-trivia-brampton-free-tickets-474754331987,1,https://img.evbuc.com/https%3A%2F%2Fcdn.evbuc.com%2Fimages%2F568063569%2F231069090957%2F1%2Foriginal.20230803-165706?w=480&auto=format%2Ccompress&q=75&sharp=10&rect=0%2C316%2C618%2C309&s=b5dbaef0e97fa0b9130f4e05017641d7,ok,
https://www.eventbrite.com/e/jacks-tuesday-night-trivia-sherway-free-tickets-696160463687,1,https://img.evbuc.com/https%3A%2F%2Fcdn.evbuc.com%2Fimages%2F568246039%2F231069090957%2F1%2Foriginal.20230803-202333?w=480&auto=format%2Ccompress&q=75&sharp=10&rect=1%2C316%2C618%2C309&s=5f3d22824eb28f08458fbdefcac011ad,ok,
https://www.eventbrite.ca/e/tuesday-night-trivia-at-wingporium-in-etobicoke-tickets-1332047181979,1,https://img.evbuc.com/https%3A%2F%2Fcdn.evbuc.com%2Fimages%2F1012679673%2F230740254100%2F1%2Foriginal.20250420-004951?w=480&auto=format%2Ccompress&q=75&sharp=10&rect=0%2C0%2C6750%2C3375&s=98241779fba45ee43540684a74b50591,ok,
https://www.eventbrite.ca/e/acapella-singing-tickets-739720151887,1,https://img.evbuc.com/https%3A%2F%2Fcdn.evbuc.com%2Fimages%2F621831439%2F1844268336393%2F1%2Foriginal.20231016-222712?w=480&auto=format%2Ccompress&q=75&sharp=10&rect=0%2C188%2C3216%2C1608&s=93ed801e4f4f65743428706a94583003,ok,
https://www.eventbrite.com/e/complimentary-pilates-class-for-beginners-tickets-1980571786529,0,,no_images_found,
https://www.eventbrite.ca/e/book-club-in-cooksville-mississauga-tickets-782768921917,1,https://img.evbuc.com/https%3A%2F%2Fcdn.evbuc.com%2Fimages%2F1173944179%2F517642866885%2F1%2Foriginal.20260104-163406?w=480&auto=format%2Ccompress&q=75&sharp=10&rect=0%2C0%2C2160%2C1080&s=e5026828edf078254b2ff0b4d9c0ea7e,ok,
https://www.eventbrite.com/e/jacks-tuesday-night-trivia-square-one-free-tickets-474693128927,1,https://img.evbuc.com/https%3A%2F%2Fcdn.evbuc.com%2Fimages%2F568053949%2F231069090957%2F1%2Foriginal.20230803-164508?w=480&auto=format%2Ccompress&q=75&sharp=10&rect=1%2C365%2C520%2C260&s=65f3d6d103b6c6fe860f34b3b5e01b59,ok,
https://www.eventbrite.ca/e/learn-your-obligations-cra-tax-session-for-corporations-tickets-1979738391823,0,,no_images_found,
https://www.eventbrite.ca/e/free-seniors-fall-prevention-classes-in-cooksville-mississauga-tickets-1979005334228,0,,no_images_found,
https://www.eventbrite.ca/e/host-your-event-at-britespace-offices-tickets-1558218466379,1,https://img.evbuc.com/https%3A%2F%2Fcdn.evbuc.com%2Fimages%2F1088373303%2F517423981337%2F1%2Foriginal.20250805-051631?w=480&auto=format%2Ccompress&q=75&sharp=10&rect=0%2C60%2C1920%2C960&s=5b533f6bcb83e7e8f5a46599e9efc490,ok,
https://www.eventbrite.com/e/master-public-speaking-captivate-any-room-with-confidence-online-event-tickets-747508777877,1,https://img.evbuc.com/https%3A%2F%2Fcdn.evbuc.com%2Fimages%2F694868269%2F1863239672613%2F1%2Foriginal.20240211-221202?w=480&auto=format%2Ccompress&q=75&sharp=10&rect=0%2C60%2C1920%2C960&s=dbe4258d3f276d4ef9cbeea1d7f48da9,ok,
https://www.eventbrite.com/e/the-kw-commuity-improv-jam-tickets-1981086585306,1,https://img.evbuc.com/https%3A%2F%2Fcdn.evbuc.com%2Fimages%2F1175422434%2F1204400184923%2F1%2Foriginal.20260121-073523?crop=focalpoint&fit=crop&w=480&auto=format%2Ccompress&q=75&sharp=10&fp-x=0.5&fp-y=0.5&s=201674f5bcb0ffd36b99a5086b1f12a1,ok,
https://www.eventbrite.com/e/jacks-tuesday-night-trivia-argentia-free-tickets-696237534207,1,https://img.evbuc.com/https%3A%2F%2Fcdn.evbuc.com%2Fimages%2F572950529%2F231069090957%2F1%2Foriginal.20230810-190453?w=480&auto=format%2Ccompress&q=75&sharp=10&rect=0%2C0%2C1028%2C514&s=49c65291891c7df38b6fcbd7f7ad6757,ok,
https://www.eventbrite.ca/e/dental-days-objex-unlimited-tickets-1703112799229,0,,no_images_found,
https://www.eventbrite.ca/e/afterschool-arts-crafting-tickets-1389767785859,1,https://img.evbuc.com/https%3A%2F%2Fcdn.evbuc.com%2Fimages%2F1172915207%2F1982818354763%2F1%2Foriginal.20251213-211629?w=480&auto=format%2Ccompress&q=75&sharp=10&s=5fb82b274c2c5f36ff920424ebb91579,ok,
https://www.eventbrite.com/e/jacks-tuesday-night-trivia-dundas-403-free-tickets-696189610867,1,https://img.evbuc.com/https%3A%2F%2Fcdn.evbuc.com%2Fimages%2F572950529%2F231069090957%2F1%2Foriginal.20230810-190453?w=480&auto=format%2Ccompress&q=75&sharp=10&rect=0%2C0%2C1028%2C514&s=49c65291891c7df38b6fcbd7f7ad6757,ok,
https://www.eventbrite.ca/e/campus-tour-daphne-cockwell-centre-for-health-sciences-limberlost-place-registration-316989573347,1,https://img.evbuc.com/https%3A%2F%2Fcdn.evbuc.com%2Fimages%2F262743689%2F213976994976%2F1%2Foriginal.20220407-180634?w=480&auto=format%2Ccompress&q=75&sharp=10&rect=1%2C174%2C1334%2C667&s=253d731ab6d3a4b366616ae19e8163fa,ok,
https://www.eventbrite.com/e/jacks-tuesday-night-trivia-dundas-square-free-tickets-696201616777,1,https://img.evbuc.com/https%3A%2F%2Fcdn.evbuc.com%2Fimages%2F804612609%2F231069090957%2F1%2Foriginal.20240709-192521?w=480&auto=format%2Ccompress&q=75&sharp=10&rect=0%2C0%2C720%2C360&s=15c1ad4fbb96a6972ff0c613a5726317,ok,
https://www.eventbrite.ca/e/campus-tour-school-of-design-at-daniels-waterfront-campus-registration-395124697607,1,https://img.evbuc.com/https%3A%2F%2Fcdn.evbuc.com%2Fimages%2F328347239%2F213976994976%2F1%2Foriginal.20220407-180634?w=480&auto=format%2Ccompress&q=75&sharp=10&rect=1%2C174%2C1334%2C667&s=f012eec08df1ea1e022cb4249e4711b0,ok,
https://www.eventbrite.ca/e/free-coffee-tickets-914042915967,1,https://img.evbuc.com/https%3A%2F%2Fcdn.evbuc.com%2Fimages%2F777090299%2F567917782951%2F1%2Foriginal.jpg?w=480&auto=format%2Ccompress&q=75&sharp=10&rect=0%2C0%2C2160%2C1080&s=043baa123e1dccb88239b1f4af66380a,ok,
https://www.eventbrite.ca/e/bvbc-baldwin-village-badminton-club-tickets-969988049367,1,https://img.evbuc.com/https%3A%2F%2Fcdn.evbuc.com%2Fimages%2F818380169%2F513714388695%2F1%2Foriginal.20240801-020522?w=480&auto=format%2Ccompress&q=75&sharp=10&rect=0%2C0%2C940%2C470&s=4ba7b5551fbb88fd0368a323716179b4,ok,
https://www.eventbrite.com/e/jacks-tuesday-night-trivia-front-street-free-tickets-696198066157,1,https://img.evbuc.com/https%3A%2F%2Fcdn.evbuc.com%2Fimages%2F572950529%2F231069090957%2F1%2Foriginal.20230810-190453?w=480&auto=format%2Ccompress&q=75&sharp=10&rect=0%2C0%2C1028%2C514&s=49c65291891c7df38b6fcbd7f7ad6757,ok,
https://www.eventbrite.ca/e/join-us-at-the-manulife-toronto-toastmasters-club-tickets-1976679219757,1,https://img.evbuc.com/https%3A%2F%2Fcdn.evbuc.com%2Fimages%2F1172207338%2F91610335647%2F1%2Foriginal.20251203-031049?w=480&auto=format%2Ccompress&q=75&sharp=10&rect=208%2C0%2C3904%2C1952&s=71c3b2a378ad10d94fa7374b327f8a70,ok,
https://www.eventbrite.ca/e/watch-the-winter-olympics-at-ogradys-tickets-1980033535606,0,,no_images_found,
https://www.eventbrite.com/e/estranged-together-winter-series-tickets-1978363090259,1,https://img.evbuc.com/https%3A%2F%2Fcdn.evbuc.com%2Fimages%2F1173180635%2F138255865614%2F1%2Foriginal.20251218-032301?w=480&auto=format%2Ccompress&q=75&sharp=10&rect=99%2C0%2C1116%2C558&s=0facb3754d78ba809aec2146af655ba8,ok,
https://www.eventbrite.ca/e/the-road-less-travelled-black-and-white-photos-by-simeon-posen-tickets-1979552542944,1,https://img.evbuc.com/https%3A%2F%2Fcdn.evbuc.com%2Fimages%2F1173866947%2F231205038978%2F1%2Foriginal.20260102-215725?w=480&auto=format%2Ccompress&q=75&sharp=10&s=54e4ceb844b4ad95c0413908d20f320e,ok,
https://www.eventbrite.ca/e/uncertainty-is-possibility-and-a-matter-of-spirit-in-2026-tickets-1979629011664,1,https://img.evbuc.com/https%3A%2F%2Fcdn.evbuc.com%2Fimages%2F1173914981%2F231205038978%2F1%2Foriginal.20260103-215708?w=480&auto=format%2Ccompress&q=75&sharp=10&rect=0%2C169%2C1280%2C640&s=9d587ee7fa939f5bdcacbaa009e4175b,ok,
https://www.eventbrite.ca/e/pancake-tuesday-tickets-1980031732212,0,,no_images_found,
https://www.eventbrite.ca/e/trivia-tuesdays-at-victory-cafe-you-know-quiz-show-tickets-1979315000448,1,https://img.evbuc.com/https%3A%2F%2Fcdn.evbuc.com%2Fimages%2F1172685882%2F2580269454861%2F1%2Foriginal.20251210-145003?w=480&auto=format%2Ccompress&q=75&sharp=10&rect=0%2C0%2C2160%2C1080&s=551ea1f72bee54bec246280c8238431d,ok,
https://www.eventbrite.ca/e/100-years-of-winnie-the-pooh-celebrating-bears-in-childrens-literature-tickets-1976906503569,1,https://img.evbuc.com/https%3A%2F%2Fcdn.evbuc.com%2Fimages%2F1172321875%2F266772445133%2F1%2Foriginal.20251204-162921?w=480&auto=format%2Ccompress&q=75&sharp=10&rect=7%2C0%2C954%2C477&s=93ef968a922906e3e9f05a77fcefd6af,ok,
https://www.eventbrite.ca/e/black-futures-expo-mentorship-fair-tickets-1981063611591,0,,no_images_found,
https://www.eventbrite.ca/e/with-or-without-you-tuesdays-ultraviolet-toronto-tickets-847125393857,1,https://img.evbuc.com/https%3A%2F%2Fcdn.evbuc.com%2Fimages%2F702078619%2F2000387413273%2F1%2Foriginal.20240221-153011?w=480&auto=format%2Ccompress&q=75&sharp=10&rect=0%2C0%2C2048%2C1024&s=f1f38ad99ba7a70524ddb6d9bb997b77,ok,
https://www.eventbrite.com/e/jacks-tuesday-night-trivia-st-catharines-free-tickets-696247794897,1,https://img.evbuc.com/https%3A%2F%2Fcdn.evbuc.com%2Fimages%2F572950529%2F231069090957%2F1%2Foriginal.20230810-190453?w=480&auto=format%2Ccompress&q=75&sharp=10&rect=0%2C0%2C1028%2C514&s=49c65291891c7df38b6fcbd7f7ad6757,ok,
https://www.eventbrite.com/e/solar-drinks-toronto-tickets-1980595105276,0,,no_images_found,
https://www.eventbrite.ca/e/wednesday-night-trivia-at-the-king-george-in-hamilton-tickets-1332374852049,1,https://img.evbuc.com/https%3A%2F%2Fcdn.evbuc.com%2Fimages%2F1012841713%2F230740254100%2F1%2Foriginal.20250420-173207?w=480&auto=format%2Ccompress&q=75&sharp=10&rect=0%2C0%2C2160%2C1080&s=4ee79ad5f8e4d840851e987a983bf19e,ok,
https://www.eventbrite.ca/e/free-meditation-at-dundas-library-mondays-6-7pm-tickets-1564526493859,1,https://img.evbuc.com/https%3A%2F%2Fcdn.evbuc.com%2Fimages%2F1090037973%2F158174638791%2F1%2Foriginal.20250806-225635?w=480&auto=format%2Ccompress&q=75&sharp=10&rect=0%2C0%2C2160%2C1080&s=2578e199c2300cfd0e46fd6e19216b10,ok,
https://www.eventbrite.ca/e/thursday-night-trivia-at-thirsty-cactus-in-dundas-tickets-1332429054169,1,https://img.evbuc.com/https%3A%2F%2Fcdn.evbuc.com%2Fimages%2F1012854833%2F230740254100%2F1%2Foriginal.20250420-181805?w=480&auto=format%2Ccompress&q=75&sharp=10&rect=0%2C0%2C2160%2C1080&s=0a916360231e32030299d579b2bd87f2,ok,
https://www.eventbrite.ca/e/hammer-volleyball-tickets-1970312469636,1,https://img.evbuc.com/https%3A%2F%2Fcdn.evbuc.com%2Fimages%2F1170963909%2F2983392481328%2F1%2Foriginal.20251114-131502?w=480&auto=format%2Ccompress&q=75&sharp=10&rect=0%2C1104%2C1320%2C660&s=c01ad4cbef2dbb6b330d95ded33b9b03,ok,
https://www.eventbrite.com/e/safe-51-lpm2-days-online-classroom-training-in-hamilton-on-tickets-470106219357,1,https://img.evbuc.com/https%3A%2F%2Fcdn.evbuc.com%2Fimages%2F395447289%2F287307298896%2F1%2Foriginal.20221114-170541?w=480&auto=format%2Ccompress&q=75&sharp=10&rect=0%2C0%2C2160%2C1080&s=4bf29df0f822caa4535c4d56e3669f8d,ok,
https://www.eventbrite.com/e/safe-51-popm-2-days-classroom-training-in-hamilton-on-tickets-481705763907,1,https://img.evbuc.com/https%3A%2F%2Fcdn.evbuc.com%2Fimages%2F404938419%2F302388572969%2F1%2Foriginal.20221118-194713?w=480&auto=format%2Ccompress&q=75&sharp=10&rect=0%2C0%2C800%2C400&s=ab9d93340562a9863216080e153a396a,ok,
https://www.eventbrite.com/e/safe-51-lpm2-days-classroom-training-in-hamilton-on-tickets-468548700777,1,https://img.evbuc.com/https%3A%2F%2Fcdn.evbuc.com%2Fimages%2F393904139%2F287307298896%2F1%2Foriginal.20221114-170541?w=480&auto=format%2Ccompress&q=75&sharp=10&rect=0%2C0%2C2160%2C1080&s=3560d477e9830c7b0ccf2b9efe533a0f,ok,
https://www.eventbrite.com/e/agile-classroom-training-in-hamilton-on-tickets-338917119227,1,https://img.evbuc.com/https%3A%2F%2Fcdn.evbuc.com%2Fimages%2F283453449%2F287307298896%2F1%2Foriginal.20210910-114421?w=480&auto=format%2Ccompress&q=75&sharp=10&rect=0%2C96%2C1024%2C512&s=207f96320141676071b9367aa5cd038a,ok,
https://www.eventbrite.com/e/conflict-management-certification-training-in-hamilton-on-tickets-335275838057,1,https://img.evbuc.com/https%3A%2F%2Fcdn.evbuc.com%2Fimages%2F279908929%2F302388572969%2F1%2Foriginal.20220504-132205?w=480&auto=format%2Ccompress&q=75&sharp=10&rect=0%2C9%2C1022%2C511&s=ec5a289dcc2683e8fa55c750378fb0bc,ok,
https://www.eventbrite.com/e/people-photography-workshop-burlington-tickets-1368061782619,1,https://img.evbuc.com/https%3A%2F%2Fcdn.evbuc.com%2Fimages%2F1026567503%2F2077679396173%2F1%2Foriginal.20250508-185150?crop=focalpoint&fit=crop&w=480&auto=format%2Ccompress&q=75&sharp=10&fp-x=0.5&fp-y=0.5&s=0fd351990da8c5c73bf0e70da8296d0e,ok,
https://www.eventbrite.ca/e/dogfight-tickets-1974952745827,1,https://img.evbuc.com/https%3A%2F%2Fcdn.evbuc.com%2Fimages%2F1171389286%2F1986361635313%2F1%2Foriginal.20251120-030353?w=480&auto=format%2Ccompress&q=75&sharp=10&rect=0%2C105%2C1080%2C540&s=47a223be6b5ddc7e0618528bcda2d1bf,ok,
https://www.eventbrite.ca/e/beginner-freecad-for-3d-printing-creating-your-own-printable-3d-models-fro-tickets-1980841940567,0,,failed,HTTP 404
https://www.eventbrite.ca/e/systems-thinking-for-smarter-problem-solving-1-day-course-in-hamilton-tickets-1972724748828,1,https://img.evbuc.com/https%3A%2F%2Fcdn.evbuc.com%2Fimages%2F1176043707%2F2824010078961%2F1%2Foriginal.20260128-112654?crop=focalpoint&fit=crop&w=480&auto=format%2Ccompress&q=75&sharp=10&fp-x=0.5&fp-y=0.5&s=4023ec56c4a60bd5b83f47a6fc5162cd,ok,
https://www.eventbrite.ca/e/peak-energy-productivity-skills-1-day-workshop-in-hamilton-tickets-1972461704054,1,https://img.evbuc.com/https%3A%2F%2Fcdn.evbuc.com%2Fimages%2F1176043071%2F2824010078961%2F1%2Foriginal.20260128-111522?w=480&auto=format%2Ccompress&q=75&sharp=10&s=8b5efa4e3c4134176ce6c539aa9c9d0e,ok,
https://www.eventbrite.ca/e/mastering-ontario-employment-law-hr-compliance-1-day-course-hamilton-tickets-1963880161429,1,https://img.evbuc.com/https%3A%2F%2Fcdn.evbuc.com%2Fimages%2F1170291119%2F2824010078961%2F1%2Foriginal.20251106-092222?crop=focalpoint&fit=crop&w=480&auto=format%2Ccompress&q=75&sharp=10&fp-x=0.5&fp-y=0.5&s=09c96607a3e993af357ccc41713b7bef,ok,
https://www.eventbrite.ca/e/neighbourhood-moves-hamilton-workshop-series-registration-1716867560089,1,https://img.evbuc.com/https%3A%2F%2Fcdn.evbuc.com%2Fimages%2F1131823933%2F298800673256%2F1%2Foriginal.20250922-200131?w=480&auto=format%2Ccompress&q=75&sharp=10&rect=0%2C0%2C5184%2C2592&s=1667fe397084fd23e654b5dbfded07b7,ok,
https://www.eventbrite.com/e/haptic-horizon-arts-symposium-tickets-1980654607248,1,https://img.evbuc.com/https%3A%2F%2Fcdn.evbuc.com%2Fimages%2F1174975774%2F2988854056598%2F1%2Foriginal.20260115-175911?w=480&auto=format%2Ccompress&q=75&sharp=10&rect=0%2C0%2C2160%2C1080&s=09581bf62a35709671721c06b658214b,ok,
https://www.eventbrite.ca/e/wednesday-night-trivia-at-kelseys-red-hill-in-stoney-creek-hamilton-tickets-1967161791874,1,https://img.evbuc.com/https%3A%2F%2Fcdn.evbuc.com%2Fimages%2F1170536558%2F230740254100%2F1%2Foriginal.20251109-195610?w=480&auto=format%2Ccompress&q=75&sharp=10&rect=0%2C0%2C2160%2C1080&s=119acbe6daad9d0a82a56fb01a4c8476,ok,
https://www.eventbrite.com/e/karaoke-nights-tickets-1120333099459,1,https://img.evbuc.com/https%3A%2F%2Fcdn.evbuc.com%2Fimages%2F921320893%2F2554695753351%2F1%2Foriginal.20241221-032733?w=480&auto=format%2Ccompress&q=75&sharp=10&rect=0%2C30%2C1880%2C940&s=3332edea08bae0eed13dbed625ec154b,ok,
https://www.eventbrite.ca/e/thursday-trivia-on-tap-at-clifford-brewing-company-monthly-tickets-1144056346329,1,https://img.evbuc.com/https%3A%2F%2Fcdn.evbuc.com%2Fimages%2F1091709293%2F204110462347%2F1%2Foriginal.20250808-224121?w=480&auto=format%2Ccompress&q=75&sharp=10&rect=0%2C0%2C2160%2C1080&s=6a710744bbbf9ba9a94ee5c38a1a4b04,ok,
https://www.eventbrite.ca/e/henrys-limeridge-travel-photography-workshop-tickets-1981598266759,1,https://img.evbuc.com/https%3A%2F%2Fcdn.evbuc.com%2Fimages%2F680049489%2F112847764247%2F1%2Foriginal.20240122-184645?w=480&auto=format%2Ccompress&q=75&sharp=10&rect=1%2C256%2C2120%2C1060&s=19cb50d3cf9f35e246177479eb81d6ae,ok,
https://www.eventbrite.ca/e/monday-night-trivia-at-the-pheasant-plucker-in-hamilton-tickets-1305646837839,1,https://img.evbuc.com/https%3A%2F%2Fcdn.evbuc.com%2Fimages%2F995876573%2F230740254100%2F1%2Foriginal.20250329-230051?w=480&auto=format%2Ccompress&q=75&sharp=10&rect=0%2C0%2C6750%2C3375&s=3d92ce00441f32687eefeb78ceb2e7ad,ok,
https://www.eventbrite.ca/e/2025-anne-neil-mcarthur-research-award-presentation-tickets-1979989827875,1,https://img.evbuc.com/https%3A%2F%2Fcdn.evbuc.com%2Fimages%2F1174629709%2F123680528481%2F1%2Foriginal.20260112-155719?w=480&auto=format%2Ccompress&q=75&sharp=10&rect=0%2C0%2C2160%2C1080&s=efdd544abc52863e403ea035e7aa8761,ok,
https://www.eventbrite.ca/e/french-conversation-group-partagez-le-francais-hamilton-registration-549808982467,1,https://img.evbuc.com/https%3A%2F%2Fcdn.evbuc.com%2Fimages%2F447358519%2F36805402892%2F1%2Foriginal.20200630-011549?w=480&auto=format%2Ccompress&q=75&sharp=10&rect=39%2C0%2C726%2C363&s=6b5dd0ded74453f547869ea01a2b6f00,ok,
https://www.eventbrite.com/e/hamilton-womens-networking-authentically-connecting-for-women-in-business-tickets-1130070383939,1,https://img.evbuc.com/https%3A%2F%2Fcdn.evbuc.com%2Fimages%2F471992719%2F561728319885%2F1%2Foriginal.jpg?w=480&auto=format%2Ccompress&q=75&sharp=10&rect=0%2C0%2C2160%2C1080&s=a3720e417e323776fe6b5503e56a0397,ok,
https://www.eventbrite.com/e/business-case-writing-certification-training-in-hamilton-on-tickets-331708678587,1,https://img.evbuc.com/https%3A%2F%2Fcdn.evbuc.com%2Fimages%2F276694139%2F302388572969%2F1%2Foriginal.20220426-201350?w=480&auto=format%2Ccompress&q=75&sharp=10&rect=0%2C50%2C600%2C300&s=1cff9db214029f301007cbcc12256d89,ok,
https://www.eventbrite.com/e/agile-certification-training-in-hamilton-on-tickets-327776647777,1,https://img.evbuc.com/https%3A%2F%2Fcdn.evbuc.com%2Fimages%2F273080939%2F302388572969%2F1%2Foriginal.20220420-134652?w=480&auto=format%2Ccompress&q=75&sharp=10&rect=104%2C0%2C730%2C365&s=69e9d07555c867211462e8be22c4d587,ok,
https://www.eventbrite.com/e/safe-51-lpm-2-days-classroom-training-in-hamilton-on-tickets-471369477797,1,https://img.evbuc.com/https%3A%2F%2Fcdn.evbuc.com%2Fimages%2F396218229%2F302388572969%2F1%2Foriginal.20221117-200204?w=480&auto=format%2Ccompress&q=75&sharp=10&rect=0%2C0%2C2160%2C1080&s=9ae45497f4e0fe00f155633a57d0fc4a,ok,
https://www.eventbrite.com/e/wednesday-wings-099-per-wing-all-day-tickets-1120327302119,1,https://img.evbuc.com/https%3A%2F%2Fcdn.evbuc.com%2Fimages%2F921315303%2F2554695753351%2F1%2Foriginal.20241221-030018?w=480&auto=format%2Ccompress&q=75&sharp=10&rect=0%2C666%2C1280%2C640&s=41d5809a0b468b4ce279c63f3a2f178b,ok,
https://www.eventbrite.ca/e/free-meditation-at-the-putman-family-ywca-saturdays-9-10am-tickets-1564521067629,1,https://img.evbuc.com/https%3A%2F%2Fcdn.evbuc.com%2Fimages%2F1090028773%2F158174638791%2F1%2Foriginal.20250806-224155?w=480&auto=format%2Ccompress&q=75&sharp=10&rect=0%2C0%2C2160%2C1080&s=127e70fcc97aa09c20a55162d1c7ece2,ok,
https://www.eventbrite.ca/e/rock-nroll-bingo-all-about-love-the-mule-hamilton-tickets-1979606808253,0,,no_images_found,
https://www.eventbrite.com/e/sell-your-camera-gear-free-event-no-ticket-needed-at-bell-arte-camera-tickets-1979898067417,1,https://img.evbuc.com/https%3A%2F%2Fcdn.evbuc.com%2Fimages%2F1174134490%2F215380777144%2F1%2Foriginal.20260106-193724?w=480&auto=format%2Ccompress&q=75&sharp=10&s=4b6425704d5403dadbf7a9ecb8c38b44,ok,
https://www.eventbrite.ca/e/ai-machine-learning-using-python-1-day-session-in-burlington-tickets-1979509696790,1,https://img.evbuc.com/https%3A%2F%2Fcdn.evbuc.com%2Fimages%2F1171396639%2F2824010078961%2F1%2Foriginal.20251120-063130?crop=focalpoint&fit=crop&w=480&auto=format%2Ccompress&q=75&sharp=10&fp-x=0.493&fp-y=0.071&s=9b35bce704d8011e6ef23e592d5406d3,ok,
https://www.eventbrite.ca/e/getting-started-with-cad-tools-1-day-workshop-in-burlington-tickets-1979844580436,1,https://img.evbuc.com/https%3A%2F%2Fcdn.evbuc.com%2Fimages%2F1171396639%2F2824010078961%2F1%2Foriginal.20251120-063130?crop=focalpoint&fit=crop&w=480&auto=format%2Ccompress&q=75&sharp=10&fp-x=0.493&fp-y=0.071&s=9b35bce704d8011e6ef23e592d5406d3,ok,
https://www.eventbrite.ca/e/express-your-intentions-a-sigil-intention-workshop-tickets-1980277562497,0,,no_images_found,
https://www.eventbrite.ca/e/rhyme-rhythm-reason-tickets-1981070021764,0,,no_images_found,
https://www.eventbrite.ca/e/smart-multitasking-time-control-1-day-session-in-burlington-tickets-1979851633532,1,https://img.evbuc.com/https%3A%2F%2Fcdn.evbuc.com%2Fimages%2F1171396639%2F2824010078961%2F1%2Foriginal.20251120-063130?crop=focalpoint&fit=crop&w=480&auto=format%2Ccompress&q=75&sharp=10&fp-x=0.493&fp-y=0.071&s=9b35bce704d8011e6ef23e592d5406d3,ok,
https://www.eventbrite.ca/e/building-emotional-intelligence-skills-1-day-workshop-in-burlington-tickets-1979855303509,1,https://img.evbuc.com/https%3A%2F%2Fcdn.evbuc.com%2Fimages%2F1171396639%2F2824010078961%2F1%2Foriginal.20251120-063130?crop=focalpoint&fit=crop&w=480&auto=format%2Ccompress&q=75&sharp=10&fp-x=0.493&fp-y=0.071&s=9b35bce704d8011e6ef23e592d5406d3,ok,
https://www.eventbrite.ca/e/dynamics-365-foundation-skills-1-day-workshop-in-burlington-on-tickets-1975395512153,1,https://img.evbuc.com/https%3A%2F%2Fcdn.evbuc.com%2Fimages%2F1176440989%2F2824010078961%2F1%2Foriginal.20260202-120020?crop=focalpoint&fit=crop&w=480&auto=format%2Ccompress&q=75&sharp=10&fp-x=0.5&fp-y=0.5&s=e904765f84af48db061eb980d1a757d2,ok,
https://www.eventbrite.ca/e/mini-quiche-tartlet-workshop-tickets-1458542091659,1,https://img.evbuc.com/https%3A%2F%2Fcdn.evbuc.com%2Fimages%2F1065345523%2F34771446166%2F1%2Foriginal.20250702-180945?w=480&auto=format%2Ccompress&q=75&sharp=10&rect=0%2C259%2C1000%2C500&s=33584a3fafab906e57233c77f69036db,ok,
https://www.eventbrite.ca/e/introduction-to-front-end-development-1-day-workshop-in-burlington-tickets-1979373612759,1,https://img.evbuc.com/https%3A%2F%2Fcdn.evbuc.com%2Fimages%2F1171396639%2F2824010078961%2F1%2Foriginal.20251120-063130?crop=focalpoint&fit=crop&w=480&auto=format%2Ccompress&q=75&sharp=10&fp-x=0.493&fp-y=0.071&s=9b35bce704d8011e6ef23e592d5406d3,ok,
https://www.eventbrite.ca/e/oakville-leadtribes-in-person-tickets-1979430867008,1,https://img.evbuc.com/https%3A%2F%2Fcdn.evbuc.com%2Fimages%2F1173785442%2F313346741934%2F1%2Foriginal.20260101-022251?w=480&auto=format%2Ccompress&q=75&sharp=10&rect=0%2C300%2C2398%2C1199&s=ec68e0caff25352be833014cb688f418,ok,
https://www.eventbrite.ca/e/oakville-leadtribes-in-person-after-5-tickets-1979435238082,1,https://img.evbuc.com/https%3A%2F%2Fcdn.evbuc.com%2Fimages%2F1173785697%2F313346741934%2F1%2Foriginal.20260101-023150?w=480&auto=format%2Ccompress&q=75&sharp=10&rect=1%2C340%2C2398%2C1199&s=0aa81ea011280c7ced29bc4021303589,ok,
https://www.eventbrite.ca/e/little-italy-family-friendly-pasta-class-tickets-1469475473699,1,https://img.evbuc.com/https%3A%2F%2Fcdn.evbuc.com%2Fimages%2F1067935053%2F34771446166%2F1%2Foriginal.20250707-122204?w=480&auto=format%2Ccompress&q=75&sharp=10&rect=0%2C259%2C1000%2C500&s=626d834f8889c761139c01b318316022,ok,
https://www.eventbrite.com/e/little-brushes-big-creations-tickets-1975643341417,1,https://img.evbuc.com/https%3A%2F%2Fcdn.evbuc.com%2Fimages%2F1171762078%2F2984627338239%2F1%2Foriginal.20251125-193103?w=480&auto=format%2Ccompress&q=75&sharp=10&rect=0%2C408%2C1200%2C600&s=8399b2da5f37ab55e49bbe67af482c54,ok,
https://www.eventbrite.ca/e/3-day-art-intensive-tickets-1671639923009,1,https://img.evbuc.com/https%3A%2F%2Fcdn.evbuc.com%2Fimages%2F1058646083%2F462833138796%2F1%2Foriginal.20250623-145618?w=480&auto=format%2Ccompress&q=75&sharp=10&rect=300%2C0%2C2100%2C1050&s=0b0ac882d6927d8b7bce47391ea3a9af,ok,
https://www.eventbrite.ca/e/swiss-truffle-making-class-tickets-1039059694517,1,https://img.evbuc.com/https%3A%2F%2Fcdn.evbuc.com%2Fimages%2F866935849%2F34771446166%2F1%2Foriginal.20241004-180134?w=480&auto=format%2Ccompress&q=75&sharp=10&s=1a8dac15cf84098d5affc1e4a18246f6,ok,
https://www.eventbrite.ca/e/strategic-finance-risk-mitigation-1-day-session-in-burlington-tickets-1978876450734,1,https://img.evbuc.com/https%3A%2F%2Fcdn.evbuc.com%2Fimages%2F1171396639%2F2824010078961%2F1%2Foriginal.20251120-063130?crop=focalpoint&fit=crop&w=480&auto=format%2Ccompress&q=75&sharp=10&fp-x=0.493&fp-y=0.071&s=9b35bce704d8011e6ef23e592d5406d3,ok,
https://www.eventbrite.ca/e/competitive-intelligence-essentials-1-day-workshop-in-burlington-tickets-1979037852491,1,https://img.evbuc.com/https%3A%2F%2Fcdn.evbuc.com%2Fimages%2F1171396639%2F2824010078961%2F1%2Foriginal.20251120-063130?crop=focalpoint&fit=crop&w=480&auto=format%2Ccompress&q=75&sharp=10&fp-x=0.493&fp-y=0.071&s=9b35bce704d8011e6ef23e592d5406d3,ok,
https://www.eventbrite.ca/e/google-tag-manager-fundamentals-1-day-session-in-burlington-tickets-1979042132292,1,https://img.evbuc.com/https%3A%2F%2Fcdn.evbuc.com%2Fimages%2F1171396639%2F2824010078961%2F1%2Foriginal.20251120-063130?crop=focalpoint&fit=crop&w=480&auto=format%2Ccompress&q=75&sharp=10&fp-x=0.493&fp-y=0.071&s=9b35bce704d8011e6ef23e592d5406d3,ok,
https://www.eventbrite.ca/e/getting-started-with-vertex-ai-1-day-training-in-burlington-tickets-1979211530968,1,https://img.evbuc.com/https%3A%2F%2Fcdn.evbuc.com%2Fimages%2F1171396639%2F2824010078961%2F1%2Foriginal.20251120-063130?crop=focalpoint&fit=crop&w=480&auto=format%2Ccompress&q=75&sharp=10&fp-x=0.493&fp-y=0.071&s=9b35bce704d8011e6ef23e592d5406d3,ok,
https://www.eventbrite.ca/e/galaxy-hamilton-psychic-crystal-fair-tickets-1975076511012,0,,no_images_found,
https://www.eventbrite.com/e/epic-zombie-survival-scavenger-hunt-in-burlington-by-zombie-scavengers-tickets-1607920456369,0,,no_images_found,
https://www.eventbrite.ca/e/painting-class-workshop-art-drawing-painting-in-hamilton-ontario-tickets-877542111077,1,https://img.evbuc.com/https%3A%2F%2Fcdn.evbuc.com%2Fimages%2F993585043%2F524461906351%2F1%2Foriginal.20250326-202046?w=480&auto=format%2Ccompress&q=75&sharp=10&rect=0%2C20%2C1366%2C683&s=71b23a351c00a7bcfe58e33f5d76124b,ok,
https://www.eventbrite.ca/e/airport-operations-service-coordination-1-day-course-in-burlington-tickets-1981089581267,1,https://img.evbuc.com/https%3A%2F%2Fcdn.evbuc.com%2Fimages%2F1171396639%2F2824010078961%2F1%2Foriginal.20251120-063130?crop=focalpoint&fit=crop&w=480&auto=format%2Ccompress&q=75&sharp=10&fp-x=0.493&fp-y=0.071&s=9b35bce704d8011e6ef23e592d5406d3,ok,
https://www.eventbrite.ca/e/excel-for-advanced-statistical-modelling-1-day-session-in-burlington-tickets-1981296308594,1,https://img.evbuc.com/https%3A%2F%2Fcdn.evbuc.com%2Fimages%2F1171396639%2F2824010078961%2F1%2Foriginal.20251120-063130?crop=focalpoint&fit=crop&w=480&auto=format%2Ccompress&q=75&sharp=10&fp-x=0.493&fp-y=0.071&s=9b35bce704d8011e6ef23e592d5406d3,ok,
https://www.eventbrite.ca/e/soundbath-meditation-messages-tickets-1980157625763,1,https://img.evbuc.com/https%3A%2F%2Fcdn.evbuc.com%2Fimages%2F1174382989%2F173404924696%2F1%2Foriginal.20260109-040445?w=480&auto=format%2Ccompress&q=75&sharp=10&rect=0%2C120%2C1920%2C960&s=720e45e406944e8e68c8df45be981a6c,ok,
https://www.eventbrite.ca/e/belgian-chocolate-making-workshop-tickets-1978893646166,1,https://img.evbuc.com/https%3A%2F%2Fcdn.evbuc.com%2Fimages%2F1173452932%2F34771446166%2F1%2Foriginal.20251223-145149?w=480&auto=format%2Ccompress&q=75&sharp=10&rect=0%2C129%2C1000%2C500&s=643322be9599d04b8ac1958cd027f6a6,ok,
https://www.eventbrite.ca/e/strategic-stakeholder-management-1-day-session-in-burlington-tickets-1981287690818,1,https://img.evbuc.com/https%3A%2F%2Fcdn.evbuc.com%2Fimages%2F1171396639%2F2824010078961%2F1%2Foriginal.20251120-063130?crop=focalpoint&fit=crop&w=480&auto=format%2Ccompress&q=75&sharp=10&fp-x=0.493&fp-y=0.071&s=9b35bce704d8011e6ef23e592d5406d3,ok,
https://www.eventbrite.ca/e/entrepreneurship-start-up-basics-1-day-course-in-guelph-tickets-1968032108013,1,https://img.evbuc.com/https%3A%2F%2Fcdn.evbuc.com%2Fimages%2F1170512479%2F2824010078961%2F1%2Foriginal.20251109-072504?crop=focalpoint&fit=crop&w=480&auto=format%2Ccompress&q=75&sharp=10&fp-x=0.505&fp-y=0.03&s=10ce700db50d7e3e8a5652dc2cf954ee,ok,
https://www.eventbrite.ca/e/last-minute-deal-get-curvy-on-pottery-wheel-for-couples-tickets-848582321567,1,https://img.evbuc.com/https%3A%2F%2Fcdn.evbuc.com%2Fimages%2F549611659%2F82905912235%2F1%2Foriginal.20230706-133327?w=480&auto=format%2Ccompress&q=75&sharp=10&rect=0%2C61%2C722%2C361&s=b8520907534ea8ba88e42804babe7adb,ok,
https://www.eventbrite.ca/e/kids-art-party-pottery-wheel-clay-painting-hattoteshirtcanvas-tickets-1979644565185,1,https://img.evbuc.com/https%3A%2F%2Fcdn.evbuc.com%2Fimages%2F1173928286%2F82905912235%2F1%2Foriginal.20260104-041225?w=480&auto=format%2Ccompress&q=75&sharp=10&rect=0%2C83%2C1000%2C500&s=05f11cb46553753f561557db59456154,ok,
https://www.eventbrite.ca/e/simply-networking-burlington-tickets-1408066116659,0,,no_images_found,
https://www.eventbrite.com/e/hands-on-beginner-photography-workshop-mississauga-on-tickets-1355402678899,1,https://img.evbuc.com/https%3A%2F%2Fcdn.evbuc.com%2Fimages%2F1023724043%2F2077679396173%2F1%2Foriginal.20250505-200104?crop=focalpoint&fit=crop&w=480&auto=format%2Ccompress&q=75&sharp=10&fp-x=0.5&fp-y=0.5&s=67000d9542723ee98db0d270bc30c86e,ok,
https://www.eventbrite.ca/e/communication-styles-for-workplace-adaptability-1-day-course-burlington-tickets-1856274590269,1,https://img.evbuc.com/https%3A%2F%2Fcdn.evbuc.com%2Fimages%2F1154814923%2F2824010078961%2F1%2Foriginal.20251016-102346?crop=focalpoint&fit=crop&w=480&auto=format%2Ccompress&q=75&sharp=10&fp-x=0.5&fp-y=0.5&s=2bce3ba82b3c644d0ac752faa0ca6b75,ok,
https://www.eventbrite.ca/e/digital-virtual-communication-mastery-1-day-course-in-burlington-tickets-1861415657339,1,https://img.evbuc.com/https%3A%2F%2Fcdn.evbuc.com%2Fimages%2F1154814923%2F2824010078961%2F1%2Foriginal.20251016-102346?crop=focalpoint&fit=crop&w=480&auto=format%2Ccompress&q=75&sharp=10&fp-x=0.5&fp-y=0.5&s=2bce3ba82b3c644d0ac752faa0ca6b75,ok,
https://www.eventbrite.ca/e/empower-psychological-safety-self-confidence-1-day-course-hamilton-tickets-1972904714109,1,https://img.evbuc.com/https%3A%2F%2Fcdn.evbuc.com%2Fimages%2F1176044344%2F2824010078961%2F1%2Foriginal.20260128-113716?crop=focalpoint&fit=crop&w=480&auto=format%2Ccompress&q=75&sharp=10&fp-x=0.5&fp-y=0.5&s=ace7b0d2fa5184fbe6231f29783478da,ok,
https://www.eventbrite.ca/e/aws-for-it-operations-professionals-1-day-session-in-burlington-tickets-1979702388135,1,https://img.evbuc.com/https%3A%2F%2Fcdn.evbuc.com%2Fimages%2F1171396639%2F2824010078961%2F1%2Foriginal.20251120-063130?crop=focalpoint&fit=crop&w=480&auto=format%2Ccompress&q=75&sharp=10&fp-x=0.493&fp-y=0.071&s=9b35bce704d8011e6ef23e592d5406d3,ok,
https://www.eventbrite.ca/e/virtual-hybrid-presentation-mastery-1-day-training-in-burlington-tickets-1813585245289,1,https://img.evbuc.com/https%3A%2F%2Fcdn.evbuc.com%2Fimages%2F1148719653%2F2824010078961%2F1%2Foriginal.20251009-072957?crop=focalpoint&fit=crop&w=480&auto=format%2Ccompress&q=75&sharp=10&fp-x=0.479&fp-y=0.165&s=24a8c3e24c4b009764174115b85dcad9,ok,
https://www.eventbrite.ca/e/chocolate-tasting-wine-pairing-hamilton-location-tickets-599315959167,1,https://img.evbuc.com/https%3A%2F%2Fcdn.evbuc.com%2Fimages%2F477866059%2F34771446166%2F1%2Foriginal.20230326-112206?w=480&auto=format%2Ccompress&q=75&sharp=10&rect=0%2C9%2C650%2C325&s=24edffbef8cf667e99e1695e53c6aeda,ok,
https://www.eventbrite.ca/e/last-minute-deal-mindful-mugs-on-pottery-wheel-tickets-849370468937,1,https://img.evbuc.com/https%3A%2F%2Fcdn.evbuc.com%2Fimages%2F607178229%2F82905912235%2F1%2Foriginal.20230927-001335?w=480&auto=format%2Ccompress&q=75&sharp=10&rect=0%2C60%2C724%2C362&s=650fd306ee2923ba7aa1481645c82cf6,ok,
https://www.eventbrite.ca/e/last-minute-super-deal-pottery-wheel-throwing-bronte-oakville-tickets-571923256857,1,https://img.evbuc.com/https%3A%2F%2Fcdn.evbuc.com%2Fimages%2F460761589%2F82905912235%2F1%2Foriginal.20221015-013800?w=480&auto=format%2Ccompress&q=75&sharp=10&rect=0%2C91%2C1080%2C540&s=b67062d12b4cfdba596e5656c1737461,ok,
https://www.eventbrite.ca/e/ember-to-flame-with-heather-vaughan-clinic-tickets-1968763173650,0,,no_images_found,
https://www.eventbrite.ca/e/event-planning-fundamentals-1-day-beginner-course-in-toronto-tickets-1976827272587,1,https://img.evbuc.com/https%3A%2F%2Fcdn.evbuc.com%2Fimages%2F1171396639%2F2824010078961%2F1%2Foriginal.20251120-063130?crop=focalpoint&fit=crop&w=480&auto=format%2Ccompress&q=75&sharp=10&fp-x=0.493&fp-y=0.071&s=9b35bce704d8011e6ef23e592d5406d3,ok,
https://www.eventbrite.ca/e/professional-networking-mba-business-professionals-tickets-1979413999557,1,https://img.evbuc.com/https%3A%2F%2Fcdn.evbuc.com%2Fimages%2F1076703143%2F521824531057%2F1%2Foriginal.20250718-204947?w=480&auto=format%2Ccompress&q=75&sharp=10&rect=51%2C0%2C862%2C431&s=c18fe01cf10a3601ef78dc9dd9d076ca,ok,
https://www.eventbrite.ca/e/build-calm-and-focus-at-weekly-meditation-sessions-in-carrot-common-tickets-1980024063274,1,https://img.evbuc.com/https%3A%2F%2Fcdn.evbuc.com%2Fimages%2F1149267233%2F20999428178%2F1%2Foriginal.20251009-180953?crop=focalpoint&fit=crop&w=480&auto=format%2Ccompress&q=75&sharp=10&fp-x=0.873&fp-y=0.541&s=67c34199bbff1470ed3bd1860b9ef61e,ok,
https://www.eventbrite.ca/e/strength-training-class-with-maria-gluskin-tickets-1976686551687,0,,no_images_found,
https://www.eventbrite.ca/e/insideout-hyrox-group-class-8-hyrox-inspired-workout-stations-tickets-1980401429988,1,https://img.evbuc.com/https%3A%2F%2Fcdn.evbuc.com%2Fimages%2F1174648478%2F279195365081%2F1%2Foriginal.20260112-183643?w=480&auto=format%2Ccompress&q=75&sharp=10&rect=526%2C0%2C1894%2C947&s=29723d5a01df7bb8964545b9df3b36c1,ok,
https://www.eventbrite.ca/e/jhsc-refresher-instructor-led-training-course-online-distancein-person-tickets-1353748751959,0,,no_images_found,
https://www.eventbrite.ca/e/jhsc-part-1-instructor-led-training-course-online-distance-in-person-tickets-1353773907199,1,https://img.evbuc.com/https%3A%2F%2Fcdn.evbuc.com%2Fimages%2F705473809%2F560308149799%2F1%2Foriginal.20240226-163258?w=480&auto=format%2Ccompress&q=75&sharp=10&s=eaf368ab387856daa77eca1198fa2b78,ok,
https://www.eventbrite.com/e/toronto-tirade-scavenger-hunt-tickets-819177139877,1,https://img.evbuc.com/https%3A%2F%2Fcdn.evbuc.com%2Fimages%2F687984979%2F1652628412003%2F1%2Foriginal.20240201-203552?w=480&auto=format%2Ccompress&q=75&sharp=10&rect=0%2C50%2C1598%2C799&s=8fcb04e39718260da3f141e01b353590,ok,
https://www.eventbrite.com/e/beginner-sewing-machine-lesson-loft-104-tickets-75228866565,1,https://img.evbuc.com/https%3A%2F%2Fcdn.evbuc.com%2Fimages%2F1173942553%2F1859117358%2F1%2Foriginal.20260104-155554?w=480&auto=format%2Ccompress&q=75&sharp=10&rect=195%2C0%2C630%2C315&s=7ad197e38d248c30a43d8e573ffe2c61,ok,
https://www.eventbrite.ca/e/wordpress-for-beginners-hands-on-1-day-course-in-toronto-tickets-1974650298198,1,https://img.evbuc.com/https%3A%2F%2Fcdn.evbuc.com%2Fimages%2F1176247337%2F2824010078961%2F1%2Foriginal.20260130-114141?w=480&auto=format%2Ccompress&q=75&sharp=10&s=3e32cb8708e58f33facb831d01ec2bd8,ok,
https://www.eventbrite.ca/e/influencer-marketing-101-hands-on-1-day-session-in-toronto-tickets-1974273729872,1,https://img.evbuc.com/https%3A%2F%2Fcdn.evbuc.com%2Fimages%2F1176245457%2F2824010078961%2F1%2Foriginal.20260130-110847?crop=focalpoint&fit=crop&w=480&auto=format%2Ccompress&q=75&sharp=10&fp-x=0.5&fp-y=0.5&s=c86951468b51e31df89cd307bf151e27,ok,
https://www.eventbrite.ca/e/osha-compliance-essentials-1-day-course-in-toronto-tickets-1974950783959,1,https://img.evbuc.com/https%3A%2F%2Fcdn.evbuc.com%2Fimages%2F1176248170%2F2824010078961%2F1%2Foriginal.20260130-115441?w=480&auto=format%2Ccompress&q=75&sharp=10&s=37a8d348a7dd79f10f21e64d309cd486,ok,
https://www.eventbrite.ca/e/master-cisco-basics-1-day-networking-workshop-in-toronto-tickets-1975074698591,1,https://img.evbuc.com/https%3A%2F%2Fcdn.evbuc.com%2Fimages%2F1176439186%2F2824010078961%2F1%2Foriginal.20260202-113036?crop=focalpoint&fit=crop&w=480&auto=format%2Ccompress&q=75&sharp=10&fp-x=0.5&fp-y=0.5&s=2e39d873760bd76b40f1a3e2e91a1a76,ok,
https://www.eventbrite.ca/e/the-white-lotus-trivia-tickets-1980749327559,0,,failed,HTTP 404
https://www.eventbrite.ca/e/spellcrafting-club-tickets-1979270395032,0,,no_images_found,
https://www.eventbrite.ca/e/family-day-drag-brunch-tickets-1979911519653,0,,no_images_found,
https://www.eventbrite.ca/e/rest-and-restorative-breathwork-class-with-ian-vaughan-clinic-tickets-1872082030749,1,https://img.evbuc.com/https%3A%2F%2Fcdn.evbuc.com%2Fimages%2F1173422291%2F2554208496261%2F1%2Foriginal.20251222-220648?crop=focalpoint&fit=crop&w=480&auto=format%2Ccompress&q=75&sharp=10&fp-x=0.035&fp-y=0.487&s=52578781a0a8d38c6c6ff4ff6b745369,ok,
https://www.eventbrite.ca/e/gentle-morning-rise-flow-with-ian-vaughan-clinic-tickets-1872042171529,1,https://img.evbuc.com/https%3A%2F%2Fcdn.evbuc.com%2Fimages%2F1173422136%2F2554208496261%2F1%2Foriginal.20251222-220408?crop=focalpoint&fit=crop&w=480&auto=format%2Ccompress&q=75&sharp=10&fp-x=0.012&fp-y=0.52&s=85d6f8e13c462090292d17f14f35e1e0,ok,
https://www.eventbrite.ca/e/breathe-into-being-with-ian-vaughan-clinic-tickets-1871995261219,1,https://img.evbuc.com/https%3A%2F%2Fcdn.evbuc.com%2Fimages%2F1173422188%2F2554208496261%2F1%2Foriginal.20251222-220452?crop=focalpoint&fit=crop&w=480&auto=format%2Ccompress&q=75&sharp=10&fp-x=0.01&fp-y=0.51&s=9de731feb233e6591a9ff65157ccbeb5,ok,
https://www.eventbrite.ca/e/free-strength-training-in-cooksville-tickets-782723786917,1,https://img.evbuc.com/https%3A%2F%2Fcdn.evbuc.com%2Fimages%2F1173944231%2F517642866885%2F1%2Foriginal.20260104-163514?w=480&auto=format%2Ccompress&q=75&sharp=10&s=e29a8778b8168a4fb10ec2605ad0cf18,ok,
https://www.eventbrite.ca/e/black-then-muted-melodies-tickets-1383798862649,1,https://img.evbuc.com/https%3A%2F%2Fcdn.evbuc.com%2Fimages%2F1039915593%2F1875666485623%2F1%2Foriginal.20250527-181036?crop=focalpoint&fit=crop&w=480&auto=format%2Ccompress&q=75&sharp=10&fp-x=0.498106060606&fp-y=0.337696335079&s=34a4e12fd5a641e74c6d81e9684537bb,ok,
https://www.eventbrite.ca/e/ampd-program-tour-digital-media-tickets-264502352657,1,https://img.evbuc.com/https%3A%2F%2Fcdn.evbuc.com%2Fimages%2F1039105993%2F141231860770%2F1%2Foriginal.20250526-175852?w=480&auto=format%2Ccompress&q=75&sharp=10&rect=0%2C0%2C1830%2C915&s=79cae5ba5ed4e89bcfaf3742aa301ea3,ok,
https://www.eventbrite.ca/e/games-with-lilly-tickets-1055650652519,1,https://img.evbuc.com/https%3A%2F%2Fcdn.evbuc.com%2Fimages%2F880963253%2F256894560593%2F1%2Foriginal.20241022-200433?w=480&auto=format%2Ccompress&q=75&sharp=10&rect=0%2C0%2C2160%2C1080&s=8e0b715f242c00fe58a5cb9a823480d9,ok,
https://www.eventbrite.ca/e/trivia-mondays-at-film-cafe-tickets-410175033567,1,https://img.evbuc.com/https%3A%2F%2Fcdn.evbuc.com%2Fimages%2F344298829%2F391918207957%2F1%2Foriginal.20220829-234525?w=480&auto=format%2Ccompress&q=75&sharp=10&rect=1%2C1107%2C1428%2C714&s=3add8091a6609e70042886280601adc8,ok,
https://www.eventbrite.ca/e/p2p-trivia-trivia-games-tickets-1981271817340,1,https://img.evbuc.com/https%3A%2F%2Fcdn.evbuc.com%2Fimages%2F1175519954%2F2989511058643%2F1%2Foriginal.20260122-034044?w=480&auto=format%2Ccompress&q=75&sharp=10&rect=0%2C242%2C4032%2C2016&s=c324b7d8bef43d61e01a2ff83fc9cb56,ok,
https://www.eventbrite.com/e/the-docks-winter-golf-league-tickets-1965631671242,1,https://img.evbuc.com/https%3A%2F%2Fcdn.evbuc.com%2Fimages%2F1170450236%2F665091647583%2F1%2Foriginal.20251107-220708?w=480&auto=format%2Ccompress&q=75&sharp=10&rect=0%2C0%2C2160%2C1080&s=78799359d81200d0bf61b24d61b75516,ok,
https://www.eventbrite.ca/e/toronto-shamanic-drumming-ceremony-tickets-1979678115535,1,https://img.evbuc.com/https%3A%2F%2Fcdn.evbuc.com%2Fimages%2F1174042188%2F28170292297%2F1%2Foriginal.20260105-205810?w=480&auto=format%2Ccompress&q=75&sharp=10&rect=0%2C0%2C2160%2C1080&s=25eba4fa89b4c247cfb64801f806b52e,ok,
https://www.eventbrite.ca/e/walking-the-red-road-tickets-1661306645899,1,https://img.evbuc.com/https%3A%2F%2Fcdn.evbuc.com%2Fimages%2F1113418463%2F215234526506%2F1%2Foriginal.20250903-192904?w=480&auto=format%2Ccompress&q=75&sharp=10&rect=0%2C0%2C2160%2C1080&s=6e8af7d7aa6cae5feafde9a814174111,ok,
https://www.eventbrite.ca/e/line-dance-the-west-way-dance-club-beginner-tickets-1078245494299,1,https://img.evbuc.com/https%3A%2F%2Fcdn.evbuc.com%2Fimages%2F895545433%2F2257077725063%2F1%2Foriginal.20241109-202016?w=480&auto=format%2Ccompress&q=75&sharp=10&rect=236%2C196%2C962%2C481&s=029633bcd38488d00b4ab4472eaf3fbd,ok,
https://www.eventbrite.ca/e/employment-information-session-dixon-hall-mondays-tickets-753228335227,1,https://cdn.evbstatic.com/s3-build/perm_001/6ce389/django/images/logos/eb_orange_on_white_1200x630.png,ok,
https://www.eventbrite.com/e/free-mini-putt-mondays-tickets-1853425318019,1,https://img.evbuc.com/https%3A%2F%2Fcdn.evbuc.com%2Fimages%2F1158814593%2F1561814050443%2F1%2Foriginal.20251021-173016?crop=focalpoint&fit=crop&w=480&auto=format%2Ccompress&q=75&sharp=10&fp-x=0.5&fp-y=0.714&s=88ea40ad88b91fd25eb299ef74a4bea5,ok,
https://www.eventbrite.com/e/free-chess-board-game-mondays-tickets-1853510823769,1,https://img.evbuc.com/https%3A%2F%2Fcdn.evbuc.com%2Fimages%2F1158832643%2F1561814050443%2F1%2Foriginal.20251021-174514?crop=focalpoint&fit=crop&w=480&auto=format%2Ccompress&q=75&sharp=10&fp-x=0.5&fp-y=0.5&s=d7d01eb97ba7adaff34d209ac941c8a6,ok,
https://www.eventbrite.ca/e/morning-social-walk-in-high-park-tickets-1980645694590,1,https://img.evbuc.com/https%3A%2F%2Fcdn.evbuc.com%2Fimages%2F1174965978%2F2733102630321%2F1%2Foriginal.20260115-163844?crop=focalpoint&fit=crop&w=480&auto=format%2Ccompress&q=75&sharp=10&fp-x=0.5&fp-y=0.5&s=a495409db2ff9abfcd804c5e344c116e,ok,
https://www.eventbrite.ca/e/hangar-skate-family-day-skating-feb-16-tickets-1964514010288,0,,no_images_found,
https://www.eventbrite.com/e/intergenerational-chess-club-tickets-1980590628887,1,https://cdn.evbstatic.com/s3-build/perm_001/6ce389/django/images/logos/eb_orange_on_white_1200x630.png,ok,
https://www.eventbrite.ca/e/msth-open-lab-tickets-1632817343629,1,https://img.evbuc.com/https%3A%2F%2Fcdn.evbuc.com%2Fimages%2F1172632142%2F2044440803393%2F1%2Foriginal.20251209-193519?crop=focalpoint&fit=crop&w=480&auto=format%2Ccompress&q=75&sharp=10&fp-x=0.5&fp-y=0.5&s=9c9d81c8233572cfa2df0f9d74e4b94a,ok,
https://www.eventbrite.ca/e/vin-to-yin-flow-with-ian-vaughan-clinic-tickets-1871875583259,1,https://img.evbuc.com/https%3A%2F%2Fcdn.evbuc.com%2Fimages%2F1173422232%2F2554208496261%2F1%2Foriginal.20251222-220537?crop=focalpoint&fit=crop&w=480&auto=format%2Ccompress&q=75&sharp=10&fp-x=0.041&fp-y=0.513&s=b5cce92e59f2b048b39987988748f0eb,ok,
https://www.eventbrite.ca/e/daf-workshop-discover-the-rhythms-of-persian-percussion-tickets-1329968273909,1,https://img.evbuc.com/https%3A%2F%2Fcdn.evbuc.com%2Fimages%2F1016844673%2F1564519627833%2F1%2Foriginal.20250425-170521?crop=focalpoint&fit=crop&w=480&auto=format%2Ccompress&q=75&sharp=10&fp-x=0.503787878788&fp-y=0.558352402746&s=8440b3805df014a7beff962dc0458b56,ok,
https://www.eventbrite.ca/e/marble-slab-creamery-empress-walk-insider-tour-registration-1447357698839,1,https://img.evbuc.com/https%3A%2F%2Fcdn.evbuc.com%2Fimages%2F1063583193%2F2821182966741%2F1%2Foriginal.jpg?w=480&auto=format%2Ccompress&q=75&sharp=10&rect=0%2C0%2C2160%2C1080&s=7c820215506539213936868fb98c5559,ok,
https://www.eventbrite.ca/e/mondays-keys-toronto-stand-up-comedy-club-comedy-show-legendary-comics-tickets-1045210722407,1,https://img.evbuc.com/https%3A%2F%2Fcdn.evbuc.com%2Fimages%2F872764569%2F146759338148%2F1%2Foriginal.20241011-215953?w=480&auto=format%2Ccompress&q=75&sharp=10&rect=0%2C0%2C940%2C470&s=bf1fc070cb45e061d95ab0485703d06b,ok,
https://www.eventbrite.ca/e/insideout-dance-studio-cardio-dance-class-tickets-547869521487,1,https://img.evbuc.com/https%3A%2F%2Fcdn.evbuc.com%2Fimages%2F1175458532%2F279195365081%2F1%2Foriginal.20260121-163355?w=480&auto=format%2Ccompress&q=75&sharp=10&rect=267%2C139%2C1918%2C959&s=a22fe58a8c07f17195351499170164ab,ok,
https://www.eventbrite.ca/e/longevity-test-discover-your-real-age-tickets-1975883073462,1,https://img.evbuc.com/https%3A%2F%2Fcdn.evbuc.com%2Fimages%2F1171849279%2F2309089124013%2F1%2Foriginal.20251127-012052?crop=focalpoint&fit=crop&w=480&auto=format%2Ccompress&q=75&sharp=10&fp-x=0.438&fp-y=0.452&s=43efcbe8c7c26365a07e903e58b633e3,ok,
https://www.eventbrite.ca/e/forklift-scissor-lift-powered-elevated-work-platform-training-from-145-tickets-1353681671319,0,,no_images_found,
https://www.eventbrite.ca/e/cpo-approved-working-at-height-training-8-hrs-training-early-bird-140-tickets-1353641541289,1,https://img.evbuc.com/https%3A%2F%2Fcdn.evbuc.com%2Fimages%2F1072954223%2F560308149799%2F1%2Foriginal.20250714-130335?w=480&auto=format%2Ccompress&q=75&sharp=10&rect=0%2C32%2C790%2C395&s=110be6f606749559fe16d47f40eadf24,ok,
https://www.eventbrite.ca/e/valentines-perfect-noodle-bowls-on-pottery-wheel-for-couples-baydundas-tickets-1149550068199,1,https://img.evbuc.com/https%3A%2F%2Fcdn.evbuc.com%2Fimages%2F742881929%2F82905912235%2F1%2Foriginal.20240413-185627?w=480&auto=format%2Ccompress&q=75&sharp=10&rect=0%2C134%2C736%2C368&s=beba07f1225ea5a0decb689670c18f9e,ok,
https://www.eventbrite.ca/e/valentines-get-curvy-on-pottery-wheel-for-couples-baydundas-toronto-tickets-1149550379129,1,https://img.evbuc.com/https%3A%2F%2Fcdn.evbuc.com%2Fimages%2F549611659%2F82905912235%2F1%2Foriginal.20230706-133327?w=480&auto=format%2Ccompress&q=75&sharp=10&rect=0%2C61%2C722%2C361&s=b8520907534ea8ba88e42804babe7adb,ok,
https://www.eventbrite.ca/e/valentines-make-fruit-bowls-for-couples-baydundas-toronto-tickets-1149538694179,1,https://img.evbuc.com/https%3A%2F%2Fcdn.evbuc.com%2Fimages%2F741711119%2F82905912235%2F1%2Foriginal.20240411-224621?w=480&auto=format%2Ccompress&q=75&sharp=10&rect=0%2C121%2C482%2C241&s=af5950a5984623a2301d2872abca828b,ok,
https://www.eventbrite.ca/e/valentines-make-a-mug-on-a-pottery-wheel-for-couples-baydundas-toronto-tickets-1149550890659,1,https://img.evbuc.com/https%3A%2F%2Fcdn.evbuc.com%2Fimages%2F549591919%2F82905912235%2F1%2Foriginal.20230706-131341?w=480&auto=format%2Ccompress&q=75&sharp=10&rect=0%2C60%2C724%2C362&s=b28fabe6a4c5a1d085cb86abf03310b0,ok,
https://www.eventbrite.ca/e/valentines-mindful-mugs-on-pottery-wheel-for-couples-baydundas-tickets-1149550840509,0,,no_images_found,
https://www.eventbrite.ca/e/valentines-make-noodle-bowls-for-couples-baydundas-toronto-tickets-1149542635969,1,https://img.evbuc.com/https%3A%2F%2Fcdn.evbuc.com%2Fimages%2F742903059%2F82905912235%2F1%2Foriginal.20240413-195407?w=480&auto=format%2Ccompress&q=75&sharp=10&rect=0%2C123%2C736%2C368&s=6e620fee3720e4dbd40444b89e0e02ad,ok,
https://www.eventbrite.ca/e/mat-reformer-pilates-tickets-1236481913689,1,https://img.evbuc.com/https%3A%2F%2Fcdn.evbuc.com%2Fimages%2F953652453%2F297869607098%2F1%2Foriginal.png?w=480&auto=format%2Ccompress&q=75&sharp=10&rect=0%2C0%2C940%2C470&s=67f3572fc37156b41dab6d5f1fcec81d,ok,
https://www.eventbrite.ca/e/leadtribes-mississauga-in-person-tickets-627335215517,1,https://img.evbuc.com/https%3A%2F%2Fcdn.evbuc.com%2Fimages%2F555255099%2F1023888587323%2F1%2Foriginal.jpg?w=480&auto=format%2Ccompress&q=75&sharp=10&rect=0%2C0%2C2160%2C1080&s=bef3a6a94b022e84d9825ae2c16855f4,ok,
https://www.eventbrite.ca/e/last-minute-deal-make-a-mug-on-a-pottery-wheel-for-couples-tickets-848586153027,1,https://img.evbuc.com/https%3A%2F%2Fcdn.evbuc.com%2Fimages%2F549591919%2F82905912235%2F1%2Foriginal.20230706-131341?w=480&auto=format%2Ccompress&q=75&sharp=10&rect=0%2C60%2C724%2C362&s=b28fabe6a4c5a1d085cb86abf03310b0,ok,
https://www.eventbrite.ca/e/paint-a-tote-in-oakville-tickets-1076553162489,1,https://img.evbuc.com/https%3A%2F%2Fcdn.evbuc.com%2Fimages%2F893910213%2F82905912235%2F1%2Foriginal.20241107-134713?crop=focalpoint&fit=crop&w=480&auto=format%2Ccompress&q=75&sharp=10&fp-x=0.5&fp-y=0.5&s=4356e7481afa6372b8972643c11bbd93,ok,
https://www.eventbrite.com/e/30-up-foundation-dance-classes-february-2026-quickstep-rumba-tickets-1981161544511,1,https://img.evbuc.com/https%3A%2F%2Fcdn.evbuc.com%2Fimages%2F1166010483%2F2745366329471%2F1%2Foriginal.20251030-004039?crop=focalpoint&fit=crop&w=480&auto=format%2Ccompress&q=75&sharp=10&fp-x=0.5&fp-y=0.5&s=49d98d1ba27434414dd3a832fd195bac,ok,
https://www.eventbrite.com/e/city-love-scavenger-hunt-date-night-for-couples-lakeshore-area-tickets-917951777477,1,https://img.evbuc.com/https%3A%2F%2Fcdn.evbuc.com%2Fimages%2F769940309%2F1395832153743%2F1%2Foriginal.20240517-020249?w=480&auto=format%2Ccompress&q=75&sharp=10&rect=0%2C0%2C940%2C470&s=c8a16b8f954982276bea25200a56e985,ok,
https://www.eventbrite.ca/e/learn-python-from-scratch-1-day-session-in-brampton-tickets-1979497669817,1,https://img.evbuc.com/https%3A%2F%2Fcdn.evbuc.com%2Fimages%2F1171396639%2F2824010078961%2F1%2Foriginal.20251120-063130?crop=focalpoint&fit=crop&w=480&auto=format%2Ccompress&q=75&sharp=10&fp-x=0.493&fp-y=0.071&s=9b35bce704d8011e6ef23e592d5406d3,ok,
https://www.eventbrite.ca/e/womens-circle-10-week-winter-series-tickets-1968697038839,1,https://img.evbuc.com/https%3A%2F%2Fcdn.evbuc.com%2Fimages%2F1170790695%2F473023228581%2F1%2Foriginal.20251112-154611?crop=focalpoint&fit=crop&w=480&auto=format%2Ccompress&q=75&sharp=10&fp-x=0.5&fp-y=0.5&s=455675288801e8899d9f9511b7919cff,ok,
https://www.eventbrite.ca/e/paint-and-puff-portraits-registration-1085184669559,1,https://img.evbuc.com/https%3A%2F%2Fcdn.evbuc.com%2Fimages%2F895077943%2F299204402717%2F1%2Foriginal.20241108-195352?w=480&auto=format%2Ccompress&q=75&sharp=10&rect=0%2C39%2C1920%2C960&s=48cb347fe8a9c7976cf56d2dadfafdce,ok,
https://www.eventbrite.com/e/thursday-mobility-in-motion-tickets-1981018279000,1,https://img.evbuc.com/https%3A%2F%2Fcdn.evbuc.com%2Fimages%2F1175358400%2F2256802733503%2F1%2Foriginal.20260120-173918?crop=focalpoint&fit=crop&w=480&auto=format%2Ccompress&q=75&sharp=10&fp-x=0.508&fp-y=0.092&s=66becaca7c7bf1efe596c906c15fb373,ok,
https://www.eventbrite.ca/e/10pm-thursday-hilarious-stand-up-comedy-vibes-hilarious-unexpected-tickets-769805277307,1,https://img.evbuc.com/https%3A%2F%2Fcdn.evbuc.com%2Fimages%2F570658479%2F698565807873%2F1%2Foriginal.20230808-021857?w=480&auto=format%2Ccompress&q=75&sharp=10&rect=0%2C0%2C2160%2C1080&s=c9f91820c1790b808cb46ececcf91376,ok,
https://www.eventbrite.ca/e/8pm-thursday-pro-hilarious-stand-up-comedy-vibes-the-laughter-fix-tickets-430277871697,1,https://img.evbuc.com/https%3A%2F%2Fcdn.evbuc.com%2Fimages%2F570658479%2F698565807873%2F1%2Foriginal.20230808-021857?w=480&auto=format%2Ccompress&q=75&sharp=10&rect=0%2C0%2C2160%2C1080&s=c9f91820c1790b808cb46ececcf91376,ok,
https://www.eventbrite.ca/e/thursday-keys-stand-up-comedy-club-legendary-open-mic-toronto-comedy-show-tickets-1979462687183,1,https://img.evbuc.com/https%3A%2F%2Fcdn.evbuc.com%2Fimages%2F1173801617%2F146759338148%2F1%2Foriginal.20260101-184827?w=480&auto=format%2Ccompress&q=75&sharp=10&rect=0%2C32%2C1320%2C660&s=feb7580b0c7c93a4f103427bdfbfdc05,ok,
https://www.eventbrite.ca/e/theydies-night-mics-comedy-show-tickets-390714917837,1,https://img.evbuc.com/https%3A%2F%2Fcdn.evbuc.com%2Fimages%2F1024214493%2F718311084013%2F1%2Foriginal.20250506-111343?crop=focalpoint&fit=crop&w=480&auto=format%2Ccompress&q=75&sharp=10&fp-x=0.542372881356&fp-y=0.0350318471338&s=7dde9faff3d4177757d2c91a85d53ba8,ok,
https://www.eventbrite.ca/e/desi-stand-up-comedy-open-mic-multilingual-tickets-1213025765719,1,https://img.evbuc.com/https%3A%2F%2Fcdn.evbuc.com%2Fimages%2F939829183%2F157173594189%2F1%2Foriginal.20250120-091818?w=480&auto=format%2Ccompress&q=75&sharp=10&s=9bb40b5076a9deaf98a03fca75e3fcd8,ok,
https://www.eventbrite.ca/e/strategic-channel-management-in-action-1-day-session-in-toronto-tickets-1980363788401,1,https://img.evbuc.com/https%3A%2F%2Fcdn.evbuc.com%2Fimages%2F1171396639%2F2824010078961%2F1%2Foriginal.20251120-063130?crop=focalpoint&fit=crop&w=480&auto=format%2Ccompress&q=75&sharp=10&fp-x=0.493&fp-y=0.071&s=9b35bce704d8011e6ef23e592d5406d3,ok,
https://www.eventbrite.ca/e/client-counselling-for-lawyers-1-day-training-in-toronto-tickets-1975078282310,1,https://img.evbuc.com/https%3A%2F%2Fcdn.evbuc.com%2Fimages%2F1173108847%2F2824010078961%2F1%2Foriginal.20251217-040108?crop=focalpoint&fit=crop&w=480&auto=format%2Ccompress&q=75&sharp=10&fp-x=0.5&fp-y=0.5&s=bd7f063d8de7a99ceebb7719abe85ae8,ok,
https://www.eventbrite.ca/e/entrepreneurship-start-up-basics-1-day-course-in-toronto-tickets-1968032127070,1,https://img.evbuc.com/https%3A%2F%2Fcdn.evbuc.com%2Fimages%2F1170512479%2F2824010078961%2F1%2Foriginal.20251109-072504?crop=focalpoint&fit=crop&w=480&auto=format%2Ccompress&q=75&sharp=10&fp-x=0.505&fp-y=0.03&s=10ce700db50d7e3e8a5652dc2cf954ee,ok,
https://www.eventbrite.com/e/toronto-west-womens-networking-authentic-connection-women-in-business-tickets-1414164908309,1,https://img.evbuc.com/https%3A%2F%2Fcdn.evbuc.com%2Fimages%2F590893059%2F21145374702%2F1%2Foriginal.20230905-214940?w=480&auto=format%2Ccompress&q=75&sharp=10&rect=0%2C0%2C1200%2C600&s=e1260e83b58301e088cb3eded92fcdbc,ok,
https://www.eventbrite.com/e/pmp-exam-prep-4-day-certification-training-toronto-registration-1981318649416,0,,no_images_found,
https://www.eventbrite.ca/e/wychwood-library-thursday-evening-meditation-teaching-tickets-1980022361183,1,https://img.evbuc.com/https%3A%2F%2Fcdn.evbuc.com%2Fimages%2F1174238363%2F20999428178%2F1%2Foriginal.20260107-193530?w=480&auto=format%2Ccompress&q=75&sharp=10&rect=0%2C3%2C530%2C265&s=accc68aa90b38efca198d17955d2145a,ok,
https://www.eventbrite.com/e/downtown-toronto-networking-authentic-connection-for-women-in-business-tickets-1320553574289,1,https://img.evbuc.com/https%3A%2F%2Fcdn.evbuc.com%2Fimages%2F1006305023%2F21145374702%2F1%2Foriginal.20250410-220314?crop=focalpoint&fit=crop&w=480&auto=format%2Ccompress&q=75&sharp=10&fp-x=0.5&fp-y=0.5&s=99f10aec7095602aa07e496835ff62e0,ok,
https://www.eventbrite.ca/e/osha-compliance-safety-basics-1-day-session-in-burlington-tickets-1979838757018,1,https://img.evbuc.com/https%3A%2F%2Fcdn.evbuc.com%2Fimages%2F1171396639%2F2824010078961%2F1%2Foriginal.20251120-063130?crop=focalpoint&fit=crop&w=480&auto=format%2Ccompress&q=75&sharp=10&fp-x=0.493&fp-y=0.071&s=9b35bce704d8011e6ef23e592d5406d3,ok,
https://www.eventbrite.ca/e/cloud-concepts-services-overview-1-day-training-in-burlington-tickets-1979286685758,1,https://img.evbuc.com/https%3A%2F%2Fcdn.evbuc.com%2Fimages%2F1171396639%2F2824010078961%2F1%2Foriginal.20251120-063130?crop=focalpoint&fit=crop&w=480&auto=format%2Ccompress&q=75&sharp=10&fp-x=0.493&fp-y=0.071&s=9b35bce704d8011e6ef23e592d5406d3,ok,
https://www.eventbrite.com/e/city-love-scavenger-hunt-date-night-for-couples-hamilton-area-tickets-908054243687,0,,no_images_found,
https://www.eventbrite.ca/e/pretzel-bite-workshop-hamilton-tickets-1215697165949,1,https://img.evbuc.com/https%3A%2F%2Fcdn.evbuc.com%2Fimages%2F940437123%2F34771446166%2F1%2Foriginal.20250120-230808?w=480&auto=format%2Ccompress&q=75&sharp=10&rect=0%2C50%2C1000%2C500&s=ebc82604c5ecf844bd917831c4169b5f,ok,
https://www.eventbrite.ca/e/paint-with-oil-paint-in-studioongoing-practice-sessions-in-hamilton-tickets-1129210782849,1,https://img.evbuc.com/https%3A%2F%2Fcdn.evbuc.com%2Fimages%2F993597773%2F524461906351%2F1%2Foriginal.20250326-203229?w=480&auto=format%2Ccompress&q=75&sharp=10&rect=0%2C18%2C1366%2C683&s=c44d17cb4b9b0eec5cd8fd4a41784f92,ok,
https://www.eventbrite.ca/e/intensive-motivational-interviewing-skills-1-day-training-in-burlington-tickets-1981405142118,1,https://img.evbuc.com/https%3A%2F%2Fcdn.evbuc.com%2Fimages%2F1171396639%2F2824010078961%2F1%2Foriginal.20251120-063130?crop=focalpoint&fit=crop&w=480&auto=format%2Ccompress&q=75&sharp=10&fp-x=0.493&fp-y=0.071&s=9b35bce704d8011e6ef23e592d5406d3,ok,
https://www.eventbrite.ca/e/north-american-pie-making-class-tickets-1514256083709,1,https://img.evbuc.com/https%3A%2F%2Fcdn.evbuc.com%2Fimages%2F1079288913%2F34771446166%2F1%2Foriginal.20250723-010318?w=480&auto=format%2Ccompress&q=75&sharp=10&rect=0%2C259%2C1000%2C500&s=1f9aaae158428d83e7c3d17b5a983396,ok,
https://www.eventbrite.ca/e/speaking-skills-for-hospitality-1-day-training-in-burlington-tickets-1931861161739,1,https://img.evbuc.com/https%3A%2F%2Fcdn.evbuc.com%2Fimages%2F1167164093%2F2824010078961%2F1%2Foriginal.20251031-103235?crop=focalpoint&fit=crop&w=480&auto=format%2Ccompress&q=75&sharp=10&fp-x=0.5&fp-y=0.5&s=edf9f3f58409d6c03a8cf5b3f52608fb,ok,
https://www.eventbrite.com/e/tet-2026-lunar-new-years-market-family-day-valentines-day-tickets-1977202438719,0,,no_images_found,
https://www.eventbrite.ca/e/wordpress-fundamentals-for-beginners-1-day-session-in-burlington-tickets-1979373726098,1,https://img.evbuc.com/https%3A%2F%2Fcdn.evbuc.com%2Fimages%2F1171396639%2F2824010078961%2F1%2Foriginal.20251120-063130?crop=focalpoint&fit=crop&w=480&auto=format%2Ccompress&q=75&sharp=10&fp-x=0.493&fp-y=0.071&s=9b35bce704d8011e6ef23e592d5406d3,ok,
https://www.eventbrite.ca/e/python-skills-for-data-analysts-1-day-session-in-burlington-tickets-1979695775356,1,https://img.evbuc.com/https%3A%2F%2Fcdn.evbuc.com%2Fimages%2F1171396639%2F2824010078961%2F1%2Foriginal.20251120-063130?crop=focalpoint&fit=crop&w=480&auto=format%2Ccompress&q=75&sharp=10&fp-x=0.493&fp-y=0.071&s=9b35bce704d8011e6ef23e592d5406d3,ok,
https://www.eventbrite.ca/e/public-speaking-for-career-shifters-1-day-session-in-burlington-tickets-1929677219509,1,https://img.evbuc.com/https%3A%2F%2Fcdn.evbuc.com%2Fimages%2F1167075133%2F2824010078961%2F1%2Foriginal.20251031-061448?crop=focalpoint&fit=crop&w=480&auto=format%2Ccompress&q=75&sharp=10&fp-x=0.5&fp-y=0.5&s=3c7f2e2d2b2379ca9f0c5861e95a8dee,ok,
https://www.eventbrite.ca/e/introduction-to-cisco-networking-1-day-session-in-burlington-tickets-1979968822046,1,https://img.evbuc.com/https%3A%2F%2Fcdn.evbuc.com%2Fimages%2F1171396639%2F2824010078961%2F1%2Foriginal.20251120-063130?crop=focalpoint&fit=crop&w=480&auto=format%2Ccompress&q=75&sharp=10&fp-x=0.493&fp-y=0.071&s=9b35bce704d8011e6ef23e592d5406d3,ok,
https://www.eventbrite.ca/e/motivational-interviewing-for-hr-leaders-1-day-course-in-hamilton-on-tickets-1963813037660,1,https://img.evbuc.com/https%3A%2F%2Fcdn.evbuc.com%2Fimages%2F1170288388%2F2824010078961%2F1%2Foriginal.20251106-081915?w=480&auto=format%2Ccompress&q=75&sharp=10&s=0344d5c6d0d4c1e50a21b46503cca165,ok,
https://www.eventbrite.ca/e/grant-writing-for-non-profits-1-day-training-in-burlington-tickets-1964900960667,1,https://img.evbuc.com/https%3A%2F%2Fcdn.evbuc.com%2Fimages%2F1170396968%2F2824010078961%2F1%2Foriginal.20251107-114430?crop=focalpoint&fit=crop&w=480&auto=format%2Ccompress&q=75&sharp=10&fp-x=0.5&fp-y=0.5&s=d89a227c2795c58430024d681ff41caa,ok,
https://www.eventbrite.ca/e/ai-driven-process-optimization-1-day-workshop-in-hamilton-tickets-1973089265106,1,https://img.evbuc.com/https%3A%2F%2Fcdn.evbuc.com%2Fimages%2F1176246709%2F2824010078961%2F1%2Foriginal.20260130-113141?crop=focalpoint&fit=crop&w=480&auto=format%2Ccompress&q=75&sharp=10&fp-x=0.5&fp-y=0.5&s=df4622d79738c7c7187f2106b04ff35b,ok,
https://www.eventbrite.ca/e/social-emotional-development-1-day-session-in-burlington-on-tickets-1951720621919,1,https://img.evbuc.com/https%3A%2F%2Fcdn.evbuc.com%2Fimages%2F1168821653%2F2824010078961%2F1%2Foriginal.20251103-085320?crop=focalpoint&fit=crop&w=480&auto=format%2Ccompress&q=75&sharp=10&fp-x=0.5&fp-y=0.5&s=dfd97469e53bc25dda6217644e6ae838,ok,
https://www.eventbrite.ca/e/public-speaking-mastery-1-day-workshop-in-burlington-tickets-1895318040279,1,https://img.evbuc.com/https%3A%2F%2Fcdn.evbuc.com%2Fimages%2F1161477053%2F2824010078961%2F1%2Foriginal.20251024-100037?w=480&auto=format%2Ccompress&q=75&sharp=10&s=de7cebf3dec78d917f29cb722ba76c4c,ok,
https://www.eventbrite.ca/e/youth-public-speaking-1-day-training-in-burlington-tickets-1920351656499,1,https://img.evbuc.com/https%3A%2F%2Fcdn.evbuc.com%2Fimages%2F1166166063%2F2824010078961%2F1%2Foriginal.20251030-070909?w=480&auto=format%2Ccompress&q=75&sharp=10&s=771778e07b59966c6ffbb5e7b8411c49,ok,
https://www.eventbrite.ca/e/impromptu-and-on-the-spot-speaking-1-day-training-in-burlington-tickets-1904726862319,1,https://img.evbuc.com/https%3A%2F%2Fcdn.evbuc.com%2Fimages%2F1164230423%2F2824010078961%2F1%2Foriginal.20251028-100451?crop=focalpoint&fit=crop&w=480&auto=format%2Ccompress&q=75&sharp=10&fp-x=0.5&fp-y=0.5&s=cb2d04eead519cc998ef1fa6d1ef15cd,ok,
https://www.eventbrite.ca/e/sales-speaking-essentials-1-day-course-in-burlington-tickets-1911431806989,1,https://cdn.evbstatic.com/s3-build/perm_001/6ce389/django/images/logos/eb_orange_on_white_1200x630.png,ok,
https://www.eventbrite.ca/e/audience-engagement-toolkit-1-day-training-in-burlington-tickets-1919386569899,1,https://cdn.evbstatic.com/s3-build/perm_001/6ce389/django/images/logos/eb_orange_on_white_1200x630.png,ok,
https://www.eventbrite.ca/e/intermediate-public-speaking-1-day-workshop-in-burlington-tickets-1869964075889,1,https://img.evbuc.com/https%3A%2F%2Fcdn.evbuc.com%2Fimages%2F1163550873%2F2824010078961%2F1%2Foriginal.20251027-163427?crop=focalpoint&fit=crop&w=480&auto=format%2Ccompress&q=75&sharp=10&fp-x=0.5&fp-y=0.5&s=4afbdc059c2af627849d8ed0324c97d2,ok,
https://www.eventbrite.ca/e/organizational-savvy-political-intelligence-1-day-course-in-hamilton-tickets-1970186735562,1,https://cdn.evbstatic.com/s3-build/perm_001/6ce389/django/images/logos/eb_orange_on_white_1200x630.png,ok,
https://www.eventbrite.ca/e/valentines-day-make-a-mug-on-pottery-wheel-for-couples-oakville-lakeshore-tickets-835454726577,0,,no_images_found,
https://www.eventbrite.ca/e/valentines-day-get-curvy-pottery-wheel-for-couples-oakville-lakeshore-tickets-835454676427,0,,no_images_found,
https://www.eventbrite.ca/e/valentines-day-pottery-wheel-throwing-for-couples-in-oakville-lakeshore-tickets-91100320511,0,,no_images_found,
https://www.eventbrite.ca/e/paint-a-tote-for-couples-in-oakville-tickets-1979429051578,0,,no_images_found,
https://www.eventbrite.ca/e/new-make-a-dimple-cup-on-pottery-wheel-at-oakville-lakeshorebronte-tickets-1979728911467,0,,no_images_found,
https://www.eventbrite.ca/e/peak-energy-productivity-skills-1-day-workshop-in-burlington-tickets-1981689736347,1,https://img.evbuc.com/https%3A%2F%2Fcdn.evbuc.com%2Fimages%2F1171396639%2F2824010078961%2F1%2Foriginal.20251120-063130?crop=focalpoint&fit=crop&w=480&auto=format%2Ccompress&q=75&sharp=10&fp-x=0.493&fp-y=0.071&s=9b35bce704d8011e6ef23e592d5406d3,ok,
https://www.eventbrite.ca/e/essential-management-edge-for-leaders-1-day-workshop-in-burlington-tickets-1981685958046,1,https://img.evbuc.com/https%3A%2F%2Fcdn.evbuc.com%2Fimages%2F1171396639%2F2824010078961%2F1%2Foriginal.20251120-063130?crop=focalpoint&fit=crop&w=480&auto=format%2Ccompress&q=75&sharp=10&fp-x=0.493&fp-y=0.071&s=9b35bce704d8011e6ef23e592d5406d3,ok,
https://www.eventbrite.ca/e/valentines-day-make-cookie-jar-on-pottery-wheel-for-couples-lakeshore-tickets-835447825937,0,,no_images_found,
https://www.eventbrite.ca/e/challa-babka-class-tickets-1458597728069,1,https://img.evbuc.com/https%3A%2F%2Fcdn.evbuc.com%2Fimages%2F1065373103%2F34771446166%2F1%2Foriginal.20250702-183813?w=480&auto=format%2Ccompress&q=75&sharp=10&rect=0%2C223%2C1000%2C500&s=11ca0c014b7bc3e6d5cff35a5eec8227,ok,
https://www.eventbrite.ca/e/motivational-interviewing-for-healthcare-1-day-course-in-hamilton-on-tickets-1963684466099,1,https://img.evbuc.com/https%3A%2F%2Fcdn.evbuc.com%2Fimages%2F1170280241%2F2824010078961%2F1%2Foriginal.20251106-041623?crop=focalpoint&fit=crop&w=480&auto=format%2Ccompress&q=75&sharp=10&fp-x=0.5&fp-y=0.5&s=c6bc49aadd12dfc413de25a70450aa2b,ok,
https://www.eventbrite.ca/e/brand-storytelling-essentials-1-day-session-in-burlington-tickets-1978878824835,1,https://img.evbuc.com/https%3A%2F%2Fcdn.evbuc.com%2Fimages%2F1171396639%2F2824010078961%2F1%2Foriginal.20251120-063130?crop=focalpoint&fit=crop&w=480&auto=format%2Ccompress&q=75&sharp=10&fp-x=0.493&fp-y=0.071&s=9b35bce704d8011e6ef23e592d5406d3,ok,
https://www.eventbrite.ca/e/pa-day-nature-camp-st-cuthberts-church-tickets-1978417322469,1,https://img.evbuc.com/https%3A%2F%2Fcdn.evbuc.com%2Fimages%2F1173207975%2F549712256133%2F1%2Foriginal.20251218-154931?crop=focalpoint&fit=crop&w=480&auto=format%2Ccompress&q=75&sharp=10&fp-x=0.553&fp-y=0.355&s=96537e7ab15cf3afd651834014d2028e,ok,
https://www.eventbrite.com/e/2-mediums-1-night-live-audience-mediumship-readings-oakville-tickets-1980383927638,1,https://img.evbuc.com/https%3A%2F%2Fcdn.evbuc.com%2Fimages%2F1174623749%2F2339417386093%2F1%2Foriginal.20260112-150744?crop=focalpoint&fit=crop&w=480&auto=format%2Ccompress&q=75&sharp=10&fp-x=0.493&fp-y=0.021&s=9556081c548148e84beaec34fe6762a3,ok,
https://www.eventbrite.com/e/halton-scope-womens-health-day-tickets-1981957801136,1,https://img.evbuc.com/https%3A%2F%2Fcdn.evbuc.com%2Fimages%2F1176197928%2F2987537161411%2F1%2Foriginal.jpg?w=480&auto=format%2Ccompress&q=75&sharp=10&rect=0%2C0%2C2160%2C1080&s=81c599904ec3e50ed8c576a7075794a2,ok,
https://www.eventbrite.ca/e/advocis-greater-hamilton-international-womens-day-2026-tickets-1955207912499,1,https://img.evbuc.com/https%3A%2F%2Fcdn.evbuc.com%2Fimages%2F696232959%2F440384929648%2F1%2Foriginal.20240213-163149?w=480&auto=format%2Ccompress&q=75&sharp=10&rect=0%2C0%2C2160%2C1080&s=bb168dd5f9403284954769567ff1fae1,ok,
https://www.eventbrite.ca/e/19th-annual-mcmaster-wise-conference-shaping-the-future-of-stem-tickets-1975855299389,1,https://img.evbuc.com/https%3A%2F%2Fcdn.evbuc.com%2Fimages%2F1171879242%2F51350037602%2F1%2Foriginal.20251127-155051?w=480&auto=format%2Ccompress&q=75&sharp=10&s=f16ad950ea6e1765bb4a9e2da9fe1d30,ok,
https://www.eventbrite.ca/e/cocktails-tapas-class-tickets-1469349095699,1,https://img.evbuc.com/https%3A%2F%2Fcdn.evbuc.com%2Fimages%2F1067925593%2F34771446166%2F1%2Foriginal.20250707-120407?w=480&auto=format%2Ccompress&q=75&sharp=10&s=23514008dee419426ecb7c6c9b8bcbc9,ok,
https://www.eventbrite.ca/e/cbn-oakville-gender-differences-in-benefit-plans-registration-1519922963499,1,https://img.evbuc.com/https%3A%2F%2Fcdn.evbuc.com%2Fimages%2F833251349%2F447504252486%2F1%2Foriginal.20240823-194230?w=480&auto=format%2Ccompress&q=75&sharp=10&rect=0%2C0%2C2160%2C1080&s=84fc04d6ed2ca59561e034a82dd2039f,ok,
https://www.eventbrite.ca/e/illuminating-the-path-to-justice-hamilton-iftar-tickets-1981854459037,1,https://img.evbuc.com/https%3A%2F%2Fcdn.evbuc.com%2Fimages%2F1176054605%2F454384024122%2F1%2Foriginal.20260128-142132?w=480&auto=format%2Ccompress&q=75&sharp=10&rect=0%2C0%2C2160%2C1080&s=4171dba95e59555854a5b703f77c624d,ok,
https://www.eventbrite.ca/e/the-soup-bake-experience-tickets-1469492665119,1,https://img.evbuc.com/https%3A%2F%2Fcdn.evbuc.com%2Fimages%2F1067945223%2F34771446166%2F1%2Foriginal.20250707-124107?w=480&auto=format%2Ccompress&q=75&sharp=10&rect=0%2C129%2C1000%2C500&s=43f544557c1f475751a4c74bfefed3d3,ok,
https://www.eventbrite.ca/e/corporate-procurement-negotiation-1-day-course-burlington-tickets-1981995878025,1,https://img.evbuc.com/https%3A%2F%2Fcdn.evbuc.com%2Fimages%2F1171396639%2F2824010078961%2F1%2Foriginal.20251120-063130?crop=focalpoint&fit=crop&w=480&auto=format%2Ccompress&q=75&sharp=10&fp-x=0.493&fp-y=0.071&s=9b35bce704d8011e6ef23e592d5406d3,ok,
https://www.eventbrite.com/e/the-somali-community-in-hamilton-iftar-dinner-tickets-1981499570556,1,https://cdn.evbstatic.com/s3-build/perm_001/6ce389/django/images/logos/eb_orange_on_white_1200x630.png,ok,
https://www.eventbrite.ca/e/criticalthinkingskills1dayworkshopburlington-tickets-1981991508957,1,https://img.evbuc.com/https%3A%2F%2Fcdn.evbuc.com%2Fimages%2F1176232377%2F2824010078961%2F1%2Foriginal.20260130-041825?crop=focalpoint&fit=crop&w=480&auto=format%2Ccompress&q=75&sharp=10&fp-x=0.915&fp-y=0.175&s=c8f2c5f8902de453a09edc07694efa30,ok,
https://www.eventbrite.ca/e/managingengineeringprojectseffectively1daycourse-burlington-tickets-1981986587236,1,https://img.evbuc.com/https%3A%2F%2Fcdn.evbuc.com%2Fimages%2F1176230069%2F2824010078961%2F1%2Foriginal.20260130-033147?crop=focalpoint&fit=crop&w=480&auto=format%2Ccompress&q=75&sharp=10&fp-x=0.936&fp-y=0.142&s=428d8b1709ffc3f916c0b40d1af5421d,ok,
https://www.eventbrite.ca/e/canvaessentialsforsocialmediacreators1daycourseburlington-tickets-1981989913184,1,https://img.evbuc.com/https%3A%2F%2Fcdn.evbuc.com%2Fimages%2F1176231359%2F2824010078961%2F1%2Foriginal.20260130-035447?w=480&auto=format%2Ccompress&q=75&sharp=10&s=9366339f5470526bbf03424f9c61b602,ok,
https://www.eventbrite.ca/e/startupsmesleanessentials1dayworkshop-burlington-tickets-1981984638407,1,https://img.evbuc.com/https%3A%2F%2Fcdn.evbuc.com%2Fimages%2F1176229281%2F2824010078961%2F1%2Foriginal.20260130-031624?crop=focalpoint&fit=crop&w=480&auto=format%2Ccompress&q=75&sharp=10&fp-x=0.904&fp-y=0.134&s=2d6ddc306cd3b2038e03f580e3217529,ok,
https://www.eventbrite.ca/e/nrp-refresher-course-for-mch-nicu-team-mar-04-am-tickets-1976218899928,1,https://img.evbuc.com/https%3A%2F%2Fcdn.evbuc.com%2Fimages%2F810895629%2F71276329041%2F1%2Foriginal.20240719-143333?w=480&auto=format%2Ccompress&q=75&sharp=10&rect=0%2C7%2C598%2C299&s=8dee38ac9130c3e52bc934b4a45c4a77,ok,
https://www.eventbrite.ca/e/folias-duo-flute-classical-guitar-concert-in-hamilton-on-tickets-1977301073739,1,https://img.evbuc.com/https%3A%2F%2Fcdn.evbuc.com%2Fimages%2F1172538420%2F2550797666421%2F1%2Foriginal.20251208-172655?w=480&auto=format%2Ccompress&q=75&sharp=10&rect=0%2C1000%2C6048%2C3024&s=eebadb7aba7d1e573f21358289cff927,ok,
https://www.eventbrite.ca/e/neonatal-resuscitation-program-nrp-advanced-provider-mar-03-tickets-1976904715220,1,https://img.evbuc.com/https%3A%2F%2Fcdn.evbuc.com%2Fimages%2F1171276229%2F71276329041%2F1%2Foriginal.20251118-204717?w=480&auto=format%2Ccompress&q=75&sharp=10&rect=0%2C0%2C554%2C277&s=6748b7db019a1231240bb0a46972cc11,ok,
https://www.eventbrite.ca/e/heartsaver-cpr-aed-level-c-mar-04-am-tickets-1976898974048,0,,failed,HTTP 404
https://www.eventbrite.com/e/family-paint-party-tickets-1981236575932,1,https://img.evbuc.com/https%3A%2F%2Fcdn.evbuc.com%2Fimages%2F1178236218%2F292898063203%2F1%2Foriginal.20260223-200312?w=480&auto=format%2Ccompress&q=75&sharp=10&rect=0%2C0%2C900%2C450&s=a4538112b671a66ddd22e9a3b9cb5ba9,ok,
https://www.eventbrite.com/e/family-paint-party-tickets-1981243849688,1,https://img.evbuc.com/https%3A%2F%2Fcdn.evbuc.com%2Fimages%2F1175476433%2F292898063203%2F1%2Foriginal.20260121-190931?w=480&auto=format%2Ccompress&q=75&sharp=10&rect=0%2C0%2C1000%2C500&s=1a0f73eda4017239a1029bca2e1c3934,ok,
https://www.eventbrite.com/e/paint-nite-brand-creative-events-tickets-1981243173666,1,https://img.evbuc.com/https%3A%2F%2Fcdn.evbuc.com%2Fimages%2F1178051265%2F292898063203%2F1%2Foriginal.20260220-190606?w=480&auto=format%2Ccompress&q=75&sharp=10&rect=0%2C0%2C1000%2C500&s=6514bda22e73d87e836c3855788e8370,ok,
https://www.eventbrite.ca/e/cup-cake-decorating-class-tickets-1978897079435,1,https://img.evbuc.com/https%3A%2F%2Fcdn.evbuc.com%2Fimages%2F1173455780%2F34771446166%2F1%2Foriginal.20251223-154615?w=480&auto=format%2Ccompress&q=75&sharp=10&rect=0%2C245%2C680%2C340&s=d4cef01f00b0107e40b751fcb03be59e,ok,
https://www.eventbrite.ca/e/financial-risk-management-for-teens-1-day-session-in-burlington-tickets-1981399483192,1,https://img.evbuc.com/https%3A%2F%2Fcdn.evbuc.com%2Fimages%2F1171396639%2F2824010078961%2F1%2Foriginal.20251120-063130?crop=focalpoint&fit=crop&w=480&auto=format%2Ccompress&q=75&sharp=10&fp-x=0.493&fp-y=0.071&s=9b35bce704d8011e6ef23e592d5406d3,ok,
https://www.eventbrite.com/e/family-paint-party-tickets-1981237803604,1,https://img.evbuc.com/https%3A%2F%2Fcdn.evbuc.com%2Fimages%2F1177590877%2F292898063203%2F1%2Foriginal.20260215-230326?w=480&auto=format%2Ccompress&q=75&sharp=10&rect=0%2C0%2C1000%2C500&s=851e35d3543c215ba5c2732f315fa3b9,ok,
https://www.eventbrite.ca/e/hands-on-winter-science-workshop-for-kids-ages-811-tickets-1980394712897,1,https://img.evbuc.com/https%3A%2F%2Fcdn.evbuc.com%2Fimages%2F1174637390%2F2987655918935%2F1%2Foriginal.20260112-165929?w=480&auto=format%2Ccompress&q=75&sharp=10&rect=0%2C499%2C1404%2C702&s=ccc305e2ac82c56fd490b9ff0b85aa4b,ok,
https://www.eventbrite.ca/e/pediatric-advanced-life-support-pals-2-day-provider-course-mar-2-3-tickets-1739314880629,0,,failed,HTTP 404
https://www.eventbrite.ca/e/inclusive-intelligence-corporate-training-1-day-course-burlington-tickets-1982151478430,1,https://img.evbuc.com/https%3A%2F%2Fcdn.evbuc.com%2Fimages%2F1171396639%2F2824010078961%2F1%2Foriginal.20251120-063130?crop=focalpoint&fit=crop&w=480&auto=format%2Ccompress&q=75&sharp=10&fp-x=0.493&fp-y=0.071&s=9b35bce704d8011e6ef23e592d5406d3,ok,
https://www.eventbrite.ca/e/group-event-party-up-to-40-ppl-canvas-painting-lakeshorebronte-tickets-1981825208548,1,https://img.evbuc.com/https%3A%2F%2Fcdn.evbuc.com%2Fimages%2F1176022186%2F82905912235%2F1%2Foriginal.jpg?w=480&auto=format%2Ccompress&q=75&sharp=10&rect=0%2C0%2C2160%2C1080&s=e492a3dcadc60066b77c832e2d557b43,ok,
https://www.eventbrite.ca/e/salsa-nights-in-oakville-tickets-1982056121214,1,https://img.evbuc.com/https%3A%2F%2Fcdn.evbuc.com%2Fimages%2F1176312040%2F60347225117%2F1%2Foriginal.20260131-023422?w=480&auto=format%2Ccompress&q=75&sharp=10&rect=0%2C0%2C2160%2C1080&s=642393185cf9493290ce9411c8496e3e,ok,
https://www.eventbrite.ca/e/bni-sunrise-monthly-in-person-networking-tickets-1542759397889,1,https://img.evbuc.com/https%3A%2F%2Fcdn.evbuc.com%2Fimages%2F1083866693%2F2848734426321%2F1%2Foriginal.20250729-190456?crop=focalpoint&fit=crop&w=480&auto=format%2Ccompress&q=75&sharp=10&fp-x=0.5&fp-y=0.5&s=9a1da64db461151a0f29095736ea2986,ok,
https://www.eventbrite.ca/e/modern-healthcare-in-industry-1-day-training-in-burlington-tickets-1982329740617,1,https://img.evbuc.com/https%3A%2F%2Fcdn.evbuc.com%2Fimages%2F1171396639%2F2824010078961%2F1%2Foriginal.20251120-063130?crop=focalpoint&fit=crop&w=480&auto=format%2Ccompress&q=75&sharp=10&fp-x=0.493&fp-y=0.071&s=9b35bce704d8011e6ef23e592d5406d3,ok,
https://www.eventbrite.ca/e/wednesday-night-trivia-at-district-kitchen-bar-in-burlington-tickets-1332364571299,1,https://img.evbuc.com/https%3A%2F%2Fcdn.evbuc.com%2Fimages%2F1012839723%2F230740254100%2F1%2Foriginal.20250420-172457?w=480&auto=format%2Ccompress&q=75&sharp=10&rect=0%2C0%2C2160%2C1080&s=7dfa2a9ba319bc338d01ed33b077658c,ok,
https://www.eventbrite.ca/e/thursday-night-trivia-at-the-hungry-italian-in-oakville-tickets-1332453607609,1,https://img.evbuc.com/https%3A%2F%2Fcdn.evbuc.com%2Fimages%2F1012857903%2F230740254100%2F1%2Foriginal.20250420-183144?w=480&auto=format%2Ccompress&q=75&sharp=10&rect=0%2C0%2C2160%2C1080&s=0c2e78a89a1deb52b1985a9b2193671d,ok,
https://www.eventbrite.ca/e/movie-on-the-train-a-nod-to-the-oscars-marty-supreme-tickets-1981945648788,1,https://img.evbuc.com/https%3A%2F%2Fcdn.evbuc.com%2Fimages%2F1176175691%2F2250129042403%2F1%2Foriginal.20260129-165119?w=480&auto=format%2Ccompress&q=75&sharp=10&rect=0%2C40%2C1920%2C960&s=f7ef609b9397851a57461fa32aa8423d,ok,
https://www.eventbrite.ca/e/seniors-weekly-recreation-program-tickets-1980809252797,1,https://img.evbuc.com/https%3A%2F%2Fcdn.evbuc.com%2Fimages%2F1175178952%2F223280238994%2F1%2Foriginal.20260118-154422?w=480&auto=format%2Ccompress&q=75&sharp=10&rect=0%2C0%2C928%2C464&s=a69dc7455abfd72df56e82fa71587c99,ok,
https://www.eventbrite.ca/e/henrys-limeridge-photo-101-an-introduction-to-photography-tickets-1981600329930,1,https://img.evbuc.com/https%3A%2F%2Fcdn.evbuc.com%2Fimages%2F593562659%2F112847764247%2F1%2Foriginal.20230908-174446?w=480&auto=format%2Ccompress&q=75&sharp=10&rect=0%2C301%2C2122%2C1061&s=65b5a08ad41b159846c48e1c74ed324c,ok,
https://www.eventbrite.ca/e/rom-com-trivia-night-boston-pizza-waterdown-tickets-1980663879983,1,https://img.evbuc.com/https%3A%2F%2Fcdn.evbuc.com%2Fimages%2F1174990919%2F204110462347%2F1%2Foriginal.20260115-200714?w=480&auto=format%2Ccompress&q=75&sharp=10&s=b7c1fc18851de11ed3e809ebc23c37f2,ok,
https://www.eventbrite.ca/e/the-smart-start-first-time-home-buyer-event-tickets-1979761088710,1,https://img.evbuc.com/https%3A%2F%2Fcdn.evbuc.com%2Fimages%2F1174028933%2F1533331659643%2F1%2Foriginal.20260105-190115?crop=focalpoint&fit=crop&w=480&auto=format%2Ccompress&q=75&sharp=10&fp-x=0.5&fp-y=0.5&s=a83e9489a3f5e50660ed65bc270df32e,ok,
https://www.eventbrite.ca/e/international-womens-day-film-screening-the-nest-tickets-1981583010126,1,https://img.evbuc.com/https%3A%2F%2Fcdn.evbuc.com%2Fimages%2F1175843713%2F460269310754%2F1%2Foriginal.20260126-152822?crop=focalpoint&fit=crop&w=480&auto=format%2Ccompress&q=75&sharp=10&fp-x=0.522&fp-y=0.842&s=671c6ca31c7362a5956a1032cacd5950,ok,
https://www.eventbrite.ca/e/empowered-women-empower-women-2026-unlearning-becoming-tickets-1981400296625,1,https://img.evbuc.com/https%3A%2F%2Fcdn.evbuc.com%2Fimages%2F1175625311%2F2811461136991%2F1%2Foriginal.20260123-063747?crop=focalpoint&fit=crop&w=480&auto=format%2Ccompress&q=75&sharp=10&fp-x=0.56&fp-y=0.359&s=6bf265bc7e42dc9afe7c01ed6c574e70,ok,
https://www.eventbrite.ca/e/ultimate-dark-chocolate-making-workshop-vegan-hamilton-location-tickets-53823593818,1,https://img.evbuc.com/https%3A%2F%2Fcdn.evbuc.com%2Fimages%2F803728429%2F34771446166%2F1%2Foriginal.20240708-181248?w=480&auto=format%2Ccompress&q=75&sharp=10&rect=0%2C29%2C650%2C325&s=2e0cb06350fcc18dd7698c422e802de7,ok,
https://www.eventbrite.com/e/when-women-gather-monthly-womens-circle-tickets-1982239515752,1,https://img.evbuc.com/https%3A%2F%2Fcdn.evbuc.com%2Fimages%2F1176508651%2F2986993152822%2F1%2Foriginal.20260202-225255?w=480&auto=format%2Ccompress&q=75&sharp=10&rect=0%2C0%2C2160%2C1080&s=06883a0ea8d3605aa5c008f1834c91cb,ok,
https://www.eventbrite.ca/e/french-macaron-class-nut-free-hamilton-location-tickets-44644548045,1,https://img.evbuc.com/https%3A%2F%2Fcdn.evbuc.com%2Fimages%2F387061469%2F34771446166%2F1%2Foriginal.20221104-145257?w=480&auto=format%2Ccompress&q=75&sharp=10&rect=0%2C125%2C1500%2C750&s=50ee2ddf06acba8bc1d97eb43a91ebfb,ok,
https://www.eventbrite.ca/e/wednesday-night-trivia-at-kelseys-burloak-in-oakville-tickets-1980815412220,1,https://img.evbuc.com/https%3A%2F%2Fcdn.evbuc.com%2Fimages%2F1175179750%2F230740254100%2F1%2Foriginal.20260118-174827?w=480&auto=format%2Ccompress&q=75&sharp=10&rect=0%2C0%2C2160%2C1080&s=c73c1a9a0d9131fb10bcb40ed5640eb0,ok,
https://www.eventbrite.ca/e/science-explorers-tickets-1976211578028,1,https://img.evbuc.com/https%3A%2F%2Fcdn.evbuc.com%2Fimages%2F1172914344%2F1982818354763%2F1%2Foriginal.20251213-204904?crop=focalpoint&fit=crop&w=480&auto=format%2Ccompress&q=75&sharp=10&fp-x=0.5&fp-y=0.5&s=b03327405bd06fcee622c9d41e781716,ok,
https://www.eventbrite.ca/e/ancaster-womens-collective-tickets-1980649032574,1,https://img.evbuc.com/https%3A%2F%2Fcdn.evbuc.com%2Fimages%2F1173859485%2F2821054312421%2F1%2Foriginal.20260102-200620?w=480&auto=format%2Ccompress&q=75&sharp=10&rect=0%2C0%2C2160%2C1080&s=41d5585f70980a15add3f294af5b2c10,ok,
https://www.eventbrite.ca/e/public-speaking-leadership-skills-supporting-women-entrepreneurs-tickets-1596863976139,1,https://img.evbuc.com/https%3A%2F%2Fcdn.evbuc.com%2Fimages%2F1097251753%2F2861697839421%2F1%2Foriginal.20250816-032958?w=480&auto=format%2Ccompress&q=75&sharp=10&rect=0%2C0%2C2160%2C1080&s=a81ff15d1fef82b15661fe706a1d21c6,ok,
https://www.eventbrite.ca/e/free-coffee-tickets-894407315357,1,https://img.evbuc.com/https%3A%2F%2Fcdn.evbuc.com%2Fimages%2F777083589%2F567917782951%2F1%2Foriginal.jpg?w=480&auto=format%2Ccompress&q=75&sharp=10&rect=0%2C0%2C2160%2C1080&s=76662b81362e46f5b7788ce402453d55,ok,
https://www.eventbrite.ca/e/wednesday-night-trivia-at-st-louis-bar-grill-in-milton-tickets-1332303147579,1,https://img.evbuc.com/https%3A%2F%2Fcdn.evbuc.com%2Fimages%2F1012834183%2F230740254100%2F1%2Foriginal.20250420-170715?w=480&auto=format%2Ccompress&q=75&sharp=10&rect=0%2C0%2C2160%2C1080&s=1564a21680fa8b03bd2cfe0a7badfb3a,ok,
https://www.eventbrite.ca/e/wednesday-night-trivia-at-the-forge-bar-bq-in-ancaster-tickets-1332345704869,1,https://img.evbuc.com/https%3A%2F%2Fcdn.evbuc.com%2Fimages%2F1174554932%2F230740254100%2F1%2Foriginal.20260111-184247?w=480&auto=format%2Ccompress&q=75&sharp=10&rect=0%2C0%2C2160%2C1080&s=ac5c820d34615a32220f92cde8b2390a,ok,
https://www.eventbrite.ca/e/wednesday-night-trivia-at-kelseys-winona-crossing-tickets-1332385684449,1,https://img.evbuc.com/https%3A%2F%2Fcdn.evbuc.com%2Fimages%2F1012843323%2F230740254100%2F1%2Foriginal.20250420-173739?w=480&auto=format%2Ccompress&q=75&sharp=10&rect=0%2C0%2C2160%2C1080&s=f89d708c1bcb349cde5e871e97f593cf,ok,
https://www.eventbrite.com/e/family-paint-party-tickets-1978651013445,1,https://img.evbuc.com/https%3A%2F%2Fcdn.evbuc.com%2Fimages%2F1177699691%2F292898063203%2F1%2Foriginal.20260217-050320?w=480&auto=format%2Ccompress&q=75&sharp=10&rect=0%2C0%2C1000%2C500&s=d527eaff37b00c225c8191a24989a71e,ok,
https://www.eventbrite.ca/e/womens-appreciation-day-hosted-by-helwaa-beauty-x-temple-u-beauty-tickets-1980892111630,1,https://img.evbuc.com/https%3A%2F%2Fcdn.evbuc.com%2Fimages%2F1175264517%2F1278278488173%2F1%2Foriginal.20260119-184555?w=480&auto=format%2Ccompress&q=75&sharp=10&rect=0%2C233%2C1024%2C512&s=28aa178e4280aa001548e2041bd788ec,ok,
https://www.eventbrite.ca/e/four-in-person-strengthening-deib-workshops-tickets-1979136524622,1,https://img.evbuc.com/https%3A%2F%2Fcdn.evbuc.com%2Fimages%2F1173589946%2F505904620335%2F1%2Foriginal.20251228-032858?crop=focalpoint&fit=crop&w=480&auto=format%2Ccompress&q=75&sharp=10&fp-x=0.5&fp-y=0.5&s=7e7d16b12240828cd7bdcc855d079ae5,ok,
https://www.eventbrite.ca/e/fundamentals-of-tracheostomy-care-mar-14-tickets-1977983389564,1,https://img.evbuc.com/https%3A%2F%2Fcdn.evbuc.com%2Fimages%2F897405903%2F71276329041%2F1%2Foriginal.20241112-173706?w=480&auto=format%2Ccompress&q=75&sharp=10&rect=0%2C90%2C930%2C465&s=fe9dad584ef9b876dedadd2fb4b8fd57,ok,
https://www.eventbrite.ca/e/basic-life-support-bls-renewal-course-for-hcp-mar-12-am-tickets-1976233963985,1,https://img.evbuc.com/https%3A%2F%2Fcdn.evbuc.com%2Fimages%2F805279159%2F71276329041%2F1%2Foriginal.20240710-171016?w=480&auto=format%2Ccompress&q=75&sharp=10&rect=0%2C284%2C824%2C412&s=038d8060ade21adfafd1448e144f9d5d,ok,
https://www.eventbrite.ca/e/charcuterie-board-class-tickets-1981457217878,1,https://img.evbuc.com/https%3A%2F%2Fcdn.evbuc.com%2Fimages%2F450341969%2F210211004292%2F1%2Foriginal.20220228-225821?w=480&auto=format%2Ccompress&q=75&sharp=10&rect=0%2C1211%2C3456%2C1728&s=61f4fd9a2341f6569b0bd96cdec2d330,ok,
https://www.eventbrite.ca/e/neonatal-resuscitation-program-nrp-advanced-provider-mar-13-tickets-1976902319053,1,https://img.evbuc.com/https%3A%2F%2Fcdn.evbuc.com%2Fimages%2F1171276229%2F71276329041%2F1%2Foriginal.20251118-204717?w=480&auto=format%2Ccompress&q=75&sharp=10&rect=0%2C0%2C554%2C277&s=6748b7db019a1231240bb0a46972cc11,ok,
https://www.eventbrite.ca/e/myles-bullen-adventure-tour-2026-hamilton-tickets-1981590207654,1,https://img.evbuc.com/https%3A%2F%2Fcdn.evbuc.com%2Fimages%2F1175857781%2F2844725237081%2F1%2Foriginal.20260126-172958?w=480&auto=format%2Ccompress&q=75&sharp=10&s=d6e167b86325a163d526848262d15265,ok,
https://www.eventbrite.ca/e/hassas-secret-garden-soiree-tickets-1981952634683,1,https://img.evbuc.com/https%3A%2F%2Fcdn.evbuc.com%2Fimages%2F1176450736%2F191688474881%2F1%2Foriginal.20260202-142718?w=480&auto=format%2Ccompress&q=75&sharp=10&rect=0%2C0%2C1600%2C800&s=7a9ad08fc73f9c97147fbf6fb8d95c7b,ok,
https://www.eventbrite.ca/e/introduction-to-large-language-models-1-day-training-burlington-tickets-1981836491295,1,https://img.evbuc.com/https%3A%2F%2Fcdn.evbuc.com%2Fimages%2F1171396639%2F2824010078961%2F1%2Foriginal.20251120-063130?crop=focalpoint&fit=crop&w=480&auto=format%2Ccompress&q=75&sharp=10&fp-x=0.493&fp-y=0.071&s=9b35bce704d8011e6ef23e592d5406d3,ok,
https://www.eventbrite.ca/e/mastering-digital-emotional-intelligence-1-day-course-in-burlington-tickets-1981699520612,1,https://img.evbuc.com/https%3A%2F%2Fcdn.evbuc.com%2Fimages%2F1171396639%2F2824010078961%2F1%2Foriginal.20251120-063130?crop=focalpoint&fit=crop&w=480&auto=format%2Ccompress&q=75&sharp=10&fp-x=0.493&fp-y=0.071&s=9b35bce704d8011e6ef23e592d5406d3,ok,
https://www.eventbrite.ca/e/master-focus-attention-in-a-distracted-world-1-day-course-burlington-tickets-1981832066059,1,https://img.evbuc.com/https%3A%2F%2Fcdn.evbuc.com%2Fimages%2F1171396639%2F2824010078961%2F1%2Foriginal.20251120-063130?crop=focalpoint&fit=crop&w=480&auto=format%2Ccompress&q=75&sharp=10&fp-x=0.493&fp-y=0.071&s=9b35bce704d8011e6ef23e592d5406d3,ok,
https://www.eventbrite.ca/e/empower-psychological-safety-self-confidence-1-day-course-burlington-tickets-1981694183649,1,https://img.evbuc.com/https%3A%2F%2Fcdn.evbuc.com%2Fimages%2F1171396639%2F2824010078961%2F1%2Foriginal.20251120-063130?crop=focalpoint&fit=crop&w=480&auto=format%2Ccompress&q=75&sharp=10&fp-x=0.493&fp-y=0.071&s=9b35bce704d8011e6ef23e592d5406d3,ok,
https://www.eventbrite.ca/e/decision-making-under-uncertainty-1-day-session-in-burlington-tickets-1981697412306,1,https://img.evbuc.com/https%3A%2F%2Fcdn.evbuc.com%2Fimages%2F1171396639%2F2824010078961%2F1%2Foriginal.20251120-063130?crop=focalpoint&fit=crop&w=480&auto=format%2Ccompress&q=75&sharp=10&fp-x=0.493&fp-y=0.071&s=9b35bce704d8011e6ef23e592d5406d3,ok,
https://www.eventbrite.com/e/international-womens-day-lunch-tickets-1981453177794,1,https://img.evbuc.com/https%3A%2F%2Fcdn.evbuc.com%2Fimages%2F1175682090%2F2803022809301%2F1%2Foriginal.20260123-204922?w=480&auto=format%2Ccompress&q=75&sharp=10&rect=0%2C238%2C3022%2C1511&s=9d07510663a0696156ab8cee994b8651,ok,
https://www.eventbrite.ca/e/fun-speed-dating-mingling-40-55-cambridge-tickets-1982054521429,1,https://img.evbuc.com/https%3A%2F%2Fcdn.evbuc.com%2Fimages%2F926213473%2F521669517505%2F1%2Foriginal.20250102-161147?crop=focalpoint&fit=crop&w=480&auto=format%2Ccompress&q=75&sharp=10&fp-x=0.005&fp-y=0.005&s=0824c6c46898e9614090c4f9eb256458,ok,
https://www.eventbrite.com/e/family-paint-party-tickets-1981237821658,1,https://img.evbuc.com/https%3A%2F%2Fcdn.evbuc.com%2Fimages%2F1175470454%2F292898063203%2F1%2Foriginal.20260121-181558?w=480&auto=format%2Ccompress&q=75&sharp=10&rect=0%2C0%2C1000%2C500&s=5445ee56b89d06004c18a0832c82b9b1,ok,
https://www.eventbrite.ca/e/line-dancing-tickets-1981956134150,1,https://img.evbuc.com/https%3A%2F%2Fcdn.evbuc.com%2Fimages%2F1176417896%2F1848153130923%2F1%2Foriginal.20260202-032019?w=480&auto=format%2Ccompress&q=75&sharp=10&rect=0%2C0%2C2160%2C1080&s=42502a2d2c620a7e0c41053c31f5f927,ok,
https://www.eventbrite.ca/e/linux-skills-for-bioinformatics-1-day-training-burlington-tickets-1982164915621,1,https://img.evbuc.com/https%3A%2F%2Fcdn.evbuc.com%2Fimages%2F1171396639%2F2824010078961%2F1%2Foriginal.20251120-063130?crop=focalpoint&fit=crop&w=480&auto=format%2Ccompress&q=75&sharp=10&fp-x=0.493&fp-y=0.071&s=9b35bce704d8011e6ef23e592d5406d3,ok,
https://www.eventbrite.ca/e/step-by-step-biochemistry-1-day-training-for-beginners-burlington-tickets-1982160660895,1,https://img.evbuc.com/https%3A%2F%2Fcdn.evbuc.com%2Fimages%2F1176422386%2F2824010078961%2F1%2Foriginal.20260202-044438?w=480&auto=format%2Ccompress&q=75&sharp=10&s=3d191dc1dd3ea3242edad3f2801f6de6,ok,
https://www.eventbrite.ca/e/mi-for-healthcare-mental-health-1-day-course-in-burlington-tickets-1981414630498,1,https://img.evbuc.com/https%3A%2F%2Fcdn.evbuc.com%2Fimages%2F1171396639%2F2824010078961%2F1%2Foriginal.20251120-063130?crop=focalpoint&fit=crop&w=480&auto=format%2Ccompress&q=75&sharp=10&fp-x=0.493&fp-y=0.071&s=9b35bce704d8011e6ef23e592d5406d3,ok,
https://www.eventbrite.ca/e/foundations-of-immunology-1-day-learning-session-burlington-tickets-1982329597188,1,https://img.evbuc.com/https%3A%2F%2Fcdn.evbuc.com%2Fimages%2F1171396639%2F2824010078961%2F1%2Foriginal.20251120-063130?crop=focalpoint&fit=crop&w=480&auto=format%2Ccompress&q=75&sharp=10&fp-x=0.493&fp-y=0.071&s=9b35bce704d8011e6ef23e592d5406d3,ok,
https://www.eventbrite.ca/e/glasstime-tickets-811073230867,1,https://img.evbuc.com/https%3A%2F%2Fcdn.evbuc.com%2Fimages%2F1175601041%2F2494390923941%2F1%2Foriginal.20260122-223636?crop=focalpoint&fit=crop&w=480&auto=format%2Ccompress&q=75&sharp=10&fp-x=0.5&fp-y=0.5&s=9a891ca5f7efdeef780f8ddd92979f57,ok,
https://www.eventbrite.ca/e/the-laugh-lab-stand-up-comedy-niagara-falls-tickets-1479180943019,1,https://img.evbuc.com/https%3A%2F%2Fcdn.evbuc.com%2Fimages%2F1174931206%2F303584395539%2F1%2Foriginal.20260115-080022?w=480&auto=format%2Ccompress&q=75&sharp=10&rect=0%2C0%2C2160%2C1080&s=c686934d259c1302bb6b1d7fd254c25d,ok,
https://www.eventbrite.com/e/flowers-jinja-tickets-1981372405201,0,,no_images_found,
https://www.eventbrite.com/e/motion-and-light-photography-workshop-kitchenerwaterloo-tickets-1359225252319,1,https://img.evbuc.com/https%3A%2F%2Fcdn.evbuc.com%2Fimages%2F1026567503%2F2077679396173%2F1%2Foriginal.20250508-185150?crop=focalpoint&fit=crop&w=480&auto=format%2Ccompress&q=75&sharp=10&fp-x=0.5&fp-y=0.5&s=0fd351990da8c5c73bf0e70da8296d0e,ok,
https://www.eventbrite.ca/e/niagara-leadtribes-in-person-tickets-1566666805589,1,https://img.evbuc.com/https%3A%2F%2Fcdn.evbuc.com%2Fimages%2F1090370393%2F313346741934%2F1%2Foriginal.20250807-115121?w=480&auto=format%2Ccompress&q=75&sharp=10&rect=0%2C70%2C2240%2C1120&s=9bc1899470f66cf258821ef758a77cc7,ok,
https://www.eventbrite.com/e/biodynamic-breathwork-for-trauma-release-tickets-1966396528952,1,https://img.evbuc.com/https%3A%2F%2Fcdn.evbuc.com%2Fimages%2F1170504397%2F19998983748%2F1%2Foriginal.20251109-010100?w=480&auto=format%2Ccompress&q=75&sharp=10&s=502bbc0f00551379642469b91893d867,ok,
https://www.eventbrite.ca/e/kambo-medicine-ceremony-tickets-1592261580249,1,https://img.evbuc.com/https%3A%2F%2Fcdn.evbuc.com%2Fimages%2F1096254583%2F1345925364653%2F1%2Foriginal.20250814-214152?crop=focalpoint&fit=crop&w=480&auto=format%2Ccompress&q=75&sharp=10&fp-x=0.5&fp-y=0.5&s=206fafb6f19f61d88a0ec3f5c2cb1782,ok,
https://www.eventbrite.ca/e/paint-sip-friday-nights-at-williams-fresh-cafe-tickets-1980754175058,1,https://img.evbuc.com/https%3A%2F%2Fcdn.evbuc.com%2Fimages%2F1175100997%2F421131187327%2F1%2Foriginal.20260116-232138?w=480&auto=format%2Ccompress&q=75&sharp=10&rect=0%2C0%2C2160%2C1080&s=4ce2a0eda145958d857ca938bfb30066,ok,
https://www.eventbrite.ca/e/paint-night-at-a-turkish-cafe-tickets-1981275452212,1,https://img.evbuc.com/https%3A%2F%2Fcdn.evbuc.com%2Fimages%2F1174502735%2F2726011880101%2F1%2Foriginal.20260110-190618?w=480&auto=format%2Ccompress&q=75&sharp=10&s=5777c3d78b95715b156a100f1698184c,ok,
https://www.eventbrite.ca/e/claytime-tickets-1979743521165,1,https://img.evbuc.com/https%3A%2F%2Fcdn.evbuc.com%2Fimages%2F1175601263%2F2494390923941%2F1%2Foriginal.20260122-223950?crop=focalpoint&fit=crop&w=480&auto=format%2Ccompress&q=75&sharp=10&fp-x=0.5&fp-y=0.5&s=d587bfbeba13649b0099e2405cd8bd64,ok,
https://www.eventbrite.ca/e/be-mine-snack-cocktail-bar-tickets-1980122195791,0,,no_images_found,
https://www.eventbrite.com/e/open-mic-comedy-night-at-the-albion-guelph-tickets-1008762504807,1,https://img.evbuc.com/https%3A%2F%2Fcdn.evbuc.com%2Fimages%2F1100729123%2F1451222561333%2F1%2Foriginal.20250820-154111?crop=focalpoint&fit=crop&w=480&auto=format%2Ccompress&q=75&sharp=10&fp-x=0.527588366224&fp-y=0.614630613809&s=58a4eca951fa9071c726b1d580a82df8,ok,
https://www.eventbrite.ca/e/this-great-city-networking-guelph-business-networking-event-tickets-1141260172899,1,https://img.evbuc.com/https%3A%2F%2Fcdn.evbuc.com%2Fimages%2F1068340933%2F368742966963%2F1%2Foriginal.20250707-194907?w=480&auto=format%2Ccompress&q=75&sharp=10&rect=0%2C32%2C1136%2C568&s=813e5ce13cdedfc4f72a73bca24518c9,ok,
https://www.eventbrite.com/e/family-paint-party-tickets-1977507055837,1,https://img.evbuc.com/https%3A%2F%2Fcdn.evbuc.com%2Fimages%2F1178135991%2F292898063203%2F1%2Foriginal.20260222-140126?w=480&auto=format%2Ccompress&q=75&sharp=10&s=cfe12613359f7ff61c715c2023353186,ok,
https://www.eventbrite.ca/e/emotional-intelligence-for-teen-growth-success-1-day-session-kitchener-tickets-1836511297729,1,https://img.evbuc.com/https%3A%2F%2Fcdn.evbuc.com%2Fimages%2F1171475061%2F2824010078961%2F1%2Foriginal.20251121-041810?crop=focalpoint&fit=crop&w=480&auto=format%2Ccompress&q=75&sharp=10&fp-x=0.5&fp-y=0.5&s=633e577b60855750899e7c5bd04a3c2c,ok,
https://www.eventbrite.ca/e/roofing-technology-maintenance-inspection-training-course-mississauga-tickets-1978430177920,1,https://img.evbuc.com/https%3A%2F%2Fcdn.evbuc.com%2Fimages%2F1172779161%2F2985873142247%2F1%2Foriginal.20251211-171734?w=480&auto=format%2Ccompress&q=75&sharp=10&s=b48c7abb22b6981dfe6b8c127523c090,ok,
https://www.eventbrite.ca/e/sgraffito-plate-workshop-registration-1977512013666,1,https://img.evbuc.com/https%3A%2F%2Fcdn.evbuc.com%2Fimages%2F1172686998%2F153596278046%2F1%2Foriginal.20251210-150445?w=480&auto=format%2Ccompress&q=75&sharp=10&rect=0%2C975%2C2268%2C1134&s=09334c2e4956529f73d4141f5db2f16b,ok,
https://www.eventbrite.ca/e/welcoming-spring-aerial-sound-bath-tickets-1978786619045,1,https://img.evbuc.com/https%3A%2F%2Fcdn.evbuc.com%2Fimages%2F1173362543%2F2375642126603%2F1%2Foriginal.20251221-194851?crop=focalpoint&fit=crop&w=480&auto=format%2Ccompress&q=75&sharp=10&fp-x=0.503&fp-y=0.548&s=af2a2c78c7f56bd63c99e78c4e5a6531,ok,
https://www.eventbrite.ca/e/oakville-omni-advanced-hayward-training-2026-tickets-1965498886078,1,https://img.evbuc.com/https%3A%2F%2Fcdn.evbuc.com%2Fimages%2F1170425295%2F1956744264883%2F1%2Foriginal.20251107-173322?w=480&auto=format%2Ccompress&q=75&sharp=10&rect=1%2C0%2C750%2C375&s=6da480961960decbec6a78eef7c3cfef,ok,
https://www.eventbrite.ca/e/jason-mewes-live-in-kitchener-on-tickets-1980411154073,1,https://img.evbuc.com/https%3A%2F%2Fcdn.evbuc.com%2Fimages%2F1174961209%2F299947132686%2F1%2Foriginal.20260115-155548?w=480&auto=format%2Ccompress&q=75&sharp=10&rect=0%2C0%2C1920%2C960&s=66d9e4367a52114029d52d13faf25901,ok,
https://www.eventbrite.ca/e/sushi-making-class-at-counterpoint-brewery-tickets-1910396600659,1,https://img.evbuc.com/https%3A%2F%2Fcdn.evbuc.com%2Fimages%2F521219789%2F161274182777%2F1%2Foriginal.20230523-234626?w=480&auto=format%2Ccompress&q=75&sharp=10&rect=0%2C0%2C2160%2C1080&s=50311fa1a3be54144898cb97187dc97f,ok,
https://www.eventbrite.ca/e/master-focus-attention-in-distracted-world-1-day-course-kitchener-tickets-1972987226907,1,https://img.evbuc.com/https%3A%2F%2Fcdn.evbuc.com%2Fimages%2F1176148795%2F2824010078961%2F1%2Foriginal.20260129-111306?w=480&auto=format%2Ccompress&q=75&sharp=10&s=fc9b92035e1d7dad63c389e041186b7e,ok,
https://www.eventbrite.ca/e/empower-psychological-safety-self-confidence-1-day-course-kitchener-tickets-1972904718121,1,https://img.evbuc.com/https%3A%2F%2Fcdn.evbuc.com%2Fimages%2F1176044363%2F2824010078961%2F1%2Foriginal.20260128-113732?crop=focalpoint&fit=crop&w=480&auto=format%2Ccompress&q=75&sharp=10&fp-x=0.5&fp-y=0.5&s=e4c9cebfc6bb08207ecb9d4875e2c47d,ok,
https://www.eventbrite.ca/e/group-boxing-fitness-classes-tickets-1748678176499,1,https://img.evbuc.com/https%3A%2F%2Fcdn.evbuc.com%2Fimages%2F900637153%2F1168451191223%2F1%2Foriginal.20241117-103701?w=480&auto=format%2Ccompress&q=75&sharp=10&rect=0%2C471%2C1600%2C800&s=cded01b83b8ad3a5a6c96dfbb427202c,ok,
https://www.eventbrite.com/e/family-paint-party-tickets-1981210138858,1,https://img.evbuc.com/https%3A%2F%2Fcdn.evbuc.com%2Fimages%2F1175462031%2F292898063203%2F1%2Foriginal.20260121-170334?w=480&auto=format%2Ccompress&q=75&sharp=10&rect=0%2C0%2C1000%2C500&s=4d6f8c9bab7842e105d287776e8c6fc8,ok,
https://www.eventbrite.ca/e/bollywood-groove-glow-2026-tickets-1976966528104,1,https://img.evbuc.com/https%3A%2F%2Fcdn.evbuc.com%2Fimages%2F1172357291%2F2174882850493%2F1%2Foriginal.20251205-001840?w=480&auto=format%2Ccompress&q=75&sharp=10&rect=0%2C0%2C2160%2C1080&s=ffcfc1054118695e883a1649bf241603,ok,
https://www.eventbrite.ca/e/dance-essentials-class-tickets-1982356294039,0,,failed,HTTP 404
https://www.eventbrite.ca/e/lunchtime-meditation-tickets-1978744932359,1,https://img.evbuc.com/https%3A%2F%2Fcdn.evbuc.com%2Fimages%2F916974493%2F229195942061%2F1%2Foriginal.20241213-144135?w=480&auto=format%2Ccompress&q=75&sharp=10&s=e9c158dee1d20144c9b769e58d95d70b,ok,
https://www.eventbrite.com/e/writing-well-an-8-week-in-person-writing-course-in-guelph-on-tickets-1982097898170,1,https://img.evbuc.com/https%3A%2F%2Fcdn.evbuc.com%2Fimages%2F1176355168%2F2990642486584%2F1%2Foriginal.20260201-005525?w=480&auto=format%2Ccompress&q=75&sharp=10&rect=0%2C219%2C600%2C300&s=347f4c37f3a1b9e066df20b9f09673a7,ok,
https://www.eventbrite.ca/e/mastering-the-art-of-negotiation-communication-1-day-course-in-guelph-tickets-1869021526699,1,https://img.evbuc.com/https%3A%2F%2Fcdn.evbuc.com%2Fimages%2F1161408463%2F2824010078961%2F1%2Foriginal.20251024-071857?crop=focalpoint&fit=crop&w=480&auto=format%2Ccompress&q=75&sharp=10&fp-x=0.5&fp-y=0.5&s=99498db8ca78e6f0d72839c9f058f48b,ok,
https://www.eventbrite.com/e/adam-susser-stand-up-comedy-tour-mother-tested-kid-approved-tickets-1981805412337,1,https://img.evbuc.com/https%3A%2F%2Fcdn.evbuc.com%2Fimages%2F1176125736%2F66973512699%2F1%2Foriginal.20260129-014628?w=480&auto=format%2Ccompress&q=75&sharp=10&s=9c2ed68845d859d5d30ade1e210f5d7f,ok,
https://www.eventbrite.ca/e/sunday-meditation-class-willpower-in-a-digital-world-tickets-1978744141995,1,https://img.evbuc.com/https%3A%2F%2Fcdn.evbuc.com%2Fimages%2F1072602343%2F229195942061%2F1%2Foriginal.20250713-211404?w=480&auto=format%2Ccompress&q=75&sharp=10&rect=0%2C52%2C1640%2C820&s=49024d032a8e5f3b127c92b16f33ea33,ok,
https://www.eventbrite.ca/e/silent-saturday-mini-meditation-retreat-tickets-1978774588060,1,https://img.evbuc.com/https%3A%2F%2Fcdn.evbuc.com%2Fimages%2F1173353603%2F229195942061%2F1%2Foriginal.20251221-134441?w=480&auto=format%2Ccompress&q=75&sharp=10&rect=0%2C48%2C1024%2C512&s=d4d75a35ea0f1266e384b8a7228a45d5,ok,
https://www.eventbrite.com/e/motion-and-light-photography-workshop-burlington-tickets-1359221270409,1,https://img.evbuc.com/https%3A%2F%2Fcdn.evbuc.com%2Fimages%2F1026567503%2F2077679396173%2F1%2Foriginal.20250508-185150?crop=focalpoint&fit=crop&w=480&auto=format%2Ccompress&q=75&sharp=10&fp-x=0.5&fp-y=0.5&s=0fd351990da8c5c73bf0e70da8296d0e,ok,
https://www.eventbrite.ca/e/pages-pens-and-pints-a-silent-reading-and-writing-event-tickets-1378057680619,1,https://img.evbuc.com/https%3A%2F%2Fcdn.evbuc.com%2Fimages%2F1037832103%2F241698097804%2F1%2Foriginal.20250523-190038?w=480&auto=format%2Ccompress&q=75&sharp=10&rect=0%2C540%2C1544%2C772&s=bdb4a37f7034b2b3f768a84954fa9320,ok,
https://www.eventbrite.ca/e/chocolate-tempering-workshop-hamilton-location-tickets-53828225672,1,https://img.evbuc.com/https%3A%2F%2Fcdn.evbuc.com%2Fimages%2F332307349%2F34771446166%2F1%2Foriginal.20181217-194203?w=480&auto=format%2Ccompress&q=75&sharp=10&rect=0%2C77%2C930%2C465&s=9239619aedbd67084afc0734cca2ab89,ok,
https://www.eventbrite.ca/e/judge-jury-stand-up-comedy-tickets-1982396239517,1,https://img.evbuc.com/https%3A%2F%2Fcdn.evbuc.com%2Fimages%2F1176723920%2F649448698113%2F1%2Foriginal.20260204-221725?w=480&auto=format%2Ccompress&q=75&sharp=10&rect=50%2C0%2C1474%2C737&s=6d3d744569083be5b535d58f49109065,ok,
https://www.eventbrite.ca/e/beginner-bike-maintenance-workshops-tickets-1977338369291,1,https://img.evbuc.com/https%3A%2F%2Fcdn.evbuc.com%2Fimages%2F1172578808%2F1134728442913%2F1%2Foriginal.20251209-025532?w=480&auto=format%2Ccompress&q=75&sharp=10&s=1121707a5927417b526a856bdd43d7c6,ok,
https://www.eventbrite.com/e/family-paint-party-tickets-1955491550869,1,https://img.evbuc.com/https%3A%2F%2Fcdn.evbuc.com%2Fimages%2F1178137926%2F292898063203%2F1%2Foriginal.20260222-150107?w=480&auto=format%2Ccompress&q=75&sharp=10&rect=0%2C0%2C900%2C450&s=3ff31dc4abef68ce4b51bcd789a22470,ok,
https://www.eventbrite.ca/e/reiki-share-tickets-1979883122717,1,https://img.evbuc.com/https%3A%2F%2Fcdn.evbuc.com%2Fimages%2F1174117540%2F1936944177733%2F1%2Foriginal.20260106-170904?crop=focalpoint&fit=crop&w=480&auto=format%2Ccompress&q=75&sharp=10&fp-x=0.5&fp-y=0.5&s=a194761bf23680ef16a401d987952d84,ok,
https://www.eventbrite.com/e/the-remembering-body-somatic-movement-tickets-1966195923937,1,https://img.evbuc.com/https%3A%2F%2Fcdn.evbuc.com%2Fimages%2F1170496276%2F19998983748%2F1%2Foriginal.20251108-210134?w=480&auto=format%2Ccompress&q=75&sharp=10&rect=0%2C73%2C1024%2C512&s=9eaf3b68a3ef2f212f91c70ca398d1e6,ok,
https://www.eventbrite.com/e/spring-awakening-detox-renewal-tickets-1966073000269,1,https://img.evbuc.com/https%3A%2F%2Fcdn.evbuc.com%2Fimages%2F1170486231%2F19998983748%2F1%2Foriginal.20251108-172235?w=480&auto=format%2Ccompress&q=75&sharp=10&rect=0%2C159%2C1024%2C512&s=2a86448362e08678cdec8891329c4807,ok,
https://www.eventbrite.ca/e/ai-day-with-toyota-tour-witness-ai-in-action-train-transform-tickets-1980585727226,1,https://img.evbuc.com/https%3A%2F%2Fcdn.evbuc.com%2Fimages%2F1175283897%2F160381309108%2F1%2Foriginal.20260119-221921?w=480&auto=format%2Ccompress&q=75&sharp=10&rect=0%2C0%2C2160%2C1080&s=a6d1a7679c1625246ff4f611023459ac,ok,
https://www.eventbrite.com/e/business-analytics-certification-cbap-training-in-rockwood-co-tickets-1972462564628,1,https://img.evbuc.com/https%3A%2F%2Fcdn.evbuc.com%2Fimages%2F1170806829%2F2958041386231%2F1%2Foriginal.20251112-182039?crop=focalpoint&fit=crop&w=480&auto=format%2Ccompress&q=75&sharp=10&fp-x=1.0&fp-y=0.509&s=11dc0c59398ad7924eb79ac1e7b2ea66,ok,
https://www.eventbrite.ca/e/country-hoedown-drag-bingo-brunch-and-show-tickets-1981496080116,1,https://img.evbuc.com/https%3A%2F%2Fcdn.evbuc.com%2Fimages%2F1175732623%2F474432124295%2F1%2Foriginal.20260124-202604?w=480&auto=format%2Ccompress&q=75&sharp=10&s=3b47fb11b2272727ef90848221eac3fc,ok,
https://www.eventbrite.ca/e/paint-your-own-wine-glass-workshop-tickets-1981023923884,1,https://img.evbuc.com/https%3A%2F%2Fcdn.evbuc.com%2Fimages%2F1175371647%2F462833138796%2F1%2Foriginal.20260120-193044?w=480&auto=format%2Ccompress&q=75&sharp=10&rect=171%2C0%2C1400%2C700&s=ab579356b5c430dcfbf3b69b1528e2c5,ok,
https://www.eventbrite.ca/e/hamilton-official-spd-day-time-party-tickets-1982167977780,1,https://img.evbuc.com/https%3A%2F%2Fcdn.evbuc.com%2Fimages%2F1176428869%2F2289472965413%2F1%2Foriginal.20260202-072258?w=480&auto=format%2Ccompress&q=75&sharp=10&rect=0%2C11%2C2100%2C1050&s=d0be6bae53c85faae3cd7902fb2139cc,ok,
https://www.eventbrite.com/e/paint-nite-brand-creative-events-tickets-1981235889880,1,https://img.evbuc.com/https%3A%2F%2Fcdn.evbuc.com%2Fimages%2F1178474956%2F292898063203%2F1%2Foriginal.20260226-020209?w=480&auto=format%2Ccompress&q=75&sharp=10&rect=0%2C0%2C900%2C450&s=d62ae83006c7464759bf5c49317e5ae6,ok,
https://www.eventbrite.com/e/college-royal-ball-2026-tickets-1975023212595,1,https://img.evbuc.com/https%3A%2F%2Fcdn.evbuc.com%2Fimages%2F1174145751%2F1260750646173%2F1%2Foriginal.20260106-211409?w=480&auto=format%2Ccompress&q=75&sharp=10&rect=0%2C202%2C1350%2C675&s=f1dfa6ac3f07ca45b750ba8fcd81f7b4,ok,
https://www.eventbrite.ca/e/the-mcmaster-engineering-musical-presents-the-gatsby-tickets-1981074488123,1,https://img.evbuc.com/https%3A%2F%2Fcdn.evbuc.com%2Fimages%2F1175410833%2F249364960780%2F1%2Foriginal.20260121-024851?w=480&auto=format%2Ccompress&q=75&sharp=10&rect=0%2C63%2C1920%2C960&s=1d297e5659d7a0d3329d02fae0d97376,ok,
https://www.eventbrite.ca/e/nova-vita-celebrates-international-womens-day-2026-tickets-1981794796585,1,https://img.evbuc.com/https%3A%2F%2Fcdn.evbuc.com%2Fimages%2F1177064651%2F201994025272%2F1%2Foriginal.20260209-152142?w=480&auto=format%2Ccompress&q=75&sharp=10&rect=0%2C0%2C2160%2C1080&s=a3c3c01e42e35285f207bc18ca525da8,ok,
https://www.eventbrite.com/e/escape-the-office-tickets-1982129323163,1,https://img.evbuc.com/https%3A%2F%2Fcdn.evbuc.com%2Fimages%2F1176376256%2F2963604467101%2F1%2Foriginal.20260201-153646?w=480&auto=format%2Ccompress&q=75&sharp=10&rect=0%2C388%2C6048%2C3024&s=247629e2ed2202a928600b1691cf2987,ok,
https://www.eventbrite.ca/e/japanese-kokedama-centerpiece-tickets-1977088390598,1,https://img.evbuc.com/https%3A%2F%2Fcdn.evbuc.com%2Fimages%2F1172472730%2F303998021796%2F1%2Foriginal.20251207-144306?w=480&auto=format%2Ccompress&q=75&sharp=10&rect=0%2C175%2C598%2C299&s=470cbb1ecda7a1728e24f330e21a9a56,ok,
https://www.eventbrite.ca/e/line-dancing-night-with-urban-cowboy-at-four-fathers-tickets-1982186316632,1,https://img.evbuc.com/https%3A%2F%2Fcdn.evbuc.com%2Fimages%2F1173852691%2F645440082863%2F1%2Foriginal.20260102-183415?w=480&auto=format%2Ccompress&q=75&sharp=10&rect=0%2C0%2C1130%2C565&s=b037b7c6107a5df587fad3fda86581e9,ok,
https://www.eventbrite.ca/e/empowerher-an-international-womens-day-wellness-retreat-tickets-1980389848347,1,https://img.evbuc.com/https%3A%2F%2Fcdn.evbuc.com%2Fimages%2F1174639919%2F645440082863%2F1%2Foriginal.20260112-172123?w=480&auto=format%2Ccompress&q=75&sharp=10&rect=5%2C0%2C1130%2C565&s=55bb5ef64eb471fb5f8f656d89ccf8d9,ok,
https://www.eventbrite.ca/e/jigsaw-social-swap-tickets-1982452873912,1,https://img.evbuc.com/https%3A%2F%2Fcdn.evbuc.com%2Fimages%2F1176800239%2F800373981163%2F1%2Foriginal.20260205-180531?w=480&auto=format%2Ccompress&q=75&sharp=10&rect=0%2C0%2C2160%2C1080&s=67fbcbff5c3f76b199f9de472adfd3ba,ok,
https://www.eventbrite.ca/e/hot-flashy-fabulous-tickets-1982286516332,1,https://img.evbuc.com/https%3A%2F%2Fcdn.evbuc.com%2Fimages%2F1177318660%2F438731840462%2F1%2Foriginal.20260211-210424?w=480&auto=format%2Ccompress&q=75&sharp=10&rect=0%2C0%2C2160%2C1080&s=fe04ea184ff80132ae424052fff7de81,ok,
https://www.eventbrite.ca/e/el-bienestar-de-la-salud-mental-de-la-mano-de-dios-tickets-1981006344303,1,https://img.evbuc.com/https%3A%2F%2Fcdn.evbuc.com%2Fimages%2F1177304861%2F2989353024091%2F1%2Foriginal.20260211-185519?crop=focalpoint&fit=crop&w=480&auto=format%2Ccompress&q=75&sharp=10&fp-x=0.5&fp-y=0.5&s=393f084a6a3fe0531a1c96cbd072fdd6,ok,
https://www.eventbrite.ca/e/master-applied-regression-in-python-1-day-intensive-burlington-tickets-1982484534610,1,https://img.evbuc.com/https%3A%2F%2Fcdn.evbuc.com%2Fimages%2F1171396639%2F2824010078961%2F1%2Foriginal.20251120-063130?crop=focalpoint&fit=crop&w=480&auto=format%2Ccompress&q=75&sharp=10&fp-x=0.493&fp-y=0.071&s=9b35bce704d8011e6ef23e592d5406d3,ok,
https://www.eventbrite.ca/e/healthcare-it-skills-bootcamp-1-day-comptia-session-burlington-tickets-1982484637919,1,https://img.evbuc.com/https%3A%2F%2Fcdn.evbuc.com%2Fimages%2F1171396639%2F2824010078961%2F1%2Foriginal.20251120-063130?crop=focalpoint&fit=crop&w=480&auto=format%2Ccompress&q=75&sharp=10&fp-x=0.493&fp-y=0.071&s=9b35bce704d8011e6ef23e592d5406d3,ok,
https://www.eventbrite.ca/e/integrity-at-work-1-day-corporate-ethics-training-burlington-tickets-1982417587369,1,https://img.evbuc.com/https%3A%2F%2Fcdn.evbuc.com%2Fimages%2F1176753590%2F2824010078961%2F1%2Foriginal.20260205-062415?crop=focalpoint&fit=crop&w=480&auto=format%2Ccompress&q=75&sharp=10&fp-x=0.49&fp-y=0.052&s=eed4065ccf9ef0bd3825f6fbf8d3c164,ok,
https://www.eventbrite.ca/e/hospitality-quality-management-1-day-workshop-burlington-tickets-1982408967587,1,https://img.evbuc.com/https%3A%2F%2Fcdn.evbuc.com%2Fimages%2F1176432315%2F2824010078961%2F1%2Foriginal.20260202-091754?crop=focalpoint&fit=crop&w=480&auto=format%2Ccompress&q=75&sharp=10&fp-x=0.528&fp-y=0.012&s=8da249220b6cde373f4c5e88cee41a1b,ok,
https://www.eventbrite.ca/e/healthcare-cybersecurity-essentials-1-day-training-burlington-tickets-1982491656913,1,https://img.evbuc.com/https%3A%2F%2Fcdn.evbuc.com%2Fimages%2F1171396639%2F2824010078961%2F1%2Foriginal.20251120-063130?crop=focalpoint&fit=crop&w=480&auto=format%2Ccompress&q=75&sharp=10&fp-x=0.493&fp-y=0.071&s=9b35bce704d8011e6ef23e592d5406d3,ok,
https://www.eventbrite.ca/e/data-clustering-analytics-1-day-master-class-burlington-tickets-1982484604820,1,https://img.evbuc.com/https%3A%2F%2Fcdn.evbuc.com%2Fimages%2F1171396639%2F2824010078961%2F1%2Foriginal.20251120-063130?crop=focalpoint&fit=crop&w=480&auto=format%2Ccompress&q=75&sharp=10&fp-x=0.493&fp-y=0.071&s=9b35bce704d8011e6ef23e592d5406d3,ok,
https://www.eventbrite.ca/e/heart-stroke-bls-tickets-1979529319482,1,https://img.evbuc.com/https%3A%2F%2Fcdn.evbuc.com%2Fimages%2F1173842864%2F1248216517173%2F1%2Foriginal.20260102-160748?crop=focalpoint&fit=crop&w=480&auto=format%2Ccompress&q=75&sharp=10&fp-x=0.5&fp-y=0.5&s=853e173cbaf4e98661cfa3dbec239749,ok,
https://www.eventbrite.ca/e/u-of-g-into-the-woods-tickets-1748050609429,1,https://img.evbuc.com/https%3A%2F%2Fcdn.evbuc.com%2Fimages%2F1171920660%2F2823363816571%2F1%2Foriginal.20251128-145619?crop=focalpoint&fit=crop&w=480&auto=format%2Ccompress&q=75&sharp=10&fp-x=0.5&fp-y=0.5&s=fa6c7705676f415e1040679ef4cb059a,ok,
https://www.eventbrite.com/e/family-paint-party-tickets-1602526853959,1,https://img.evbuc.com/https%3A%2F%2Fcdn.evbuc.com%2Fimages%2F1178208683%2F292898063203%2F1%2Foriginal.20260223-160121?w=480&auto=format%2Ccompress&q=75&sharp=10&rect=0%2C0%2C1000%2C500&s=7b4e1af15c304f4f6bee2e574cdde7a4,ok,
https://www.eventbrite.ca/e/youth-public-speaking-training-5-sessions-tickets-1982095294382,1,https://img.evbuc.com/https%3A%2F%2Fcdn.evbuc.com%2Fimages%2F1176352196%2F1368640958483%2F1%2Foriginal.20260131-233329?w=480&auto=format%2Ccompress&q=75&sharp=10&rect=0%2C26%2C1200%2C600&s=49f7616da479a9e64643c9783f7375a4,ok,
https://www.eventbrite.com/e/celtic-celebration-guelph-celtic-orchestra-concert-tickets-1981202023585,1,https://img.evbuc.com/https%3A%2F%2Fcdn.evbuc.com%2Fimages%2F1175562902%2F2989348010238%2F1%2Foriginal.20260122-163536?w=480&auto=format%2Ccompress&q=75&sharp=10&rect=552%2C0%2C1310%2C655&s=70e5f8c445889606a3b459e5b520dc7f,ok,
https://www.eventbrite.ca/e/private-group-event-party-up-to-10-ppl-pottery-wheel-throwing-rebecca-tickets-1979201958336,1,https://img.evbuc.com/https%3A%2F%2Fcdn.evbuc.com%2Fimages%2F1172959453%2F82905912235%2F1%2Foriginal.20251215-032444?w=480&auto=format%2Ccompress&q=75&sharp=10&s=61093f4109cb117a939eee37131639af,ok,
https://www.eventbrite.ca/e/2026-kitchener-i-heart-beer-festival-tickets-1977106167770,1,https://img.evbuc.com/https%3A%2F%2Fcdn.evbuc.com%2Fimages%2F1172421277%2F181435969222%2F1%2Foriginal.20251205-232623?crop=focalpoint&fit=crop&w=480&auto=format%2Ccompress&q=75&sharp=10&fp-x=0.5&fp-y=0.5&s=ef1896c07aefe8b19ef158f8ecd19f86,ok,
https://www.eventbrite.com/e/family-paint-party-tickets-1981236697295,1,https://img.evbuc.com/https%3A%2F%2Fcdn.evbuc.com%2Fimages%2F1175469573%2F292898063203%2F1%2Foriginal.20260121-180852?w=480&auto=format%2Ccompress&q=75&sharp=10&rect=0%2C0%2C900%2C450&s=222000fb31db57215112d80339ebdd3f,ok,
https://www.eventbrite.ca/e/smart-managers-management-skills-1-day-workshop-in-guelph-on-tickets-1967292080571,1,https://img.evbuc.com/https%3A%2F%2Fcdn.evbuc.com%2Fimages%2F1170561808%2F2824010078961%2F1%2Foriginal.20251110-043558?crop=focalpoint&fit=crop&w=480&auto=format%2Ccompress&q=75&sharp=10&fp-x=0.5&fp-y=0.5&s=e6b1b28f678711edadbd273f5e203aab,ok,
https://www.eventbrite.com/e/city-love-scavenger-hunt-for-couples-date-night-brantford-area-tickets-915982667817,1,https://img.evbuc.com/https%3A%2F%2Fcdn.evbuc.com%2Fimages%2F769940309%2F1395832153743%2F1%2Foriginal.20240517-020249?w=480&auto=format%2Ccompress&q=75&sharp=10&rect=0%2C0%2C940%2C470&s=c8a16b8f954982276bea25200a56e985,ok,
https://www.eventbrite.ca/e/salsa-bachata-tango-on-king-st-tickets-1765969053979,1,https://img.evbuc.com/https%3A%2F%2Fcdn.evbuc.com%2Fimages%2F1142640073%2F1034563794323%2F1%2Foriginal.20251002-151856?w=480&auto=format%2Ccompress&q=75&sharp=10&rect=0%2C36%2C1920%2C960&s=589597eb6ea037052e23f3afa7942b5e,ok,
https://www.eventbrite.com/e/family-paint-party-tickets-1777740763479,1,https://img.evbuc.com/https%3A%2F%2Fcdn.evbuc.com%2Fimages%2F1145719563%2F292898063203%2F1%2Foriginal.20251006-150712?w=480&auto=format%2Ccompress&q=75&sharp=10&rect=0%2C0%2C900%2C450&s=916f9fff55c6c007e7ecc17e0329d4a6,ok,
https://www.eventbrite.com/e/family-paint-party-tickets-1979258215603,1,https://img.evbuc.com/https%3A%2F%2Fcdn.evbuc.com%2Fimages%2F1173667627%2F292898063203%2F1%2Foriginal.20251229-200525?w=480&auto=format%2Ccompress&q=75&sharp=10&rect=0%2C0%2C1000%2C500&s=85197c050b87f2617755df4967501b74,ok,
https://www.eventbrite.ca/e/the-wedding-swap-gta-wedding-show-wedding-resale-marketplace-event-tickets-1974982660302,1,https://img.evbuc.com/https%3A%2F%2Fcdn.evbuc.com%2Fimages%2F1174232163%2F2984096345125%2F1%2Foriginal.20260107-184658?w=480&auto=format%2Ccompress&q=75&sharp=10&s=2db4812722c1f3c5cd18dc6131e041af,ok,
https://www.eventbrite.ca/e/governance-model-for-scaled-qa-automation-tickets-1981608669875,1,https://img.evbuc.com/https%3A%2F%2Fcdn.evbuc.com%2Fimages%2F1175910976%2F2605508902861%2F1%2Foriginal.20260127-023337?crop=focalpoint&fit=crop&w=480&auto=format%2Ccompress&q=75&sharp=10&fp-x=0.072&fp-y=0.478&s=00b4f633d3392799b62e5b1d79f532af,ok,
https://www.eventbrite.ca/e/student-recital-contemporary-commercial-music-tickets-1501365989089,1,https://img.evbuc.com/https%3A%2F%2Fcdn.evbuc.com%2Fimages%2F1096675893%2F302481478789%2F1%2Foriginal.20250815-131930?w=480&auto=format%2Ccompress&q=75&sharp=10&rect=0%2C0%2C2160%2C1080&s=b54758edc69c8a94881880466e3621d7,ok,
https://www.eventbrite.ca/e/student-recital-classical-voice-tickets-1501376129419,1,https://img.evbuc.com/https%3A%2F%2Fcdn.evbuc.com%2Fimages%2F1096676043%2F302481478789%2F1%2Foriginal.20250815-131954?w=480&auto=format%2Ccompress&q=75&sharp=10&rect=0%2C0%2C2160%2C1080&s=bc82fd4290e9830dbf2533242318cb20,ok,
https://www.eventbrite.ca/e/mississauga-oakville-simply-networking-event-for-business-tickets-1982363367195,1,https://img.evbuc.com/https%3A%2F%2Fcdn.evbuc.com%2Fimages%2F1176686714%2F368742966963%2F1%2Foriginal.20260204-165357?w=480&auto=format%2Ccompress&q=75&sharp=10&rect=0%2C0%2C1200%2C600&s=abfb77b2653e9d9faf53b1d8a091ba52,ok,
https://www.eventbrite.ca/e/laurier-jazz-ensemble-concert-tickets-1520525064399,1,https://img.evbuc.com/https%3A%2F%2Fcdn.evbuc.com%2Fimages%2F1096700903%2F302481478789%2F1%2Foriginal.20250815-135637?w=480&auto=format%2Ccompress&q=75&sharp=10&rect=0%2C0%2C2160%2C1080&s=173616cbf58372803f597ddb507e83e7,ok,
https://www.eventbrite.ca/e/encore-adult-dance-convention-kitchener-tickets-1976781631072,1,https://img.evbuc.com/https%3A%2F%2Fcdn.evbuc.com%2Fimages%2F1096361363%2F646477675523%2F1%2Foriginal.20250815-002808?crop=focalpoint&fit=crop&w=480&auto=format%2Ccompress&q=75&sharp=10&fp-x=0.5&fp-y=0.477566541374&s=86d74befe593b01857df115583535662,ok,
https://www.eventbrite.ca/e/sushi-making-class-at-kind-matter-heartland-town-centre-tickets-1978924719106,1,https://img.evbuc.com/https%3A%2F%2Fcdn.evbuc.com%2Fimages%2F521219789%2F161274182777%2F1%2Foriginal.20230523-234626?w=480&auto=format%2Ccompress&q=75&sharp=10&rect=0%2C0%2C2160%2C1080&s=50311fa1a3be54144898cb97187dc97f,ok,
https://www.eventbrite.ca/e/meditation-mondays-tickets-1981468702228,1,https://img.evbuc.com/https%3A%2F%2Fcdn.evbuc.com%2Fimages%2F1175704565%2F1012747330653%2F1%2Foriginal.20260124-041302?w=480&auto=format%2Ccompress&q=75&sharp=10&rect=0%2C457%2C1024%2C512&s=63c9be8d1607d3d463a3b0f4498af3ff,ok,
https://www.eventbrite.ca/e/loud-love-tribute-to-chris-cornell-wsg-plush-tickets-1982198220236,1,https://img.evbuc.com/https%3A%2F%2Fcdn.evbuc.com%2Fimages%2F690733489%2F1998873288073%2F1%2Foriginal.20240206-023614?w=480&auto=format%2Ccompress&q=75&sharp=10&rect=256%2C146%2C1550%2C775&s=27a36a93a7982c25585e8f4887dfe917,ok,
https://www.eventbrite.ca/e/art-jam-painted-pottery-fantasy-house-or-cupcake-tickets-1981904713349,1,https://img.evbuc.com/https%3A%2F%2Fcdn.evbuc.com%2Fimages%2F1176122194%2F266087742532%2F1%2Foriginal.20260129-005056?w=480&auto=format%2Ccompress&q=75&sharp=10&rect=0%2C0%2C2160%2C1080&s=4e38f450dc06a693f6d85cc3a337a20d,ok,
https://www.eventbrite.ca/e/art-jam-painted-pottery-mug-or-box-tickets-1981902829715,1,https://img.evbuc.com/https%3A%2F%2Fcdn.evbuc.com%2Fimages%2F1176121012%2F266087742532%2F1%2Foriginal.20260129-003258?w=480&auto=format%2Ccompress&q=75&sharp=10&rect=0%2C0%2C2160%2C1080&s=0b6d80d2a8a65fdc8a7f57ad1c166bbe,ok,
https://www.eventbrite.ca/e/art-jam-yarn-wrapped-letter-tickets-1981905509731,1,https://img.evbuc.com/https%3A%2F%2Fcdn.evbuc.com%2Fimages%2F1176123206%2F266087742532%2F1%2Foriginal.20260129-010551?w=480&auto=format%2Ccompress&q=75&sharp=10&rect=0%2C0%2C2160%2C1080&s=3a76377d69c9946e6ffd347c83ae93ca,ok,
https://www.eventbrite.com/e/kids-fall-art-classes-tickets-1721757445869,1,https://img.evbuc.com/https%3A%2F%2Fcdn.evbuc.com%2Fimages%2F1129880573%2F2911524078581%2F1%2Foriginal.20250920-021942?w=480&auto=format%2Ccompress&q=75&sharp=10&rect=0%2C384%2C1080%2C540&s=23d4fd687d72d469c3c5ed96bef5d2dd,ok,
https://www.eventbrite.ca/e/all-ages-march-break-enchanted-fairy-tea-by-the-grand-tickets-1955989018809,1,https://img.evbuc.com/https%3A%2F%2Fcdn.evbuc.com%2Fimages%2F1172075070%2F415789453113%2F1%2Foriginal.20251201-180653?w=480&auto=format%2Ccompress&q=75&sharp=10&rect=0%2C0%2C2160%2C1080&s=2963a621cd1dc5f53062d1d822ef4ae5,ok,
https://www.eventbrite.ca/e/expressive-abstract-paint-class-tickets-1243998786859,1,https://img.evbuc.com/https%3A%2F%2Fcdn.evbuc.com%2Fimages%2F928110693%2F462833138796%2F1%2Foriginal.20250105-205440?w=480&auto=format%2Ccompress&q=75&sharp=10&rect=0%2C1177%2C3024%2C1512&s=92ff61a516927590c0dcb5528ff13d12,ok,
https://www.eventbrite.com/e/royal-tea-party-with-ariel-tickets-1980788723393,1,https://img.evbuc.com/https%3A%2F%2Fcdn.evbuc.com%2Fimages%2F1175147319%2F2067932089323%2F1%2Foriginal.20260117-222741?w=480&auto=format%2Ccompress&q=75&sharp=10&rect=0%2C0%2C1920%2C960&s=827c7c2f1d346a6d3a5408c391c30f96,ok,
https://www.eventbrite.ca/e/basic-life-support-bls-provider-course-for-hcp-mar-20-am-tickets-1976897465536,1,https://img.evbuc.com/https%3A%2F%2Fcdn.evbuc.com%2Fimages%2F805279159%2F71276329041%2F1%2Foriginal.20240710-171016?w=480&auto=format%2Ccompress&q=75&sharp=10&rect=0%2C284%2C824%2C412&s=038d8060ade21adfafd1448e144f9d5d,ok,
https://www.eventbrite.ca/e/adventures-in-the-valley-march-break-camp-tickets-1979764476844,1,https://img.evbuc.com/https%3A%2F%2Fcdn.evbuc.com%2Fimages%2F1174045235%2F43974052618%2F1%2Foriginal.20260105-212453?w=480&auto=format%2Ccompress&q=75&sharp=10&rect=0%2C0%2C9000%2C4500&s=b542ca226512310c5e0dde9c85b3a7c7,ok,
https://www.eventbrite.ca/e/learn-to-play-creature-comforts-tickets-1982556114708,1,https://img.evbuc.com/https%3A%2F%2Fcdn.evbuc.com%2Fimages%2F1176924634%2F800373981163%2F1%2Foriginal.20260207-000729?w=480&auto=format%2Ccompress&q=75&sharp=10&rect=0%2C0%2C2160%2C1080&s=ffea9524c4208919c0063acccc68da31,ok,
https://www.eventbrite.ca/e/march-break-parent-kids-veggie-lasagna-class-tickets-1902238880699,1,https://img.evbuc.com/https%3A%2F%2Fcdn.evbuc.com%2Fimages%2F1163841503%2F161274182777%2F1%2Foriginal.20251027-210815?crop=focalpoint&fit=crop&w=480&auto=format%2Ccompress&q=75&sharp=10&fp-x=0.5&fp-y=0.5&s=5009e00efa0ae79907b74ffee7512841,ok,
https://www.eventbrite.ca/e/the-eric-johnston-son-of-a-bull-comedy-tour-live-in-hamilton-tickets-1981071285544,1,https://img.evbuc.com/https%3A%2F%2Fcdn.evbuc.com%2Fimages%2F1175406967%2F352542739665%2F1%2Foriginal.20260121-014614?w=480&auto=format%2Ccompress&q=75&sharp=10&rect=0%2C0%2C6912%2C3456&s=ca6a2cb31742b0e53577ad8f65793c0d,ok,
https://www.eventbrite.ca/e/neonatal-resuscitation-program-nrp-advanced-provider-mar-17-tickets-1976902870703,1,https://img.evbuc.com/https%3A%2F%2Fcdn.evbuc.com%2Fimages%2F1171276229%2F71276329041%2F1%2Foriginal.20251118-204717?w=480&auto=format%2Ccompress&q=75&sharp=10&rect=0%2C0%2C554%2C277&s=6748b7db019a1231240bb0a46972cc11,ok,
https://www.eventbrite.ca/e/guelph-celtic-orchestra-st-patricks-extravaganza-tickets-1980791941017,1,https://img.evbuc.com/https%3A%2F%2Fcdn.evbuc.com%2Fimages%2F1175153383%2F268901709374%2F1%2Foriginal.20260118-005248?crop=focalpoint&fit=crop&w=480&auto=format%2Ccompress&q=75&sharp=10&fp-x=0.5&fp-y=0.5&s=61092115f06d2e30360cefa5d3bac4ef,ok,
https://www.eventbrite.com/e/family-paint-party-tickets-1788076578179,1,https://img.evbuc.com/https%3A%2F%2Fcdn.evbuc.com%2Fimages%2F1178028627%2F292898063203%2F1%2Foriginal.20260220-150130?w=480&auto=format%2Ccompress&q=75&sharp=10&rect=0%2C0%2C1000%2C500&s=f65d64583013f27dc83919a4f2cb4222,ok,
https://www.eventbrite.ca/e/digital-emotional-intelligence-for-hybrid-teams-1-day-course-hamilton-tickets-1972955321477,1,https://img.evbuc.com/https%3A%2F%2Fcdn.evbuc.com%2Fimages%2F1176148262%2F2824010078961%2F1%2Foriginal.20260129-110436?crop=focalpoint&fit=crop&w=480&auto=format%2Ccompress&q=75&sharp=10&fp-x=0.5&fp-y=0.5&s=760b300329b341b8530b2cfe4a36575e,ok,
https://www.eventbrite.ca/e/paint-night-at-betula-tickets-1981063306679,1,https://img.evbuc.com/https%3A%2F%2Fcdn.evbuc.com%2Fimages%2F1175396046%2F166660095088%2F1%2Foriginal.20260120-230845?w=480&auto=format%2Ccompress&q=75&sharp=10&rect=5%2C0%2C736%2C368&s=c3eefc89224b8e66f2ccd2b58fec71f3,ok,
https://www.eventbrite.ca/e/heartsaver-cpr-aed-level-c-mar-20-pm-tickets-1976895718310,1,https://img.evbuc.com/https%3A%2F%2Fcdn.evbuc.com%2Fimages%2F806051819%2F71276329041%2F1%2Foriginal.20240711-163614?w=480&auto=format%2Ccompress&q=75&sharp=10&rect=75%2C0%2C1500%2C750&s=330dd07ec6426090d18a5966f5c193fb,ok,
https://www.eventbrite.ca/e/charlie-and-the-chocolate-factory-the-broadway-musical-hamilton-tickets-1977324065508,1,https://img.evbuc.com/https%3A%2F%2Fcdn.evbuc.com%2Fimages%2F1172571426%2F477573368151%2F1%2Foriginal.20251209-002306?w=480&auto=format%2Ccompress&q=75&sharp=10&rect=0%2C192%2C1224%2C612&s=22603d60377ff9937ce22bf26a996a22,ok,
https://www.eventbrite.com/e/paint-sip-money-flow-tickets-1982605386080,1,https://img.evbuc.com/https%3A%2F%2Fcdn.evbuc.com%2Fimages%2F1176980199%2F1687301597123%2F1%2Foriginal.20260208-043042?w=480&auto=format%2Ccompress&q=75&sharp=10&rect=0%2C72%2C1536%2C768&s=48bc4dcc05f844a6906168fd7286d1d5,ok,
https://www.eventbrite.com/e/enchantment-theatres-little-red-riding-hood-tickets-1982460893900,1,https://img.evbuc.com/https%3A%2F%2Fcdn.evbuc.com%2Fimages%2F1176815279%2F2991156694015%2F1%2Foriginal.20260205-201959?w=480&auto=format%2Ccompress&q=75&sharp=10&s=0289c1cb131d34595e54a1b959088f9d,ok,
https://www.eventbrite.com/e/past-life-regression-journey-tickets-1966169643331,1,https://img.evbuc.com/https%3A%2F%2Fcdn.evbuc.com%2Fimages%2F1170495247%2F19998983748%2F1%2Foriginal.20251108-203535?w=480&auto=format%2Ccompress&q=75&sharp=10&s=bcb00da92a50ac574215b85afcb28716,ok,
https://www.eventbrite.com/e/jp-riemens-tickets-1981431138875,1,https://img.evbuc.com/https%3A%2F%2Fcdn.evbuc.com%2Fimages%2F1175651935%2F1256242709973%2F1%2Foriginal.20260123-154256?crop=focalpoint&fit=crop&w=480&auto=format%2Ccompress&q=75&sharp=10&fp-x=0.5&fp-y=0.5&s=51a0cf8c56305547f2c9973bf427df0a,ok,
https://www.eventbrite.com/e/paint-nite-brand-creative-events-tickets-1979481243686,1,https://img.evbuc.com/https%3A%2F%2Fcdn.evbuc.com%2Fimages%2F1173811755%2F292898063203%2F1%2Foriginal.20260101-230412?w=480&auto=format%2Ccompress&q=75&sharp=10&rect=0%2C0%2C1000%2C500&s=31b91270d5a015204700d48b952df93e,ok,
https://www.eventbrite.ca/e/march-break-fairy-house-building-workshops-at-mcdougall-cottage-tickets-1955779582379,1,https://img.evbuc.com/https%3A%2F%2Fcdn.evbuc.com%2Fimages%2F1171890946%2F415789453113%2F1%2Foriginal.20251127-202732?crop=focalpoint&fit=crop&w=480&auto=format%2Ccompress&q=75&sharp=10&fp-x=0.07&fp-y=0.476&s=67f7b67f7d68a0e331c8ebcaa2c2eda2,ok,
https://www.eventbrite.com/e/cbap-exam-prep-weekend-classroom-training-iiba-aligned-in-rockwood-co-tickets-1975273171228,1,https://img.evbuc.com/https%3A%2F%2Fcdn.evbuc.com%2Fimages%2F1171423928%2F2958041386231%2F1%2Foriginal.20251120-155357?w=480&auto=format%2Ccompress&q=75&sharp=10&s=adc3a23c87a5886c239435b9643f8186,ok,
https://www.eventbrite.com/e/capm-certification-weekend-classroom-training-in-rockwood-co-tickets-1969861522842,1,https://img.evbuc.com/https%3A%2F%2Fcdn.evbuc.com%2Fimages%2F1170677724%2F2958041386231%2F1%2Foriginal.20251111-113452?crop=focalpoint&fit=crop&w=480&auto=format%2Ccompress&q=75&sharp=10&fp-x=1.0&fp-y=0.489&s=1b65a4831bc4b17d824f4d28f9dcd125,ok,
https://www.eventbrite.ca/e/holi-2026-tickets-1979633910316,1,https://img.evbuc.com/https%3A%2F%2Fcdn.evbuc.com%2Fimages%2F1177679911%2F213063828243%2F1%2Foriginal.20260216-233042?w=480&auto=format%2Ccompress&q=75&sharp=10&rect=0%2C1229%2C1638%2C819&s=e15ea34dac72cf1954c1f4e9697841c2,ok,
https://www.eventbrite.ca/e/basic-bicycle-maintenance-ladies-class-tickets-1814631003179,1,https://cdn.evbstatic.com/s3-build/perm_001/6ce389/django/images/logos/eb_orange_on_white_1200x630.png,ok,
https://www.eventbrite.ca/e/march-break-kids-camp-2026-in-burlington-tickets-1772719233949,1,https://cdn.evbstatic.com/s3-build/perm_001/6ce389/django/images/logos/eb_orange_on_white_1200x630.png,ok,
https://www.eventbrite.com/e/family-paint-party-tickets-1981237840715,1,https://img.evbuc.com/https%3A%2F%2Fcdn.evbuc.com%2Fimages%2F1175470515%2F292898063203%2F1%2Foriginal.20260121-181621?w=480&auto=format%2Ccompress&q=75&sharp=10&rect=0%2C0%2C1000%2C500&s=c04e503efa79328ee6f21d07ad2735de,ok,
https://www.eventbrite.ca/e/hands-on-bioinformatics-visualization-1-day-session-burlington-tickets-1982164637790,1,https://img.evbuc.com/https%3A%2F%2Fcdn.evbuc.com%2Fimages%2F1171396639%2F2824010078961%2F1%2Foriginal.20251120-063130?crop=focalpoint&fit=crop&w=480&auto=format%2Ccompress&q=75&sharp=10&fp-x=0.493&fp-y=0.071&s=9b35bce704d8011e6ef23e592d5406d3,ok,
https://www.eventbrite.ca/e/digital-health-transformation-1-day-workshop-burlington-tickets-1982655140898,1,https://cdn.evbstatic.com/s3-build/perm_001/6ce389/django/images/logos/eb_orange_on_white_1200x630.png,ok,
https://www.eventbrite.ca/e/r-programming-for-data-analysis-1-day-workshop-burlington-tickets-1982652162991,1,https://img.evbuc.com/https%3A%2F%2Fcdn.evbuc.com%2Fimages%2F1171396639%2F2824010078961%2F1%2Foriginal.20251120-063130?crop=focalpoint&fit=crop&w=480&auto=format%2Ccompress&q=75&sharp=10&fp-x=0.493&fp-y=0.071&s=9b35bce704d8011e6ef23e592d5406d3,ok,
https://www.eventbrite.ca/e/applied-data-science-for-healthcare-claims-1-day-workshop-burlington-tickets-1982654628365,1,https://img.evbuc.com/https%3A%2F%2Fcdn.evbuc.com%2Fimages%2F1171396639%2F2824010078961%2F1%2Foriginal.20251120-063130?crop=focalpoint&fit=crop&w=480&auto=format%2Ccompress&q=75&sharp=10&fp-x=0.493&fp-y=0.071&s=9b35bce704d8011e6ef23e592d5406d3,ok,
https://www.eventbrite.ca/e/soc-leadership-for-enterprise-security-1-day-training-burlington-tickets-1982655909196,1,https://img.evbuc.com/https%3A%2F%2Fcdn.evbuc.com%2Fimages%2F1171396639%2F2824010078961%2F1%2Foriginal.20251120-063130?crop=focalpoint&fit=crop&w=480&auto=format%2Ccompress&q=75&sharp=10&fp-x=0.493&fp-y=0.071&s=9b35bce704d8011e6ef23e592d5406d3,ok,
https://www.eventbrite.ca/e/bean-2-bar-chocolate-making-workshop-hamilton-location-tickets-62923614224,1,https://img.evbuc.com/https%3A%2F%2Fcdn.evbuc.com%2Fimages%2F804602979%2F34771446166%2F1%2Foriginal.20240709-191450?w=480&auto=format%2Ccompress&q=75&sharp=10&rect=0%2C8%2C650%2C325&s=7db7d0ec76c09a092f04ec81d240807a,ok,
https://www.eventbrite.com/e/kill-tony-kansei-yasuda-respect-live-comedy-at-the-albionmar20-tickets-1978020856629,1,https://img.evbuc.com/https%3A%2F%2Fcdn.evbuc.com%2Fimages%2F1173099227%2F303033296663%2F1%2Foriginal.20251216-235415?crop=focalpoint&fit=crop&w=480&auto=format%2Ccompress&q=75&sharp=10&fp-x=0.5&fp-y=0.5&s=906af97b3a25d51810722de4a0b20f63,ok,
https://www.eventbrite.ca/e/social-media-ads-bootcamp-1-day-training-in-guelph-tickets-1970027469192,1,https://img.evbuc.com/https%3A%2F%2Fcdn.evbuc.com%2Fimages%2F1171868882%2F2824010078961%2F1%2Foriginal.20251127-115320?crop=focalpoint&fit=crop&w=480&auto=format%2Ccompress&q=75&sharp=10&fp-x=0.5&fp-y=0.5&s=ec46d140abe026a6cc789228753610ec,ok,
https://www.eventbrite.ca/e/no-code-programming-training-1-day-session-in-guelph-tickets-1968916363846,1,https://img.evbuc.com/https%3A%2F%2Fcdn.evbuc.com%2Fimages%2F1171709478%2F2824010078961%2F1%2Foriginal.20251125-090241?crop=focalpoint&fit=crop&w=480&auto=format%2Ccompress&q=75&sharp=10&fp-x=0.5&fp-y=0.5&s=6f591754d08d44629aca648dd4e032ed,ok,
https://www.eventbrite.ca/e/skills-for-women-at-work-1-day-session-in-guelph-tickets-1969121486373,1,https://img.evbuc.com/https%3A%2F%2Fcdn.evbuc.com%2Fimages%2F1171867902%2F2824010078961%2F1%2Foriginal.20251127-113158?crop=focalpoint&fit=crop&w=480&auto=format%2Ccompress&q=75&sharp=10&fp-x=0.5&fp-y=0.5&s=6f0d4ccd434b30cb81118a740bb11a04,ok,
https://www.eventbrite.ca/e/picture-perfect-simple-tips-to-make-better-photos-tickets-1708669950819,0,,failed,HTTP 404
https://www.eventbrite.ca/e/equinox-cabaret-new-mule-spinner-series-tickets-1982688868779,1,https://img.evbuc.com/https%3A%2F%2Fcdn.evbuc.com%2Fimages%2F1178112574%2F2568828071911%2F1%2Foriginal.20260221-212055?w=480&auto=format%2Ccompress&q=75&sharp=10&rect=0%2C346%2C892%2C446&s=f2de3b1749063c35f0e3f94c5cfc181c,ok,
https://www.eventbrite.ca/e/cell-block-tango-immersive-drag-show-tickets-1982726392012,1,https://img.evbuc.com/https%3A%2F%2Fcdn.evbuc.com%2Fimages%2F1177114400%2F2250129042403%2F1%2Foriginal.20260209-223910?w=480&auto=format%2Ccompress&q=75&sharp=10&s=595a9809fabb7291bf2b9e29813543e8,ok,
https://www.eventbrite.ca/e/cream-puff-class-level-1-choux-pastry-hamilton-studio-tickets-1119768691299,1,https://img.evbuc.com/https%3A%2F%2Fcdn.evbuc.com%2Fimages%2F920958813%2F34771446166%2F1%2Foriginal.20241220-142856?w=480&auto=format%2Ccompress&q=75&sharp=10&rect=0%2C197%2C1000%2C500&s=4b7b04bcb377986974633b991d544134,ok,
https://www.eventbrite.com/e/people-photography-workshop-mississauga-tickets-1368063678289,1,https://img.evbuc.com/https%3A%2F%2Fcdn.evbuc.com%2Fimages%2F1026567503%2F2077679396173%2F1%2Foriginal.20250508-185150?crop=focalpoint&fit=crop&w=480&auto=format%2Ccompress&q=75&sharp=10&fp-x=0.5&fp-y=0.5&s=0fd351990da8c5c73bf0e70da8296d0e,ok,
https://www.eventbrite.ca/e/essential-start-up-skills-1-day-training-in-guelph-tickets-1968555876619,1,https://img.evbuc.com/https%3A%2F%2Fcdn.evbuc.com%2Fimages%2F1171708867%2F2824010078961%2F1%2Foriginal.20251125-084007?crop=focalpoint&fit=crop&w=480&auto=format%2Ccompress&q=75&sharp=10&fp-x=0.5&fp-y=0.5&s=9b4c2e046c2f86797fdd03917e3a3230,ok,
https://www.eventbrite.ca/e/content-marketing-training-1-day-workshop-in-guelph-tickets-1968383952389,1,https://img.evbuc.com/https%3A%2F%2Fcdn.evbuc.com%2Fimages%2F1171865156%2F2824010078961%2F1%2Foriginal.20251127-102631?crop=focalpoint&fit=crop&w=480&auto=format%2Ccompress&q=75&sharp=10&fp-x=0.5&fp-y=0.5&s=e22c78972ef532b81a4cae6f82157cca,ok,
https://www.eventbrite.ca/e/beginner-adobe-photoshop-techniques-1-day-session-in-guelph-tickets-1968348648795,1,https://img.evbuc.com/https%3A%2F%2Fcdn.evbuc.com%2Fimages%2F1171864063%2F2824010078961%2F1%2Foriginal.20251127-095809?crop=focalpoint&fit=crop&w=480&auto=format%2Ccompress&q=75&sharp=10&fp-x=0.5&fp-y=0.5&s=c72086499f0468fa395f3bbc139e9906,ok,
https://www.eventbrite.com/e/the-blossoming-path-an-ostara-ritual-of-balance-and-becoming-tickets-1967103784372,1,https://img.evbuc.com/https%3A%2F%2Fcdn.evbuc.com%2Fimages%2F1170532276%2F19998983748%2F1%2Foriginal.20251109-183631?w=480&auto=format%2Ccompress&q=75&sharp=10&rect=0%2C291%2C1024%2C512&s=54d7922da1b4cbccf75ad46a7b1841f5,ok,
https://www.eventbrite.ca/e/stemotics-march-break-camp-1-week-march-16-to-20-2026-tickets-1981022448471,1,https://img.evbuc.com/https%3A%2F%2Fcdn.evbuc.com%2Fimages%2F1175365079%2F197528798963%2F1%2Foriginal.20260120-183533?w=480&auto=format%2Ccompress&q=75&sharp=10&rect=0%2C38%2C1198%2C599&s=27f4f160a9cee877085d2cd1db40eda3,ok,
https://www.eventbrite.ca/e/march-break-magic-show-tickets-1964538909763,1,https://img.evbuc.com/https%3A%2F%2Fcdn.evbuc.com%2Fimages%2F1172157416%2F415789453113%2F1%2Foriginal.20251202-163700?w=480&auto=format%2Ccompress&q=75&sharp=10&rect=0%2C0%2C2160%2C1080&s=420835df123372a9ae4294735d01f20d,ok,
https://www.eventbrite.ca/e/practical-full-stack-development-1-day-workshop-burlington-tickets-1982659259216,1,https://img.evbuc.com/https%3A%2F%2Fcdn.evbuc.com%2Fimages%2F1171396639%2F2824010078961%2F1%2Foriginal.20251120-063130?crop=focalpoint&fit=crop&w=480&auto=format%2Ccompress&q=75&sharp=10&fp-x=0.493&fp-y=0.071&s=9b35bce704d8011e6ef23e592d5406d3,ok,
https://www.eventbrite.ca/e/future-of-healthcare-in-canada-1-day-executive-session-burlington-tickets-1982853516244,1,https://img.evbuc.com/https%3A%2F%2Fcdn.evbuc.com%2Fimages%2F1171396639%2F2824010078961%2F1%2Foriginal.20251120-063130?crop=focalpoint&fit=crop&w=480&auto=format%2Ccompress&q=75&sharp=10&fp-x=0.493&fp-y=0.071&s=9b35bce704d8011e6ef23e592d5406d3,ok,
https://www.eventbrite.ca/e/hands-on-data-science-using-r-1-day-session-burlington-tickets-1982758207172,1,https://img.evbuc.com/https%3A%2F%2Fcdn.evbuc.com%2Fimages%2F1171396639%2F2824010078961%2F1%2Foriginal.20251120-063130?crop=focalpoint&fit=crop&w=480&auto=format%2Ccompress&q=75&sharp=10&fp-x=0.493&fp-y=0.071&s=9b35bce704d8011e6ef23e592d5406d3,ok,
https://www.eventbrite.ca/e/lean-six-sigma-for-healthcare-excellence-1-day-workshop-burlington-tickets-1982753260376,1,https://img.evbuc.com/https%3A%2F%2Fcdn.evbuc.com%2Fimages%2F1171396639%2F2824010078961%2F1%2Foriginal.20251120-063130?crop=focalpoint&fit=crop&w=480&auto=format%2Ccompress&q=75&sharp=10&fp-x=0.493&fp-y=0.071&s=9b35bce704d8011e6ef23e592d5406d3,ok,
https://www.eventbrite.ca/e/healthcare-it-systems-domain-basics-1-day-workshop-burlington-tickets-1982751508135,1,https://img.evbuc.com/https%3A%2F%2Fcdn.evbuc.com%2Fimages%2F1171396639%2F2824010078961%2F1%2Foriginal.20251120-063130?crop=focalpoint&fit=crop&w=480&auto=format%2Ccompress&q=75&sharp=10&fp-x=0.493&fp-y=0.071&s=9b35bce704d8011e6ef23e592d5406d3,ok,
https://www.eventbrite.ca/e/healthcare-revenue-finance-fundamentals-1-day-training-burlington-tickets-1982759670549,1,https://img.evbuc.com/https%3A%2F%2Fcdn.evbuc.com%2Fimages%2F1171396639%2F2824010078961%2F1%2Foriginal.20251120-063130?crop=focalpoint&fit=crop&w=480&auto=format%2Ccompress&q=75&sharp=10&fp-x=0.493&fp-y=0.071&s=9b35bce704d8011e6ef23e592d5406d3,ok,
https://www.eventbrite.ca/e/sql-fundamentals-for-healthcare-analytics-1-day-workshop-burlington-tickets-1982764249244,1,https://img.evbuc.com/https%3A%2F%2Fcdn.evbuc.com%2Fimages%2F1171396639%2F2824010078961%2F1%2Foriginal.20251120-063130?crop=focalpoint&fit=crop&w=480&auto=format%2Ccompress&q=75&sharp=10&fp-x=0.493&fp-y=0.071&s=9b35bce704d8011e6ef23e592d5406d3,ok,
https://www.eventbrite.ca/e/seo-content-optimization-1-day-intensive-session-burlington-tickets-1982762874131,1,https://img.evbuc.com/https%3A%2F%2Fcdn.evbuc.com%2Fimages%2F1171396639%2F2824010078961%2F1%2Foriginal.20251120-063130?crop=focalpoint&fit=crop&w=480&auto=format%2Ccompress&q=75&sharp=10&fp-x=0.493&fp-y=0.071&s=9b35bce704d8011e6ef23e592d5406d3,ok,
https://www.eventbrite.ca/e/healthcare-dashboards-using-tableau-1-day-session-burlington-tickets-1982765228172,1,https://img.evbuc.com/https%3A%2F%2Fcdn.evbuc.com%2Fimages%2F1171396639%2F2824010078961%2F1%2Foriginal.20251120-063130?crop=focalpoint&fit=crop&w=480&auto=format%2Ccompress&q=75&sharp=10&fp-x=0.493&fp-y=0.071&s=9b35bce704d8011e6ef23e592d5406d3,ok,
https://www.eventbrite.ca/e/feedback-excellence-at-work-1-day-practical-session-burlington-tickets-1982869622418,1,https://img.evbuc.com/https%3A%2F%2Fcdn.evbuc.com%2Fimages%2F1171396639%2F2824010078961%2F1%2Foriginal.20251120-063130?crop=focalpoint&fit=crop&w=480&auto=format%2Ccompress&q=75&sharp=10&fp-x=0.493&fp-y=0.071&s=9b35bce704d8011e6ef23e592d5406d3,ok,
https://www.eventbrite.ca/e/healthcare-business-finance-accounting-1-day-training-burlington-tickets-1982658643374,1,https://img.evbuc.com/https%3A%2F%2Fcdn.evbuc.com%2Fimages%2F1171396639%2F2824010078961%2F1%2Foriginal.20251120-063130?crop=focalpoint&fit=crop&w=480&auto=format%2Ccompress&q=75&sharp=10&fp-x=0.493&fp-y=0.071&s=9b35bce704d8011e6ef23e592d5406d3,ok,
https://www.eventbrite.ca/e/health-data-201-for-modern-healthcare-1-day-training-burlington-tickets-1982661336429,1,https://img.evbuc.com/https%3A%2F%2Fcdn.evbuc.com%2Fimages%2F1171396639%2F2824010078961%2F1%2Foriginal.20251120-063130?crop=focalpoint&fit=crop&w=480&auto=format%2Ccompress&q=75&sharp=10&fp-x=0.493&fp-y=0.071&s=9b35bce704d8011e6ef23e592d5406d3,ok,
https://www.eventbrite.ca/e/entrepreneur-success-toolkit-8-skills-1-day-workshop-burlington-tickets-1982860966528,1,https://img.evbuc.com/https%3A%2F%2Fcdn.evbuc.com%2Fimages%2F1171396639%2F2824010078961%2F1%2Foriginal.20251120-063130?crop=focalpoint&fit=crop&w=480&auto=format%2Ccompress&q=75&sharp=10&fp-x=0.493&fp-y=0.071&s=9b35bce704d8011e6ef23e592d5406d3,ok,
https://www.eventbrite.ca/e/secure-web-applications-with-owasp-1-day-session-burlington-tickets-1982757339577,1,https://img.evbuc.com/https%3A%2F%2Fcdn.evbuc.com%2Fimages%2F1171396639%2F2824010078961%2F1%2Foriginal.20251120-063130?crop=focalpoint&fit=crop&w=480&auto=format%2Ccompress&q=75&sharp=10&fp-x=0.493&fp-y=0.071&s=9b35bce704d8011e6ef23e592d5406d3,ok,
https://www.eventbrite.ca/e/objective-c-deep-dive-for-swift-developers-1-day-training-burlington-tickets-1982755224250,1,https://img.evbuc.com/https%3A%2F%2Fcdn.evbuc.com%2Fimages%2F1171396639%2F2824010078961%2F1%2Foriginal.20251120-063130?crop=focalpoint&fit=crop&w=480&auto=format%2Ccompress&q=75&sharp=10&fp-x=0.493&fp-y=0.071&s=9b35bce704d8011e6ef23e592d5406d3,ok,
https://www.eventbrite.com/e/family-paint-party-tickets-1977382210421,1,https://img.evbuc.com/https%3A%2F%2Fcdn.evbuc.com%2Fimages%2F1178208828%2F292898063203%2F1%2Foriginal.20260223-160249?w=480&auto=format%2Ccompress&q=75&sharp=10&rect=0%2C0%2C1000%2C500&s=b3dae175f9a8fbf26182b9bd635bd99a,ok,
https://www.eventbrite.ca/e/heart-stroke-bls-tickets-1979529733721,1,https://img.evbuc.com/https%3A%2F%2Fcdn.evbuc.com%2Fimages%2F1173843170%2F1248216517173%2F1%2Foriginal.20260102-161356?crop=focalpoint&fit=crop&w=480&auto=format%2Ccompress&q=75&sharp=10&fp-x=0.5&fp-y=0.5&s=cfcab1e2398c0763657b29282ad92595,ok,
https://www.eventbrite.ca/e/soupfest-tickets-1975354635891,0,,no_images_found,
https://www.eventbrite.ca/e/ancaster-soft-vibes-sparkly-things-holistic-healing-fairtm-tickets-1715913867569,1,https://img.evbuc.com/https%3A%2F%2Fcdn.evbuc.com%2Fimages%2F1172279100%2F335575615405%2F1%2Foriginal.20251204-003612?crop=focalpoint&fit=crop&w=480&auto=format%2Ccompress&q=75&sharp=10&fp-x=0.5&fp-y=0.5&s=39aad67869744477ff37d6ca4dce90ed,ok,
https://www.eventbrite.com/e/coronation-movie-day-tickets-1979617104048,0,,no_images_found,
https://www.eventbrite.ca/e/hamilton-all-star-jazz-dinner-dance-gala-tickets-1975022406183,0,,no_images_found,
https://www.eventbrite.ca/e/kate-quinn-and-janie-chang-in-conversation-tickets-1981858022696,1,https://img.evbuc.com/https%3A%2F%2Fcdn.evbuc.com%2Fimages%2F1177101185%2F241698097804%2F1%2Foriginal.20260209-203841?w=480&auto=format%2Ccompress&q=75&sharp=10&rect=0%2C33%2C1920%2C960&s=0f51241057537cb9216b1942c25aadff,ok,
https://www.eventbrite.com/e/ancient-shapes-at-corktown-tickets-1927620337319,1,https://img.evbuc.com/https%3A%2F%2Fcdn.evbuc.com%2Fimages%2F1166974403%2F2174542756383%2F1%2Foriginal.20251031-014144?w=480&auto=format%2Ccompress&q=75&sharp=10&rect=0%2C0%2C1080%2C540&s=1251ed3f69480da6acb1b583dbf707c9,ok,
https://www.eventbrite.ca/e/steve-strongman-march-1-at-the-shed-tickets-1969838692556,1,https://img.evbuc.com/https%3A%2F%2Fcdn.evbuc.com%2Fimages%2F1177984763%2F690348627453%2F1%2Foriginal.20260219-230001?w=480&auto=format%2Ccompress&q=75&sharp=10&rect=0%2C0%2C2160%2C1080&s=ff3634d4f4d4af24441cf425ced0f96b,ok,
https://www.eventbrite.ca/e/lost-faculty-album-release-show-w-kasador-bbq-pope-tickets-1978174012723,1,https://img.evbuc.com/https%3A%2F%2Fcdn.evbuc.com%2Fimages%2F1173078380%2F1705870505933%2F1%2Foriginal.20251216-185257?w=480&auto=format%2Ccompress&q=75&sharp=10&rect=1%2C1007%2C1996%2C998&s=341b8eb26922812a03a9f2f38f0cf89b,ok,
https://www.eventbrite.ca/e/the-compassionate-self-using-mindfulness-to-discover-the-joy-within-tickets-1980407204259,0,,no_images_found,
https://www.eventbrite.ca/e/80s-gone-wild-epic-debut-at-ridiculous-hamilton-ontario-tickets-1980155743132,0,,no_images_found,
https://www.eventbrite.ca/e/st-patricks-day-concert-with-celtic-effect-at-the-shed-tickets-1969828735775,1,https://img.evbuc.com/https%3A%2F%2Fcdn.evbuc.com%2Fimages%2F1170894989%2F690348627453%2F1%2Foriginal.20251113-171240?w=480&auto=format%2Ccompress&q=75&sharp=10&rect=0%2C0%2C2160%2C1080&s=74bf1d59eb4310d02a96fdfac26993eb,ok,
https://www.eventbrite.com/e/kids-adventure-expo-tickets-1979102952206,0,,no_images_found,
https://www.eventbrite.com/e/cozy-craft-club-at-aquanova-brewery-tickets-1981969383780,0,,no_images_found,
https://www.eventbrite.ca/e/shania-twang-tribute-concert-at-the-shed-tickets-1970617365588,1,https://img.evbuc.com/https%3A%2F%2Fcdn.evbuc.com%2Fimages%2F1170988892%2F690348627453%2F1%2Foriginal.20251114-181720?w=480&auto=format%2Ccompress&q=75&sharp=10&rect=0%2C0%2C2160%2C1080&s=5ec279284bac5314293a55085cec74a2,ok,
https://www.eventbrite.com/e/23rd-annual-heimbecker-memorial-cup-tickets-1767383875749,1,https://img.evbuc.com/https%3A%2F%2Fcdn.evbuc.com%2Fimages%2F952364603%2F1383058298323%2F1%2Foriginal.20250204-154333?crop=focalpoint&fit=crop&w=480&auto=format%2Ccompress&q=75&sharp=10&fp-x=0.5&fp-y=0.5&s=08baaf52e6107c0d24bfd09b95c7e91e,ok,
https://www.eventbrite.ca/e/silver-screen-sing-along-and-social-tickets-1981956386906,0,,no_images_found,
https://www.eventbrite.ca/e/wrw-come-alive-worship-music-tech-conference-2026-tickets-1980130523700,1,https://img.evbuc.com/https%3A%2F%2Fcdn.evbuc.com%2Fimages%2F1176519790%2F2011085136793%2F1%2Foriginal.20260203-011543?w=480&auto=format%2Ccompress&q=75&sharp=10&rect=0%2C0%2C2160%2C1080&s=4b9f952807bfcc60235ffce552c27233,ok,
https://www.eventbrite.ca/e/fascination-4th-anniversary-friday-feb-27-w-3-goth-djs-2-bands-3-drag-tickets-1982417844137,1,https://img.evbuc.com/https%3A%2F%2Fcdn.evbuc.com%2Fimages%2F1176754237%2F673233413773%2F1%2Foriginal.20260205-064739?w=480&auto=format%2Ccompress&q=75&sharp=10&s=b970b42c04d113501c6e801db732ddae,ok,
https://www.eventbrite.com/e/the-sadies-hamilton-tickets-1981926800412,1,https://img.evbuc.com/https%3A%2F%2Fcdn.evbuc.com%2Fimages%2F1176146245%2F1899067332883%2F1%2Foriginal.20260129-102352?w=480&auto=format%2Ccompress&q=75&sharp=10&s=ed1f070b85a8c319757517bd9d827fa5,ok,
https://www.eventbrite.ca/e/enzone-experience-pop-up-hiit-event-tickets-1980016848695,0,,no_images_found,
https://www.eventbrite.ca/e/tacos-after-dark-a-monthly-supper-club-at-the-historic-cotton-factory-tickets-1982732417033,1,https://img.evbuc.com/https%3A%2F%2Fcdn.evbuc.com%2Fimages%2F1177308683%2F2507087653231%2F1%2Foriginal.20260211-192844?crop=focalpoint&fit=crop&w=480&auto=format%2Ccompress&q=75&sharp=10&fp-x=0.5&fp-y=0.5&s=bcd2fae7c139e8228fb7346725d12062,ok,
https://www.eventbrite.ca/e/dancing-with-your-inner-union-ecstatic-dance-tickets-1982408223361,0,,no_images_found,
https://www.eventbrite.ca/e/songs-in-the-round-frank-fiction-mitch-szitas-mary-simon-tickets-1981763737687,0,,no_images_found,
https://www.eventbrite.ca/e/heated-rivalry-drag-brunch-at-bernies-tavern-sold-out-see-other-listing-tickets-1982749401835,1,https://img.evbuc.com/https%3A%2F%2Fcdn.evbuc.com%2Fimages%2F1177140072%2F564455847861%2F1%2Foriginal.20260210-044115?w=480&auto=format%2Ccompress&q=75&sharp=10&rect=0%2C0%2C2160%2C1080&s=dd203be16e08af9397134bc232330fc1,ok,
https://www.eventbrite.ca/e/the-blues-studio-steve-strongman-acoustic-sessions-ii-tickets-1982287387939,1,https://img.evbuc.com/https%3A%2F%2Fcdn.evbuc.com%2Fimages%2F1176566801%2F61655384579%2F1%2Foriginal.20260203-152337?w=480&auto=format%2Ccompress&q=75&sharp=10&rect=0%2C0%2C2160%2C1080&s=b2314dc3eef264ee1348e787c6d432a1,ok,
https://www.eventbrite.ca/e/hamilton-fashion-week-gala-fashion-show-tickets-1976403793951,1,https://img.evbuc.com/https%3A%2F%2Fcdn.evbuc.com%2Fimages%2F1172015545%2F152553482217%2F1%2Foriginal.20251130-214121?w=480&auto=format%2Ccompress&q=75&sharp=10&rect=0%2C0%2C2160%2C1080&s=aa4042e583b2a4960da703739ba71f28,ok,
https://www.eventbrite.ca/e/needle-felt-a-snowy-owlet-figure-tickets-1980822934720,1,https://img.evbuc.com/https%3A%2F%2Fcdn.evbuc.com%2Fimages%2F1175186877%2F35626777868%2F1%2Foriginal.20260118-200550?w=480&auto=format%2Ccompress&q=75&sharp=10&s=4432885626089576ca3a6f8181aeffe1,ok,
https://www.eventbrite.ca/e/44-caliber-love-letter-by-pro-wrestling-ontario-tickets-1980762288325,1,https://img.evbuc.com/https%3A%2F%2Fcdn.evbuc.com%2Fimages%2F1175302832%2F1109668593363%2F1%2Foriginal.20260120-024354?w=480&auto=format%2Ccompress&q=75&sharp=10&rect=0%2C0%2C2160%2C1080&s=4ef1e1b07450c994760a2032989589c0,ok,
https://www.eventbrite.ca/e/laughs-on-tap-comedy-night-at-the-shed-tickets-1980131042251,1,https://img.evbuc.com/https%3A%2F%2Fcdn.evbuc.com%2Fimages%2F1174347963%2F690348627453%2F1%2Foriginal.20260108-202129?w=480&auto=format%2Ccompress&q=75&sharp=10&rect=0%2C0%2C2160%2C1080&s=7e14bb69e36716767fe867d3752ad6be,ok,
https://www.eventbrite.com/e/hon-paddy-torsneys-30th-annual-international-womens-day-breakfast-tickets-1981023583867,1,https://cdn.evbstatic.com/s3-build/perm_001/6ce389/django/images/logos/eb_orange_on_white_1200x630.png,ok,
https://www.eventbrite.ca/e/hamilton-pizza-tour-9-tickets-1968249726917,0,,no_images_found,
https://www.eventbrite.com/e/tia-mcgraff-tommy-parham-special-guests-carol-greene-wayne-krawchuk-tickets-1981214662388,1,https://img.evbuc.com/https%3A%2F%2Fcdn.evbuc.com%2Fimages%2F1175466660%2F419842311915%2F1%2Foriginal.20260121-174319?w=480&auto=format%2Ccompress&q=75&sharp=10&rect=0%2C120%2C1440%2C720&s=c48ac17a902c8896a7112ad0141c02ac,ok,
https://www.eventbrite.ca/e/alpha-1-wrestling-presents-buck-wild-tickets-1980730646684,1,https://img.evbuc.com/https%3A%2F%2Fcdn.evbuc.com%2Fimages%2F1175898184%2F2777888904971%2F1%2Foriginal.20260126-233013?crop=focalpoint&fit=crop&w=480&auto=format%2Ccompress&q=75&sharp=10&fp-x=0.044&fp-y=0.662&s=b03d9e7f44d5b771b1497116c716bd1d,ok,
https://www.eventbrite.ca/e/rotary-family-day-breakfast-and-games-in-support-of-food4kids-hamilton-tickets-1979360525615,0,,no_images_found,
https://www.eventbrite.ca/e/italian-film-night-featuring-the-film-familia-tickets-1982119794663,1,https://cdn.evbstatic.com/s3-build/perm_001/6ce389/django/images/logos/eb_orange_on_white_1200x630.png,ok,
https://www.eventbrite.ca/e/blues-and-roots-matinee-sessions-at-the-upper-coach-tickets-1982450013356,0,,no_images_found,
https://www.eventbrite.ca/e/nonnas-night-pasta-e-fagioli-dinner-tickets-1982185036804,0,,no_images_found,
https://www.eventbrite.ca/e/freedom-train-in-concert-at-the-shed-tickets-1975594732025,1,https://img.evbuc.com/https%3A%2F%2Fcdn.evbuc.com%2Fimages%2F1175354875%2F690348627453%2F1%2Foriginal.20260120-171002?w=480&auto=format%2Ccompress&q=75&sharp=10&rect=0%2C0%2C2160%2C1080&s=9e6456b730b8efbce5979cee72aa779e,ok,
https://www.eventbrite.ca/e/galentine-y2k-dance-party-tickets-1963651461381,0,,no_images_found,
https://www.eventbrite.ca/e/rb-paint-n-sip-tickets-1979955604512,1,https://img.evbuc.com/https%3A%2F%2Fcdn.evbuc.com%2Fimages%2F1175674057%2F628155149403%2F1%2Foriginal.20260123-192409?w=480&auto=format%2Ccompress&q=75&sharp=10&rect=0%2C0%2C2160%2C1080&s=0018c180a3a690b0950b74404ed2b244,ok,
https://www.eventbrite.ca/e/convivo-series-opera-talk-aida-tickets-1982129273013,0,,no_images_found,
https://www.eventbrite.ca/e/duelling-pianos-at-the-shed-tickets-1981013486666,1,https://img.evbuc.com/https%3A%2F%2Fcdn.evbuc.com%2Fimages%2F1175353444%2F690348627453%2F1%2Foriginal.20260120-165825?w=480&auto=format%2Ccompress&q=75&sharp=10&rect=0%2C0%2C2160%2C1080&s=7cf9977551d32aa33203699f03dc7ffa,ok,
https://www.eventbrite.ca/e/acls-provider-bls-provider-certification-march-10-11th-2026-tickets-1962498804754,1,https://img.evbuc.com/https%3A%2F%2Fcdn.evbuc.com%2Fimages%2F1170097712%2F2581380196001%2F1%2Foriginal.20251104-142815?crop=focalpoint&fit=crop&w=480&auto=format%2Ccompress&q=75&sharp=10&fp-x=0.561&fp-y=0.49&s=da05e54448e38b56da1815d3f178cc7f,ok,
https://www.eventbrite.ca/e/apres-ski-party-at-the-port-house-tickets-1980331532924,0,,no_images_found,
https://www.eventbrite.ca/e/spots-for-men-speed-dating-56-69-and-mingling-tickets-1974898725250,0,,no_images_found,
https://www.eventbrite.com/e/the-boys-from-uk-w-gene-champagne-sat-mar-14-2026-corktown-pub-8pm-tickets-1681138844539,1,https://img.evbuc.com/https%3A%2F%2Fcdn.evbuc.com%2Fimages%2F1119179023%2F587690032593%2F1%2Foriginal.20250909-193141?crop=focalpoint&fit=crop&w=480&auto=format%2Ccompress&q=75&sharp=10&fp-x=0.5&fp-y=0.5&s=4b1a25d958622a4908b9e3a75345680e,ok,
https://www.eventbrite.ca/e/neighborhood-laughs-stand-up-comedy-at-cfta-tickets-1980873519019,1,https://img.evbuc.com/https%3A%2F%2Fcdn.evbuc.com%2Fimages%2F1172327461%2F1405351939013%2F1%2Foriginal.png?w=480&auto=format%2Ccompress&q=75&sharp=10&rect=0%2C0%2C940%2C470&s=a505308b54bcb590dcde7a03c3a635bc,ok,
https://www.eventbrite.ca/e/stand-up-comedy-night-at-nickelbrook-brewery-tickets-1982196950438,1,https://img.evbuc.com/https%3A%2F%2Fcdn.evbuc.com%2Fimages%2F1176879338%2F1107256365143%2F1%2Foriginal.20260206-152830?w=480&auto=format%2Ccompress&q=75&sharp=10&rect=0%2C0%2C1294%2C647&s=986b3d7eb81172a957da7256f7c80cbe,ok,
https://www.eventbrite.ca/e/csc-hamiltonniagara-chapter-dinner-networking-meeting-tickets-1982431933278,0,,no_images_found,
https://www.eventbrite.com/e/felt-fortune-cookie-workshop-tickets-1979312567170,0,,no_images_found,
https://www.eventbrite.ca/e/blissful-bao-making-class-tickets-1981275992829,0,,no_images_found,
https://www.eventbrite.ca/e/black-joy-through-food-storytelling-a-black-history-month-celebration-tickets-1980438772681,0,,no_images_found,
https://www.eventbrite.com/e/black-friday-comedy-show-february-tickets-1982114157803,0,,no_images_found,
https://www.eventbrite.com/e/paint-nite-brand-creative-events-tickets-1975596349864,1,https://img.evbuc.com/https%3A%2F%2Fcdn.evbuc.com%2Fimages%2F1177955637%2F292898063203%2F1%2Foriginal.20260219-180220?w=480&auto=format%2Ccompress&q=75&sharp=10&s=89aa64537595a2cdb17db94bcd9dfb65,ok,
https://www.eventbrite.ca/e/black-zeus-presents-not-another-comedy-show-hamilton-edition-tickets-1981500944666,1,https://img.evbuc.com/https%3A%2F%2Fcdn.evbuc.com%2Fimages%2F1175741246%2F189024347625%2F1%2Foriginal.20260124-231059?w=480&auto=format%2Ccompress&q=75&sharp=10&s=178dc087d929370e17a26aa53d055ee2,ok,
https://www.eventbrite.ca/e/improv-for-dd-players-tickets-1976937235489,0,,no_images_found,
https://www.eventbrite.ca/e/singles-mingle-february-edition-hamilton-prop-house-tickets-1982296059877,1,https://img.evbuc.com/https%3A%2F%2Fcdn.evbuc.com%2Fimages%2F1176580109%2F2250129042403%2F1%2Foriginal.20260203-170829?w=480&auto=format%2Ccompress&q=75&sharp=10&rect=0%2C60%2C1920%2C960&s=543e96cb9479271523385d0d35e86372,ok,
https://www.eventbrite.ca/e/13th-annual-synapse-life-science-competition-pitch-showcase-tickets-1948691922999,1,https://img.evbuc.com/https%3A%2F%2Fcdn.evbuc.com%2Fimages%2F1175992696%2F10916446941%2F1%2Foriginal.20260127-205050?w=480&auto=format%2Ccompress&q=75&sharp=10&rect=0%2C7%2C1920%2C960&s=707c5d37ee190705c1b93bfb9fb28e51,ok,
https://www.eventbrite.ca/e/new-moon-in-pisces-tickets-1981604682950,0,,no_images_found,
https://www.eventbrite.ca/e/canadian-deathmatch-presents-the-crazy-eight-invitational-2026-tickets-1978790986107,1,https://img.evbuc.com/https%3A%2F%2Fcdn.evbuc.com%2Fimages%2F1173369306%2F86324050881%2F1%2Foriginal.20251221-234532?w=480&auto=format%2Ccompress&q=75&sharp=10&rect=381%2C2562%2C2552%2C1276&s=f795f1812e8856fc7e8ec0236a671bd6,ok,
https://www.eventbrite.ca/e/poetry-in-motion-tickets-1982393378961,1,https://img.evbuc.com/https%3A%2F%2Fcdn.evbuc.com%2Fimages%2F1176723692%2F299142272831%2F1%2Foriginal.jpg?w=480&auto=format%2Ccompress&q=75&sharp=10&rect=0%2C0%2C2160%2C1080&s=5335ace12d05372f890b355701425be7,ok,
https://www.eventbrite.ca/e/practically-hip-live-in-concert-at-the-shed-tickets-1981015693266,1,https://img.evbuc.com/https%3A%2F%2Fcdn.evbuc.com%2Fimages%2F1176105673%2F690348627453%2F1%2Foriginal.20260128-213230?w=480&auto=format%2Ccompress&q=75&sharp=10&rect=0%2C0%2C2160%2C1080&s=f3f793e715212e276171cc20d97af565,ok,
https://www.eventbrite.ca/e/resin-circle-bjd-convention-tickets-1467920121599,1,https://img.evbuc.com/https%3A%2F%2Fcdn.evbuc.com%2Fimages%2F1067584413%2F1402029966853%2F1%2Foriginal.20250706-202231?w=480&auto=format%2Ccompress&q=75&sharp=10&rect=0%2C128%2C1536%2C768&s=fd480e4a1e2842f02fdc4d407bae6ea1,ok,
https://www.eventbrite.ca/e/pediatric-advanced-life-support-pals-blended-provider-mar-12-tickets-1738766811339,1,https://img.evbuc.com/https%3A%2F%2Fcdn.evbuc.com%2Fimages%2F1079606213%2F71276329041%2F1%2Foriginal.20250723-131736?w=480&auto=format%2Ccompress&q=75&sharp=10&rect=0%2C65%2C342%2C171&s=272e49df565b2150c383f862dfebdbc8,ok,
https://www.eventbrite.ca/e/paint-party-at-terra-greenhouse-burlington-tickets-1980689136526,0,,no_images_found,
https://www.eventbrite.ca/e/taking-in-the-good-rewiring-the-mind-towards-happiness-and-joy-tickets-1981272264678,1,https://img.evbuc.com/https%3A%2F%2Fcdn.evbuc.com%2Fimages%2F1175668540%2F158174638791%2F1%2Foriginal.20260123-182641?w=480&auto=format%2Ccompress&q=75&sharp=10&s=83a3c09bcfde7fecfcd410858ac82cf7,ok,
https://www.eventbrite.ca/e/forever-hip-live-at-the-block-co-tickets-1982356594939,1,https://img.evbuc.com/https%3A%2F%2Fcdn.evbuc.com%2Fimages%2F1176672886%2F311331146846%2F1%2Foriginal.20260204-145726?crop=focalpoint&fit=crop&w=480&auto=format%2Ccompress&q=75&sharp=10&fp-x=0.5&fp-y=0.5&s=428a93badcd661ceb548d39b44f17220,ok,
https://www.eventbrite.ca/e/line-dancing-at-the-shed-april-3-tickets-1981014578933,1,https://img.evbuc.com/https%3A%2F%2Fcdn.evbuc.com%2Fimages%2F1175354031%2F690348627453%2F1%2Foriginal.20260120-170258?w=480&auto=format%2Ccompress&q=75&sharp=10&rect=0%2C0%2C2160%2C1080&s=55217fd9a13bba2247218ff2c5e63835,ok,
https://www.eventbrite.com/e/denge-kurdan-tickets-1982940202525,1,https://img.evbuc.com/https%3A%2F%2Fcdn.evbuc.com%2Fimages%2F1177399747%2F2989667848543%2F1%2Foriginal.20260212-182913?w=480&auto=format%2Ccompress&q=75&sharp=10&rect=0%2C88%2C734%2C367&s=16e0ac1d5651d44bcaa12250c5d3108b,ok,
https://www.eventbrite.ca/e/foraging-mushrooms-and-edible-plants-workshop-tickets-1977086273265,1,https://img.evbuc.com/https%3A%2F%2Fcdn.evbuc.com%2Fimages%2F1172410357%2F317264490539%2F1%2Foriginal.20220308-222837?w=480&auto=format%2Ccompress&q=75&sharp=10&rect=0%2C151%2C1412%2C706&s=fd2cee5f488e56075d93f54029118d7b,ok,
https://www.eventbrite.com/e/elfrida-album-release-the-parlourridiculous-in-hamilton-tickets-1982327819872,1,https://img.evbuc.com/https%3A%2F%2Fcdn.evbuc.com%2Fimages%2F1176636811%2F1899067332883%2F1%2Foriginal.20260204-025717?crop=focalpoint&fit=crop&w=480&auto=format%2Ccompress&q=75&sharp=10&fp-x=0.5&fp-y=0.5&s=ae72602d1257a8d8ebc35e733962dc28,ok,
https://www.eventbrite.ca/e/hamilton-speed-dating-age-30-40-tickets-1982467208788,1,https://img.evbuc.com/https%3A%2F%2Fcdn.evbuc.com%2Fimages%2F1176828072%2F77924075793%2F1%2Foriginal.20260205-222343?w=480&auto=format%2Ccompress&q=75&sharp=10&rect=0%2C0%2C512%2C256&s=c4027a99c9ba6a3ca701b50ba880d3be,ok,
https://www.eventbrite.ca/e/soup-dumpling-xiao-long-bao-making-class-tickets-1966194228867,1,https://img.evbuc.com/https%3A%2F%2Fcdn.evbuc.com%2Fimages%2F682871429%2F161274182777%2F1%2Foriginal.20240125-205709?w=480&auto=format%2Ccompress&q=75&sharp=10&rect=0%2C0%2C2160%2C1080&s=efb73a8cc3076a60ad4f0d6838dd7c15,ok,
https://www.eventbrite.ca/e/sip-and-frame-tickets-1981505052954,0,,no_images_found,
https://www.eventbrite.ca/e/the-dance-playground-flow-space-tickets-1980936661881,1,https://img.evbuc.com/https%3A%2F%2Fcdn.evbuc.com%2Fimages%2F1177090329%2F1459302276183%2F1%2Foriginal.20260209-191009?w=480&auto=format%2Ccompress&q=75&sharp=10&rect=161%2C595%2C1460%2C730&s=3e4648efaf5f7619ff37aa043014ba52,ok,
https://www.eventbrite.ca/e/soft-serving-ice-cream-drag-at-realfruity-tickets-1983052725083,0,,no_images_found,
https://www.eventbrite.ca/e/afrobeat-vs-dancehall-tickets-1982352998181,1,https://img.evbuc.com/https%3A%2F%2Fcdn.evbuc.com%2Fimages%2F1176716837%2F1550401195803%2F1%2Foriginal.20260204-210907?crop=focalpoint&fit=crop&w=480&auto=format%2Ccompress&q=75&sharp=10&fp-x=0.47&fp-y=0.654&s=8854fc70f81483bd928e750380c12c39,ok,
https://www.eventbrite.ca/e/destroyer-kiss-tribute-concert-at-the-shed-tickets-1969804283638,1,https://img.evbuc.com/https%3A%2F%2Fcdn.evbuc.com%2Fimages%2F1170892287%2F690348627453%2F1%2Foriginal.20251113-165005?w=480&auto=format%2Ccompress&q=75&sharp=10&rect=0%2C0%2C2160%2C1080&s=1c728a323937a4ab1c1d33722e9dd6b6,ok,
https://www.eventbrite.com/e/galentines-at-mila-chic-tickets-1982052227568,1,https://img.evbuc.com/https%3A%2F%2Fcdn.evbuc.com%2Fimages%2F1176306605%2F2990154035192%2F1%2Foriginal.20260131-002126?w=480&auto=format%2Ccompress&q=75&sharp=10&rect=0%2C0%2C2160%2C1080&s=c0acc6be27c5cebc5a7e022108fd758e,ok,
https://www.eventbrite.ca/e/candles-and-cocktails-tickets-1977632976469,1,https://img.evbuc.com/https%3A%2F%2Fcdn.evbuc.com%2Fimages%2F588436309%2F210211004292%2F1%2Foriginal.20230901-185941?w=480&auto=format%2Ccompress&q=75&sharp=10&rect=0%2C0%2C2160%2C1080&s=19aa1cbd4bb837e3cb4dbd11a6581f27,ok,
https://www.eventbrite.com/e/yoga-and-sound-bath-experience-the-forest-wellness-centre-tickets-1982257002054,1,https://img.evbuc.com/https%3A%2F%2Fcdn.evbuc.com%2Fimages%2F1176531463%2F205050070886%2F1%2Foriginal.20260203-043059?crop=focalpoint&fit=crop&w=480&auto=format%2Ccompress&q=75&sharp=10&fp-x=0.521&fp-y=0.377&s=b6e4c95be039a493807c7821aecd0727,ok,
https://www.eventbrite.ca/e/winter-cabaret-and-silent-auction-tickets-1982521378812,0,,no_images_found,
https://www.eventbrite.ca/e/line-to-flow-an-ink-workshop-tickets-1982132124542,1,https://img.evbuc.com/https%3A%2F%2Fcdn.evbuc.com%2Fimages%2F1176775962%2F2351438841323%2F1%2Foriginal.20260205-142201?w=480&auto=format%2Ccompress&q=75&sharp=10&rect=0%2C15%2C2048%2C1024&s=d1dc57ea79fa7d24f5038e6e3db26757,ok,
https://www.eventbrite.ca/e/sinners-saints-cocktail-class-tickets-1982698683134,1,https://img.evbuc.com/https%3A%2F%2Fcdn.evbuc.com%2Fimages%2F1177082125%2F2250129042403%2F1%2Foriginal.20260209-175628?w=480&auto=format%2Ccompress&q=75&sharp=10&rect=0%2C79%2C1920%2C960&s=dcd1c1ccdfbda1181d0cca7d99e29ba5,ok,
https://www.eventbrite.com/e/success-summit-brantford-2026-tickets-1981458092494,1,https://img.evbuc.com/https%3A%2F%2Fcdn.evbuc.com%2Fimages%2F1175687648%2F1988363631873%2F1%2Foriginal.20260123-215601?w=480&auto=format%2Ccompress&q=75&sharp=10&rect=0%2C0%2C2160%2C1080&s=c8be7c758811657b23e121d15eb4d64f,ok,
https://www.eventbrite.ca/e/crystal-bowl-sound-bath-to-clear-stress-tickets-1982972628512,0,,failed,HTTP 404
https://www.eventbrite.ca/e/monthly-social-meetup-tickets-1982920676121,1,https://cdn.evbstatic.com/s3-build/perm_001/6ce389/django/images/logos/eb_orange_on_white_1200x630.png,ok,
https://www.eventbrite.com/e/juno-week-hamilton-music-showcase-night-1-ridiculous-tickets-1982704889698,1,https://img.evbuc.com/https%3A%2F%2Fcdn.evbuc.com%2Fimages%2F1177209187%2F1899067332883%2F1%2Foriginal.20260210-201651?crop=focalpoint&fit=crop&w=480&auto=format%2Ccompress&q=75&sharp=10&fp-x=0.5&fp-y=0.5&s=35a51fdc4e2ccf52d263c3beb8380027,ok,
https://www.eventbrite.ca/e/springsteen-tribute-last-of-the-duke-street-kings-at-the-shed-tickets-1969807238476,1,https://img.evbuc.com/https%3A%2F%2Fcdn.evbuc.com%2Fimages%2F1170893536%2F690348627453%2F1%2Foriginal.20251113-170021?w=480&auto=format%2Ccompress&q=75&sharp=10&rect=0%2C0%2C2160%2C1080&s=174e5e4c3c1236b0ad9dfbae88fc3048,ok,
https://www.eventbrite.ca/e/burlington-established-professionals-speed-dating-age-28-42-tickets-1981878814886,1,https://img.evbuc.com/https%3A%2F%2Fcdn.evbuc.com%2Fimages%2F1176096855%2F77924075793%2F1%2Foriginal.20260128-202304?w=480&auto=format%2Ccompress&q=75&sharp=10&rect=0%2C0%2C600%2C300&s=76d2035e3362981d1b99e64c062898b1,ok,
https://www.eventbrite.ca/e/burlesque-and-variety-show-at-evo-tickets-1980726490252,1,https://img.evbuc.com/https%3A%2F%2Fcdn.evbuc.com%2Fimages%2F1175059692%2F325224150849%2F1%2Foriginal.20260116-154821?w=480&auto=format%2Ccompress&q=75&sharp=10&rect=0%2C22%2C1920%2C960&s=d0d3e94b7b1e02370f84976aa3b95011,ok,
https://www.eventbrite.com/e/hmc-presents-adam-kolker-gary-versace-quartet-tickets-1979259117300,1,https://img.evbuc.com/https%3A%2F%2Fcdn.evbuc.com%2Fimages%2F1173669293%2F424593817247%2F1%2Foriginal.20251229-202608?w=480&auto=format%2Ccompress&q=75&sharp=10&s=dbe2196f5ff57244b49e4c87a5e85714,ok,
https://www.eventbrite.ca/e/anastasia-tickets-1981372219646,1,https://img.evbuc.com/https%3A%2F%2Fcdn.evbuc.com%2Fimages%2F1176334810%2F292446794279%2F1%2Foriginal.20260131-174838?w=480&auto=format%2Ccompress&q=75&sharp=10&rect=0%2C0%2C2160%2C1080&s=ba3a7bd2c058f6b71ad0b1e3fa12dd28,ok,
https://www.eventbrite.ca/e/the-2026-canadian-community-psychology-conference-tickets-1786127207559,1,https://img.evbuc.com/https%3A%2F%2Fcdn.evbuc.com%2Fimages%2F1172205163%2F2984730404689%2F1%2Foriginal.20251203-022523?w=480&auto=format%2Ccompress&q=75&sharp=10&rect=0%2C140%2C2240%2C1120&s=ba8e9c5c9c12a5ba0a78e5e6e79cab3b,ok,
https://www.eventbrite.ca/e/gcw-burlington-march-22nd-live-wrestling-tickets-1978978889130,1,https://img.evbuc.com/https%3A%2F%2Fcdn.evbuc.com%2Fimages%2F1174761679%2F2986747338080%2F1%2Foriginal.20260113-185027?w=480&auto=format%2Ccompress&q=75&sharp=10&rect=0%2C433%2C2000%2C1000&s=5142d7eded7b1001937ca114174d0000,ok,
https://www.eventbrite.ca/e/save-the-dates-buzz-conference-2027-tickets-1982436257211,1,https://img.evbuc.com/https%3A%2F%2Fcdn.evbuc.com%2Fimages%2F1176874774%2F68329440213%2F1%2Foriginal.20260206-143616?w=480&auto=format%2Ccompress&q=75&sharp=10&rect=0%2C31%2C1004%2C502&s=053a75d515cf11786c24751957ab0e1b,ok,
https://www.eventbrite.com/e/in-person-free-robotics-workshop-for-kids-at-milton-on-7-14-yrs-tickets-1981921379197,0,,no_images_found,
https://www.eventbrite.com/e/in-person-free-coding-workshop-for-kids-at-milton-on-7-14-yrs-tickets-1981922276882,0,,no_images_found,
https://www.eventbrite.com/e/rockstars-2026-spring-showcase-toronto-on-tickets-1982192275455,1,https://img.evbuc.com/https%3A%2F%2Fcdn.evbuc.com%2Fimages%2F1176457066%2F69951106971%2F1%2Foriginal.20260202-152944?w=480&auto=format%2Ccompress&q=75&sharp=10&rect=0%2C0%2C2160%2C1080&s=d0eef6d559cd4fb91aa01288f8fc17d5,ok,
https://www.eventbrite.com/e/capm-certification-weekend-classroom-training-in-rockwood-co-tickets-1969866158708,0,,no_images_found,
https://www.eventbrite.ca/e/womenuptm-ai-workshop-stop-posting-start-capturing-leads-you-actually-own-tickets-1980506984705,0,,no_images_found,
https://www.eventbrite.com/e/cbap-exam-prep-weekend-classroom-training-iiba-aligned-in-rockwood-co-tickets-1975278592443,0,,no_images_found,
https://www.eventbrite.ca/e/the-importance-of-being-earnest-penny-pound-theatre-tickets-1979807713165,0,,no_images_found,
https://www.eventbrite.ca/e/ai-day-with-toyota-tour-train-transform-lean-white-belt-certification-tickets-1981599329939,1,https://img.evbuc.com/https%3A%2F%2Fcdn.evbuc.com%2Fimages%2F1175874002%2F91003281809%2F1%2Foriginal.20260126-194421?w=480&auto=format%2Ccompress&q=75&sharp=10&rect=0%2C0%2C2160%2C1080&s=f5b5e9565c86938fe0acea76148f1eba,ok,
https://www.eventbrite.com/e/the-neighbours-a-new-play-by-nicolas-billon-directed-by-matt-white-tickets-1797697213759,1,https://img.evbuc.com/https%3A%2F%2Fcdn.evbuc.com%2Fimages%2F1149315763%2F2948085559891%2F1%2Foriginal.20251009-185508?w=480&auto=format%2Ccompress&q=75&sharp=10&rect=0%2C24%2C700%2C350&s=34da16b483ff48234cb63a9c38b4e059,ok,
https://www.eventbrite.com/e/2026-hamilton-local-business-expo-tickets-1982612527440,1,https://img.evbuc.com/https%3A%2F%2Fcdn.evbuc.com%2Fimages%2F1176988636%2F2991432652295%2F1%2Foriginal.20260208-130638?w=480&auto=format%2Ccompress&q=75&sharp=10&rect=0%2C127%2C958%2C479&s=5a52d54103ba36c6533f7147b3af2628,ok,
https://www.eventbrite.ca/e/delta-downsview-55000-monster-bingo-tickets-1980200592277,0,,no_images_found,
https://www.eventbrite.ca/e/canada-family-day-celebration-tickets-1982328287270,0,,no_images_found,
https://www.eventbrite.com/e/the-wedding-show-sunday-march-1st-2026-inside-hyatt-regency-toronto-tickets-1887994675899,1,https://img.evbuc.com/https%3A%2F%2Fcdn.evbuc.com%2Fimages%2F1162636963%2F180524839650%2F1%2Foriginal.20251026-063159?w=480&auto=format%2Ccompress&q=75&sharp=10&rect=0%2C43%2C1080%2C540&s=0ee49f47197ec21b15c917abe23b89dc,ok,
https://www.eventbrite.ca/e/sunde-social-beloved-tickets-1981587712190,0,,no_images_found,
https://www.eventbrite.com/e/2026-toronto-urban-vendors-fest-tickets-1982611965760,1,https://img.evbuc.com/https%3A%2F%2Fcdn.evbuc.com%2Fimages%2F1176988169%2F2991431706722%2F1%2Foriginal.20260208-124855?w=480&auto=format%2Ccompress&q=75&sharp=10&rect=0%2C400%2C1600%2C800&s=a57541f6e2995939e23d3b77cb632abb,ok,
https://www.eventbrite.com/e/international-youth-in-business-conference-toronto-2026-tickets-1753158798159,1,https://img.evbuc.com/https%3A%2F%2Fcdn.evbuc.com%2Fimages%2F1138565753%2F1873170323953%2F1%2Foriginal.20250929-105500?crop=focalpoint&fit=crop&w=480&auto=format%2Ccompress&q=75&sharp=10&fp-x=0.5&fp-y=0.5&s=9fe37f1e10d2f37e185da237f45daddb,ok,
https://www.eventbrite.com/e/richmond-art-and-craft-2026-tickets-1980246171606,1,https://cdn.evbstatic.com/s3-build/perm_001/6ce389/django/images/logos/eb_orange_on_white_1200x630.png,ok,
https://www.eventbrite.ca/e/etobicoke-camera-club-1-year-membership-for-the-2025-to-2026-season-tickets-1698373754619,0,,no_images_found,
https://www.eventbrite.ca/e/masters-phd-grad-diploma-info-table-yorks-spring-open-houseglendon-tickets-1974429113629,1,https://img.evbuc.com/https%3A%2F%2Fcdn.evbuc.com%2Fimages%2F1115980453%2F2404406890273%2F1%2Foriginal.20250906-015254?w=480&auto=format%2Ccompress&q=75&sharp=10&rect=0%2C0%2C1080%2C540&s=e3eeaf86723f4645e94bee537140ed31,ok,
https://www.eventbrite.com/e/gay-men-speed-dating-toronto-fancy-a-go-singles-event-tickets-1979449900939,0,,no_images_found,
https://www.eventbrite.com/e/phsas-end-of-year-gala-2026-masquerade-ball-tickets-1982508792165,1,https://img.evbuc.com/https%3A%2F%2Fcdn.evbuc.com%2Fimages%2F1176907250%2F1702395308653%2F1%2Foriginal.20260206-201200?w=480&auto=format%2Ccompress&q=75&sharp=10&rect=0%2C34%2C1200%2C600&s=f738c2e26814fde7949680d72f2756e5,ok,
https://www.eventbrite.com/e/intro-to-oils-35hr-workshop-in-person-toronto-tickets-1981460287058,1,https://img.evbuc.com/https%3A%2F%2Fcdn.evbuc.com%2Fimages%2F1175690809%2F2861146728461%2F1%2Foriginal.20260123-223852?w=480&auto=format%2Ccompress&q=75&sharp=10&rect=24%2C0%2C1010%2C505&s=2e59a7f15fa6c27efd32df1f4b2d0597,ok,
https://www.eventbrite.ca/e/hayden-ryann-live-at-dinas-tavern-tickets-1980399825188,1,https://img.evbuc.com/https%3A%2F%2Fcdn.evbuc.com%2Fimages%2F1175970191%2F2970759534411%2F1%2Foriginal.20260127-173614?crop=focalpoint&fit=crop&w=480&auto=format%2Ccompress&q=75&sharp=10&fp-x=0.958&fp-y=0.563&s=bc98f0f55091995610646fde0a575456,ok,
https://www.eventbrite.com/e/toronto-gay-men-singles-night-speed-dating-fancy-a-go-tickets-1979370922713,0,,no_images_found,
https://www.eventbrite.com/e/lean-six-sigma-green-belt-in-person-weekend-training-in-rockwood-co-tickets-1964708556180,0,,no_images_found,
https://www.eventbrite.ca/e/ontario-muslim-academy-family-iftar-2026-tickets-1982532027663,1,https://img.evbuc.com/https%3A%2F%2Fcdn.evbuc.com%2Fimages%2F1176895035%2F1433372116813%2F1%2Foriginal.20260206-180650?crop=focalpoint&fit=crop&w=480&auto=format%2Ccompress&q=75&sharp=10&fp-x=0.5&fp-y=0.5&s=69b0252c7acc41120c9a2829c71a4f30,ok,
https://www.eventbrite.ca/e/hybrid-turkish-courses-winter-term-2026-registration-1976663694320,1,https://img.evbuc.com/https%3A%2F%2Fcdn.evbuc.com%2Fimages%2F1172702278%2F850516005453%2F1%2Foriginal.20251210-181401?w=480&auto=format%2Ccompress&q=75&sharp=10&s=563f22f8db42f22c769ccfeee76722c3,ok,
https://www.eventbrite.ca/e/oakville-wedding-expo-winter-2026-tickets-1849682623519,1,https://img.evbuc.com/https%3A%2F%2Fcdn.evbuc.com%2Fimages%2F1158790643%2F466519136421%2F1%2Foriginal.20251021-171043?w=480&auto=format%2Ccompress&q=75&sharp=10&rect=0%2C0%2C2160%2C1080&s=82b5e2057749d276ffe726bb45521ffc,ok,
https://www.eventbrite.ca/e/dream-woman-a-4-week-empowering-heels-series-tickets-1980928017024,0,,no_images_found,
https://www.eventbrite.ca/e/toronto-business-kick-off-2027-tickets-1981825309851,1,https://img.evbuc.com/https%3A%2F%2Fcdn.evbuc.com%2Fimages%2F1176619241%2F1903271165153%2F1%2Foriginal.20260203-225413?w=480&auto=format%2Ccompress&q=75&sharp=10&rect=0%2C0%2C2160%2C1080&s=7d568439de5a33ce27e1ec6e389e03df,ok,
https://www.eventbrite.com/e/cross-border-supply-chain-2026-pitfalls-opportunities-tickets-1980492466280,1,https://img.evbuc.com/https%3A%2F%2Fcdn.evbuc.com%2Fimages%2F1177882429%2F2326561883113%2F1%2Foriginal.20260218-221149?w=480&auto=format%2Ccompress&q=75&sharp=10&rect=0%2C40%2C1280%2C640&s=ef8034377f016e0f9a089e401a8d29df,ok,
https://www.eventbrite.ca/e/soft-bodies-somatic-movement-classes-tickets-1980935033009,0,,no_images_found,
https://www.eventbrite.com/e/toronto-craft-and-trade-fair-tickets-1982234544884,1,https://img.evbuc.com/https%3A%2F%2Fcdn.evbuc.com%2Fimages%2F1176504583%2F2990807717158%2F1%2Foriginal.20260202-220805?w=480&auto=format%2Ccompress&q=75&sharp=10&rect=0%2C113%2C958%2C479&s=f44c2fb3512348735748588a97c186e0,ok,
https://www.eventbrite.ca/e/2025-market-review-2026-market-forecast-registration-1980385892515,1,https://img.evbuc.com/https%3A%2F%2Fcdn.evbuc.com%2Fimages%2F1174628252%2F2060660350993%2F1%2Foriginal.20260112-154516?w=480&auto=format%2Ccompress&q=75&sharp=10&rect=0%2C0%2C3240%2C1620&s=9654710df972c26ceefbc08f83ebee5d,ok,
https://www.eventbrite.ca/e/ladies-business-networking-meeting-networking-momentum-march-tickets-1982603980877,1,https://img.evbuc.com/https%3A%2F%2Fcdn.evbuc.com%2Fimages%2F1176977556%2F385767415705%2F1%2Foriginal.20260208-024648?w=480&auto=format%2Ccompress&q=75&sharp=10&rect=0%2C0%2C2160%2C1080&s=4a2aa95a8b5beec73d5c45f13355479c,ok,
https://www.eventbrite.ca/e/caledon-orangeville-wedding-expo-winter-2026-tickets-1849681931449,0,,no_images_found,
https://www.eventbrite.ca/e/toronto-dating-hub-february-mixer-for-divorcees-single-parents-tickets-1981661147838,0,,no_images_found,
https://www.eventbrite.ca/e/rfg-ascend-2026-tickets-1628732886909,1,https://img.evbuc.com/https%3A%2F%2Fcdn.evbuc.com%2Fimages%2F1104514473%2F272630255770%2F1%2Foriginal.20250825-165358?w=480&auto=format%2Ccompress&q=75&sharp=10&rect=0%2C170%2C2048%2C1024&s=7adfbf96513341a1b5db251e704f53f3,ok,
https://www.eventbrite.ca/e/2026-introductory-beekeeping-course-1-tickets-1981348911932,1,https://img.evbuc.com/https%3A%2F%2Fcdn.evbuc.com%2Fimages%2F1176295616%2F515658883541%2F1%2Foriginal.20260130-213746?w=480&auto=format%2Ccompress&q=75&sharp=10&rect=0%2C708%2C4000%2C2000&s=6a032384a724c36c6f07f16e702aa011,ok,
https://www.eventbrite.ca/e/experienceto-riverdale-historical-tour-tickets-1599207405399,1,https://img.evbuc.com/https%3A%2F%2Fcdn.evbuc.com%2Fimages%2F1098148113%2F3139958924%2F1%2Foriginal.20250818-030010?w=480&auto=format%2Ccompress&q=75&sharp=10&rect=0%2C0%2C1080%2C540&s=c5d6c9f7eb233d838928bdb6901b93e0,ok,
https://www.eventbrite.ca/e/acbn-legacy-symposium-2026-tickets-1980241455500,1,https://img.evbuc.com/https%3A%2F%2Fcdn.evbuc.com%2Fimages%2F1177473271%2F242679157484%2F1%2Foriginal.20260213-154255?crop=focalpoint&fit=crop&w=480&auto=format%2Ccompress&q=75&sharp=10&fp-x=0.5&fp-y=0.5&s=5795882e7323ef702ced8f5377100182,ok,
https://www.eventbrite.ca/e/breaking-the-cycle-conference-tickets-1981438672408,1,https://img.evbuc.com/https%3A%2F%2Fcdn.evbuc.com%2Fimages%2F1176819725%2F463127400308%2F1%2Foriginal.20260205-210110?w=480&auto=format%2Ccompress&q=75&sharp=10&rect=0%2C0%2C1062%2C531&s=d58a17c51550f9e3d0e47020e98ae3e0,ok,
https://www.eventbrite.com/e/uncorked-by-reve-niagara-winemakers-dinner-series-tickets-1979790360262,1,https://img.evbuc.com/https%3A%2F%2Fcdn.evbuc.com%2Fimages%2F1174226034%2F2897743203021%2F1%2Foriginal.20260107-175423?crop=focalpoint&fit=crop&w=480&auto=format%2Ccompress&q=75&sharp=10&fp-x=0.453&fp-y=0.469&s=003883e16c57190da073ae2a1a0786a0,ok,
https://www.eventbrite.ca/e/square-dance-social-tickets-1982157550592,0,,no_images_found,
https://www.eventbrite.ca/e/stop-shrinking-in-2026-workshop-tickets-1981602585677,0,,no_images_found,
https://www.eventbrite.ca/e/opportunity-bridal-wedding-dress-sale-oakville-tickets-1944056177359,1,https://img.evbuc.com/https%3A%2F%2Fcdn.evbuc.com%2Fimages%2F1168134393%2F315313640516%2F1%2Foriginal.20251101-232359?w=480&auto=format%2Ccompress&q=75&sharp=10&rect=0%2C0%2C2160%2C1080&s=41f688f2c2b35725569deda74e8193d7,ok,
https://www.eventbrite.ca/e/recruiting-retention-leadership-symposium-march-25-2026-tickets-1981862109921,1,https://img.evbuc.com/https%3A%2F%2Fcdn.evbuc.com%2Fimages%2F1176066497%2F324596111131%2F1%2Foriginal.20260128-161722?w=480&auto=format%2Ccompress&q=75&sharp=10&rect=0%2C23%2C1920%2C960&s=6e845334e0996b5e9630cc558951632e,ok,
https://www.eventbrite.com/e/2026-greater-niagara-fishing-expo-4-day-pass-tickets-1743610579179,0,,no_images_found,
https://www.eventbrite.com/e/2026-greater-niagara-fishing-expo-single-day-pass-tickets-1743623688389,0,,no_images_found,
https://www.eventbrite.ca/e/holi-fiesta-20-day-holi-to-neon-night-one-epic-fiesta-bollywood-party-tickets-1982625658716,1,https://img.evbuc.com/https%3A%2F%2Fcdn.evbuc.com%2Fimages%2F1177897160%2F327109021225%2F1%2Foriginal.20260219-013018?w=480&auto=format%2Ccompress&q=75&sharp=10&s=8c035c3ed055c6706a24c1d9e3a02cf2,ok,
https://www.eventbrite.ca/e/introduction-to-front-end-development-1-day-workshop-in-burlington-tickets-1979374505429,1,https://img.evbuc.com/https%3A%2F%2Fcdn.evbuc.com%2Fimages%2F1171396639%2F2824010078961%2F1%2Foriginal.20251120-063130?crop=focalpoint&fit=crop&w=480&auto=format%2Ccompress&q=75&sharp=10&fp-x=0.493&fp-y=0.071&s=9b35bce704d8011e6ef23e592d5406d3,ok,
https://www.eventbrite.com/e/gay-men-speed-dating-toronto-fancy-a-go-singles-event-tickets-1983191016717,1,https://img.evbuc.com/https%3A%2F%2Fcdn.evbuc.com%2Fimages%2F454460549%2F540510529799%2F1%2Foriginal.20220726-210553?w=480&auto=format%2Ccompress&q=75&sharp=10&rect=0%2C0%2C1000%2C500&s=24d4dcbe0043d97e6a442626e752eb88,ok,
https://www.eventbrite.ca/e/2026-project-soy-plus-finale-30-year-showcase-tickets-1982189023729,1,https://img.evbuc.com/https%3A%2F%2Fcdn.evbuc.com%2Fimages%2F1176450235%2F395287140555%2F1%2Foriginal.20260202-142217?w=480&auto=format%2Ccompress&q=75&sharp=10&rect=0%2C0%2C2160%2C1080&s=35f1f9f80d24a167c8259b5df8f919b6,ok,
https://www.eventbrite.ca/e/hormones-hangouts-west-toronto-edition-periods-pms-tickets-1982460931011,1,https://img.evbuc.com/https%3A%2F%2Fcdn.evbuc.com%2Fimages%2F1178069957%2F274189052497%2F1%2Foriginal.20260220-224146?w=480&auto=format%2Ccompress&q=75&sharp=10&rect=0%2C52%2C1640%2C820&s=2be85ff891d7ab38ee549df03e495108,ok,
https://www.eventbrite.ca/e/holi-fiesta-20-night-holi-neon-lit-celebration-bollywood-party-tickets-1982644466972,1,https://img.evbuc.com/https%3A%2F%2Fcdn.evbuc.com%2Fimages%2F1177897258%2F327109021225%2F1%2Foriginal.20260219-013226?w=480&auto=format%2Ccompress&q=75&sharp=10&rect=0%2C0%2C2160%2C1080&s=d41ef0f5b7b093d888375b682e2c0593,ok,
https://www.eventbrite.dk/e/evolve-canada-2026-come-alive-canada-tickets-1981454033353,1,https://img.evbuc.com/https%3A%2F%2Fcdn.evbuc.com%2Fimages%2F1175682737%2F2989771855531%2F1%2Foriginal.png?w=480&auto=format%2Ccompress&q=75&sharp=10&rect=0%2C0%2C940%2C470&s=bfd8f026e002435429253435e3bd56ea,ok,
https://www.eventbrite.ca/e/beautifully-rooted-in-christ-conference-2026-tickets-1977309685497,1,https://img.evbuc.com/https%3A%2F%2Fcdn.evbuc.com%2Fimages%2F1172549583%2F191072893767%2F1%2Foriginal.png?w=480&auto=format%2Ccompress&q=75&sharp=10&rect=0%2C0%2C940%2C470&s=3b59cf5a22cc7c230999c4c051032937,ok,
https://www.eventbrite.com/e/maple-city-artisan-holiday-market-tickets-1981493288767,1,https://img.evbuc.com/https%3A%2F%2Fcdn.evbuc.com%2Fimages%2F1175727844%2F2989862702036%2F1%2Foriginal.png?w=480&auto=format%2Ccompress&q=75&sharp=10&rect=0%2C0%2C940%2C470&s=eef63c05bab1e2cde88c9b4c3344919e,ok,
https://www.eventbrite.ca/e/junk-journal-night-tickets-1979744680633,0,,no_images_found,
https://www.eventbrite.ca/e/oakville-leadtribes-in-person-after-5-tickets-1982744597465,0,,no_images_found,
https://www.eventbrite.ca/e/bvz-community-evening-learn-all-about-the-bvz-launch-program-tickets-1980508468142,0,,no_images_found,
https://www.eventbrite.ca/e/ramadan-bazaar-2026-tickets-1980763874068,1,https://img.evbuc.com/https%3A%2F%2Fcdn.evbuc.com%2Fimages%2F1175115933%2F1391876194523%2F1%2Foriginal.20260117-070401?w=480&auto=format%2Ccompress&q=75&sharp=10&rect=0%2C5%2C1304%2C652&s=5cb8b9436c0a64843340340f979a37bd,ok,
https://www.eventbrite.ca/e/black-history-stem-celebration-2026-past-present-future-tickets-1982313485999,0,,no_images_found,
https://www.eventbrite.ca/e/echoes-of-greatness-celebrating-black-canadian-legacy-arts-and-futures-tickets-1982130761465,0,,no_images_found,
https://www.eventbrite.ca/e/buc-cook-off-registration-2026-tickets-1271836781049,1,https://img.evbuc.com/https%3A%2F%2Fcdn.evbuc.com%2Fimages%2F977566023%2F2386638939193%2F1%2Foriginal.20250307-010522?w=480&auto=format%2Ccompress&q=75&sharp=10&rect=423%2C23%2C1072%2C536&s=e2a00c5253a0d48f84e1d2e9e27c7e27,ok,
https://www.eventbrite.ca/e/united-way-niagaras-campaign-celebration-breakfast-tickets-1981748725786,1,https://img.evbuc.com/https%3A%2F%2Fcdn.evbuc.com%2Fimages%2F1177176793%2F1734041683383%2F1%2Foriginal.20260210-153834?w=480&auto=format%2Ccompress&q=75&sharp=10&rect=0%2C0%2C2160%2C1080&s=2ea30d98bc80848b6450abc4df72ad90,ok,
https://www.eventbrite.ca/e/oakville-eid-festival-2026-tickets-1975147316794,1,https://cdn.evbstatic.com/s3-build/perm_001/6ce389/django/images/logos/eb_orange_on_white_1200x630.png,ok,
https://www.eventbrite.com/e/mastering-communication-collaboration-tickets-1976903020150,1,https://cdn.evbstatic.com/s3-build/perm_001/6ce389/django/images/logos/eb_orange_on_white_1200x630.png,ok,
https://www.eventbrite.ca/e/the-age-of-surveillance-capitalism-north-york-reading-group-tickets-1982158241659,0,,no_images_found,
https://www.eventbrite.ca/e/taste-of-the-middle-east-mississauga-arabic-festival-2026-tickets-1981275555521,1,https://cdn.evbstatic.com/s3-build/perm_001/6ce389/django/images/logos/eb_orange_on_white_1200x630.png,ok,
https://www.eventbrite.com/e/forest-bathing-the-way-of-stillness-a-year-of-shinrin-yoku-at-oakhenge-tickets-1967205825580,1,https://img.evbuc.com/https%3A%2F%2Fcdn.evbuc.com%2Fimages%2F1170502093%2F19998983748%2F1%2Foriginal.20251108-234547?w=480&auto=format%2Ccompress&q=75&sharp=10&rect=0%2C44%2C1456%2C728&s=cc31e9545f9359e452cc8d9e2c9caab0,ok,
https://www.eventbrite.ca/e/june-5th-pa-day-camp-2026-tickets-1772713897989,1,https://img.evbuc.com/https%3A%2F%2Fcdn.evbuc.com%2Fimages%2F1144773623%2F309130854867%2F1%2Foriginal.20251004-233014?w=480&auto=format%2Ccompress&q=75&sharp=10&rect=0%2C83%2C1000%2C500&s=0813d8a0e062765bd032dadee78d8537,ok,
https://www.eventbrite.ca/e/soundbath-meditation-incense-making-wellness-workshop-tickets-1981070602501,0,,no_images_found,
https://www.eventbrite.ca/e/wedbiz-masterclass-the-30-day-shortcut-stop-posting-start-automating-tickets-1980122189773,1,https://img.evbuc.com/https%3A%2F%2Fcdn.evbuc.com%2Fimages%2F1177229197%2F2050359737923%2F1%2Foriginal.20260210-233437?crop=focalpoint&fit=crop&w=480&auto=format%2Ccompress&q=75&sharp=10&fp-x=0.5&fp-y=0.5&s=a3122648932d826cba42b3940dd76d93,ok,
https://www.eventbrite.ca/e/government-relations-funding-and-event-planning-seminars-tickets-1980188793988,1,https://img.evbuc.com/https%3A%2F%2Fcdn.evbuc.com%2Fimages%2F1174993240%2F1378072953493%2F1%2Foriginal.20260115-202751?w=480&auto=format%2Ccompress&q=75&sharp=10&rect=0%2C0%2C2160%2C1080&s=b139697156e2c70a9b1f47abe0660ff6,ok,
https://www.eventbrite.com/e/2026-homebuyers-playbook-seminar-tickets-1979907631022,1,https://img.evbuc.com/https%3A%2F%2Fcdn.evbuc.com%2Fimages%2F1175397838%2F2942331410841%2F1%2Foriginal.20260120-230640?w=480&auto=format%2Ccompress&q=75&sharp=10&rect=0%2C0%2C2000%2C1000&s=cd14f7cc2e1c590c8f772697b35a7138,ok,
https://www.eventbrite.com/e/rise-canada-2026-tickets-1979072079866,1,https://img.evbuc.com/https%3A%2F%2Fcdn.evbuc.com%2Fimages%2F1173644458%2F2987214298078%2F1%2Foriginal.20251229-141111?crop=focalpoint&fit=crop&w=480&auto=format%2Ccompress&q=75&sharp=10&fp-x=0.521&fp-y=0.234&s=f9dcfe4028ca9094ddc34b8fd7f60689,ok,
https://www.eventbrite.com/e/international-conference-on-african-startups-toronto-2026-tickets-1975743880131,1,https://img.evbuc.com/https%3A%2F%2Fcdn.evbuc.com%2Fimages%2F726544489%2F1873170323953%2F1%2Foriginal.20240323-123657?w=480&auto=format%2Ccompress&q=75&sharp=10&s=12a1fba0eb331d5af04750e193e05afa,ok,
https://www.eventbrite.ca/e/brantford-wedding-expo-spring-2026-tickets-1730914524939,1,https://cdn.evbstatic.com/s3-build/perm_001/6ce389/django/images/logos/eb_orange_on_white_1200x630.png,ok,
https://www.eventbrite.ca/e/2026-niagara-engineering-week-morning-technical-session-and-luncheon-tickets-1982188331659,1,https://img.evbuc.com/https%3A%2F%2Fcdn.evbuc.com%2Fimages%2F1176560702%2F135911583712%2F1%2Foriginal.20260203-142837?crop=focalpoint&fit=crop&w=480&auto=format%2Ccompress&q=75&sharp=10&fp-x=0.502&fp-y=0.59&s=e60d98ebea51182b098988fe9ac37d03,ok,
https://www.eventbrite.ca/e/8th-global-conference-on-machine-learning-and-artificial-intelligence-2026-tickets-1839645161199,0,,no_images_found,
https://www.eventbrite.ca/e/2026-ontario-prayer-breakfast-tickets-1596571070049,1,https://img.evbuc.com/https%3A%2F%2Fcdn.evbuc.com%2Fimages%2F1145299073%2F513039767171%2F1%2Foriginal.20251006-021006?w=480&auto=format%2Ccompress&q=75&sharp=10&rect=0%2C37%2C1200%2C600&s=bfb87eb33c4a3115eeb9b314c52cb4d8,ok,
https://www.eventbrite.ca/e/screen-composers-guild-of-canada-panel-talk-tickets-1983150657000,1,https://img.evbuc.com/https%3A%2F%2Fcdn.evbuc.com%2Fimages%2F1177521020%2F1751376966843%2F1%2Foriginal.20260214-044620?crop=focalpoint&fit=crop&w=480&auto=format%2Ccompress&q=75&sharp=10&fp-x=0.5&fp-y=0.5&s=816e3ff6ed8ce282ebc2e66eff1a8489,ok,
https://www.eventbrite.ca/e/future-skills-for-2026-1-day-workforce-training-in-mississauga-tickets-1978082050662,1,https://img.evbuc.com/https%3A%2F%2Fcdn.evbuc.com%2Fimages%2F1171396639%2F2824010078961%2F1%2Foriginal.20251120-063130?crop=focalpoint&fit=crop&w=480&auto=format%2Ccompress&q=75&sharp=10&fp-x=0.493&fp-y=0.071&s=9b35bce704d8011e6ef23e592d5406d3,ok,
https://www.eventbrite.ca/e/recurrence-2026-tickets-1979110916026,1,https://img.evbuc.com/https%3A%2F%2Fcdn.evbuc.com%2Fimages%2F1173566241%2F1413019327643%2F1%2Foriginal.20251227-140255?w=480&auto=format%2Ccompress&q=75&sharp=10&rect=0%2C2849%2C4892%2C2446&s=1c217c0302e4fd171319105bbf0dea09,ok,
https://www.eventbrite.ca/e/largest-eid-festival-2026-at-ikon-event-space-tickets-1978627977544,1,https://img.evbuc.com/https%3A%2F%2Fcdn.evbuc.com%2Fimages%2F1173278819%2F247124087708%2F1%2Foriginal.20251219-172326?crop=focalpoint&fit=crop&w=480&auto=format%2Ccompress&q=75&sharp=10&fp-x=0.5&fp-y=0.5&s=36f3685eb18abdbfef56772b019e7718,ok,
https://www.eventbrite.com/e/2026-mcca-chinese-new-year-gala-tickets-1976354784362,0,,no_images_found,
https://www.eventbrite.ca/e/pauz-power-reclaiming-your-midlife-mojo-tickets-1554971715259,1,https://img.evbuc.com/https%3A%2F%2Fcdn.evbuc.com%2Fimages%2F1178263577%2F1973021443093%2F1%2Foriginal.20260224-010246?w=480&auto=format%2Ccompress&q=75&sharp=10&rect=10%2C0%2C2160%2C1080&s=c4f96dbea8e85ffed2ccf86ef8cbdb6b,ok,
https://www.eventbrite.ca/e/2026-acce-magnolia-event-tickets-1982794930011,1,https://img.evbuc.com/https%3A%2F%2Fcdn.evbuc.com%2Fimages%2F1177757387%2F67356372085%2F1%2Foriginal.20260217-191832?w=480&auto=format%2Ccompress&q=75&sharp=10&rect=0%2C0%2C2160%2C1080&s=2ffdafa6ef6b89c2f7637ffd2863e80c,ok,
https://www.eventbrite.ca/e/gcw-stratford-august-22nd-2026-live-wrestling-tickets-1395215620479,1,https://img.evbuc.com/https%3A%2F%2Fcdn.evbuc.com%2Fimages%2F1174874713%2F2828738618651%2F1%2Foriginal.20260114-190330?crop=focalpoint&fit=crop&w=480&auto=format%2Ccompress&q=75&sharp=10&fp-x=0.502&fp-y=0.033&s=bb983a1d91b6b27790eb4b708e4acb22,ok,
https://www.eventbrite.ca/e/9th-global-conference-on-machine-learning-and-artificial-intelligence-2026-tickets-1974946816091,1,https://img.evbuc.com/https%3A%2F%2Fcdn.evbuc.com%2Fimages%2F1020040023%2F1917235214013%2F1%2Foriginal.png?w=480&auto=format%2Ccompress&q=75&sharp=10&rect=0%2C0%2C940%2C470&s=39f6c8b0dd1ef3613f1f619117b75ffb,ok,
https://www.eventbrite.ca/e/celebrate-ramadan-and-eid-festival-at-ikon-event-space-tickets-1980522773931,1,https://img.evbuc.com/https%3A%2F%2Fcdn.evbuc.com%2Fimages%2F1174681032%2F247124087708%2F1%2Foriginal.20260112-234434?crop=focalpoint&fit=crop&w=480&auto=format%2Ccompress&q=75&sharp=10&fp-x=0.5&fp-y=0.5&s=10a199ece28b0ba16a835e3f72e374aa,ok,
https://www.eventbrite.com/e/pnb-minds-graduate-research-day-2026-tickets-1981862392767,1,https://img.evbuc.com/https%3A%2F%2Fcdn.evbuc.com%2Fimages%2F1176067012%2F2990267674135%2F1%2Foriginal.20260128-162123?w=480&auto=format%2Ccompress&q=75&sharp=10&rect=127%2C0%2C808%2C404&s=e77e45858c2aaf21965cb9ba7c494b34,ok,
https://www.eventbrite.ca/e/10th-global-conference-on-machine-learning-and-artificial-intelligence-2026-tickets-1979392447093,1,https://img.evbuc.com/https%3A%2F%2Fcdn.evbuc.com%2Fimages%2F1020040023%2F1917235214013%2F1%2Foriginal.png?w=480&auto=format%2Ccompress&q=75&sharp=10&rect=0%2C0%2C940%2C470&s=39f6c8b0dd1ef3613f1f619117b75ffb,ok,
https://www.eventbrite.ca/e/workstudy-program-end-of-the-year-celebration-tickets-1979771634252,1,https://img.evbuc.com/https%3A%2F%2Fcdn.evbuc.com%2Fimages%2F1174035915%2F1366425810233%2F1%2Foriginal.20260105-200151?w=480&auto=format%2Ccompress&q=75&sharp=10&rect=0%2C231%2C2048%2C1024&s=2de4299f26e71f95a6243710732bb18f,ok,
https://www.eventbrite.ca/e/128th-global-conference-on-african-business-and-technology-gcabt-tickets-1979702799365,1,https://img.evbuc.com/https%3A%2F%2Fcdn.evbuc.com%2Fimages%2F1173986551%2F1371272017873%2F1%2Foriginal.20260105-090536?crop=focalpoint&fit=crop&w=480&auto=format%2Ccompress&q=75&sharp=10&fp-x=0.5&fp-y=0.5&s=cd1234b4ad4468c8ee8646d91bc5fd97,ok,
https://www.eventbrite.ca/e/148th-global-conference-on-digital-marketing-and-technology-gcdmt-tickets-1978770486793,1,https://img.evbuc.com/https%3A%2F%2Fcdn.evbuc.com%2Fimages%2F1173350724%2F1371272017873%2F1%2Foriginal.20251221-100933?crop=focalpoint&fit=crop&w=480&auto=format%2Ccompress&q=75&sharp=10&fp-x=0.494&fp-y=0.611&s=dbe72adca8e9c818e3ce308b08f3ca51,ok,
https://www.eventbrite.ca/e/125th-global-conference-on-african-economy-and-culture-gcaec-tickets-1979705808365,1,https://img.evbuc.com/https%3A%2F%2Fcdn.evbuc.com%2Fimages%2F1173987758%2F1371272017873%2F1%2Foriginal.20260105-094240?crop=focalpoint&fit=crop&w=480&auto=format%2Ccompress&q=75&sharp=10&fp-x=0.5&fp-y=0.5&s=febbf3c3631edb8ef2e580880066b5a3,ok,
https://www.eventbrite.ca/e/cala-connects-2026-tickets-1416019585699,1,https://img.evbuc.com/https%3A%2F%2Fcdn.evbuc.com%2Fimages%2F1144183433%2F1348043136003%2F1%2Foriginal.20251003-220946?w=480&auto=format%2Ccompress&q=75&sharp=10&rect=0%2C0%2C2160%2C1080&s=90da9d4c082be7328926c8a8d13bca30,ok,
https://www.eventbrite.ca/e/celebrate-excellence-2026-ontario-outstanding-young-farmers-regional-event-tickets-1980492672898,1,https://img.evbuc.com/https%3A%2F%2Fcdn.evbuc.com%2Fimages%2F1175401045%2F1604195447973%2F1%2Foriginal.20260121-001352?crop=focalpoint&fit=crop&w=480&auto=format%2Ccompress&q=75&sharp=10&fp-x=0.5&fp-y=0.5&s=409601cdbcbd8b52a7c2a78169f5df61,ok,
https://www.eventbrite.ca/e/fireside-chat-2026-tedxuoftmississauga-tickets-1983135668168,0,,no_images_found,
https://www.eventbrite.ca/e/sell-goods-or-promote-services-at-bollywoodmonster-mashup-2026-registration-1839504781319,1,https://img.evbuc.com/https%3A%2F%2Fcdn.evbuc.com%2Fimages%2F1160042443%2F177690221252%2F1%2Foriginal.20251022-195826?w=480&auto=format%2Ccompress&q=75&sharp=10&rect=0%2C504%2C3000%2C1500&s=b054980768cc143605ccba5fc647d18d,ok,
https://www.eventbrite.ca/e/11th-global-conference-on-machine-learning-and-artificial-intelligence-2026-tickets-1979392464144,1,https://img.evbuc.com/https%3A%2F%2Fcdn.evbuc.com%2Fimages%2F1020040023%2F1917235214013%2F1%2Foriginal.png?w=480&auto=format%2Ccompress&q=75&sharp=10&rect=0%2C0%2C940%2C470&s=39f6c8b0dd1ef3613f1f619117b75ffb,ok,
https://www.eventbrite.ca/e/the-perspective-exchange-tickets-1982051780230,1,https://img.evbuc.com/https%3A%2F%2Fcdn.evbuc.com%2Fimages%2F1176302900%2F2194275847823%2F1%2Foriginal.20260130-231612?w=480&auto=format%2Ccompress&q=75&sharp=10&s=e51f0fb5b7ba95c60434475a34ba1e49,ok,
https://www.eventbrite.ca/e/burlington-vegfest-2026-tickets-1980838063972,1,https://img.evbuc.com/https%3A%2F%2Fcdn.evbuc.com%2Fimages%2F1175208494%2F1320528723953%2F1%2Foriginal.20260119-023910?w=480&auto=format%2Ccompress&q=75&sharp=10&rect=0%2C122%2C1474%2C737&s=5aabb54653000ba81f8c361705190bba,ok,
https://www.eventbrite.ca/e/canadian-msb-association-2026-spring-conference-tickets-1978145488406,1,https://img.evbuc.com/https%3A%2F%2Fcdn.evbuc.com%2Fimages%2F1176288171%2F144142049483%2F1%2Foriginal.20260130-193653?w=480&auto=format%2Ccompress&q=75&sharp=10&rect=0%2C26%2C1920%2C960&s=63688df114e2252f019c4c8c11f5493f,ok,
https://www.eventbrite.ca/e/the-next-6-social-date-tba-tickets-1671563875549,1,https://img.evbuc.com/https%3A%2F%2Fcdn.evbuc.com%2Fimages%2F1077068833%2F272630255770%2F1%2Foriginal.20250719-192502?w=480&auto=format%2Ccompress&q=75&sharp=10&s=6742644ce1811cb9d61adb879bf948bd,ok,
https://www.eventbrite.ca/e/largest-eid-bazaar-2026-in-gta-ikon-event-space-mississauga-tickets-1981373327961,1,https://img.evbuc.com/https%3A%2F%2Fcdn.evbuc.com%2Fimages%2F1175588442%2F140863554548%2F1%2Foriginal.20260122-201703?crop=focalpoint&fit=crop&w=480&auto=format%2Ccompress&q=75&sharp=10&fp-x=0.452&fp-y=0.173&s=8d2c12c793a8402083035929c200d565,ok,
https://www.eventbrite.ca/e/u-of-t-transportation-alumni-reception-2026-registration-1980730200349,1,https://img.evbuc.com/https%3A%2F%2Fcdn.evbuc.com%2Fimages%2F1175150799%2F449309849808%2F1%2Foriginal.20260117-230519?w=480&auto=format%2Ccompress&q=75&sharp=10&rect=0%2C0%2C5760%2C2880&s=33991b9c3c3deb7968bf5f4d5a47f250,ok,
https://www.eventbrite.ca/e/black-then-muted-melodies-tickets-1964484815967,0,,no_images_found,
https://www.eventbrite.ca/e/146th-global-conference-on-international-business-and-marketing-gcibm-tickets-1978381500324,1,https://img.evbuc.com/https%3A%2F%2Fcdn.evbuc.com%2Fimages%2F1173192546%2F1371272017873%2F1%2Foriginal.20251218-105355?crop=focalpoint&fit=crop&w=480&auto=format%2Ccompress&q=75&sharp=10&fp-x=0.497&fp-y=0.575&s=10208f1e45d8fc3a374492fdd5c20635,ok,
https://www.eventbrite.ca/e/senior-music-theatre-production-grades-9-12-tuesdays-700-815pm-registration-1689677694469,1,https://img.evbuc.com/https%3A%2F%2Fcdn.evbuc.com%2Fimages%2F1081855823%2F150032373129%2F1%2Foriginal.20250726-174714?w=480&auto=format%2Ccompress&q=75&sharp=10&rect=0%2C296%2C3654%2C1827&s=0aff58ee16b3b3e3e5d909f667992875,ok,
https://www.eventbrite.ca/e/tech-builders-2026-building-the-new-digital-economy-tickets-1979568928955,1,https://img.evbuc.com/https%3A%2F%2Fcdn.evbuc.com%2Fimages%2F1173889129%2F128151761545%2F1%2Foriginal.20260103-094042?w=480&auto=format%2Ccompress&q=75&sharp=10&rect=0%2C0%2C2160%2C1080&s=5152e9d0368c77f1c2aeb0eb8bd1291f,ok,
https://www.eventbrite.ca/e/1up-conference-2026-blueprint-to-bloom-tickets-1977384690840,1,https://img.evbuc.com/https%3A%2F%2Fcdn.evbuc.com%2Fimages%2F1174130220%2F202039088522%2F1%2Foriginal.20260106-190130?w=480&auto=format%2Ccompress&q=75&sharp=10&s=56995e4f3bdaff37e464da05bfb4df1b,ok,
https://www.eventbrite.com/e/change-leadership-conference-2026-tickets-1388106025489,1,https://img.evbuc.com/https%3A%2F%2Fcdn.evbuc.com%2Fimages%2F1041550003%2F237920995882%2F1%2Foriginal.20250529-142551?crop=focalpoint&fit=crop&w=480&auto=format%2Ccompress&q=75&sharp=10&fp-x=0.5&fp-y=0.5&s=05e92620cb13b0cc059e7bbd796ad89f,ok,
https://www.eventbrite.ca/e/freedom-26-tickets-1983124894945,1,https://img.evbuc.com/https%3A%2F%2Fcdn.evbuc.com%2Fimages%2F1177499696%2F2174882850493%2F1%2Foriginal.20260213-204845?w=480&auto=format%2Ccompress&q=75&sharp=10&rect=0%2C15%2C1024%2C512&s=4b6814aa8bf5a9d1f5df2118dc906bcb,ok,
https://www.eventbrite.ca/e/june-26th-pa-day-camp-2026-tickets-1772713918049,1,https://img.evbuc.com/https%3A%2F%2Fcdn.evbuc.com%2Fimages%2F1144773573%2F309130854867%2F1%2Foriginal.20251004-233002?w=480&auto=format%2Ccompress&q=75&sharp=10&s=3ee6fa7bb052939790b4d75c77706a36,ok,
https://www.eventbrite.ca/e/cesas-conference-on-education-2026-tickets-1981598019018,1,https://img.evbuc.com/https%3A%2F%2Fcdn.evbuc.com%2Fimages%2F1176090243%2F201231629600%2F1%2Foriginal.20260128-192832?crop=focalpoint&fit=crop&w=480&auto=format%2Ccompress&q=75&sharp=10&fp-x=0.5&fp-y=0.507&s=8103de87e3a3978b4b888c73788d7e42,ok,
https://www.eventbrite.ca/e/2026-vegetable-garden-workshop-series-at-allan-gardens-tickets-1978194907219,1,https://img.evbuc.com/https%3A%2F%2Fcdn.evbuc.com%2Fimages%2F1173092897%2F235343698208%2F1%2Foriginal.20251216-220535?w=480&auto=format%2Ccompress&q=75&sharp=10&rect=0%2C0%2C2160%2C1080&s=f6ca3b77753e849fefac8613859eebb0,ok,
https://www.eventbrite.ca/e/africanada-economic-summit-2026-tickets-1305994728389,1,https://img.evbuc.com/https%3A%2F%2Fcdn.evbuc.com%2Fimages%2F1177719255%2F568455247047%2F1%2Foriginal.20260217-130846?crop=focalpoint&fit=crop&w=480&auto=format%2Ccompress&q=75&sharp=10&fp-x=0.5&fp-y=0.5&s=a115b507f3f746ebe2b27231a7d0047d,ok,
https://www.eventbrite.ca/e/eid-bazaar-2026-ramadan-festival-ikon-event-space-vendor-opportunity-tickets-1894424748419,1,https://img.evbuc.com/https%3A%2F%2Fcdn.evbuc.com%2Fimages%2F1163131043%2F247124087708%2F1%2Foriginal.20251027-051937?crop=focalpoint&fit=crop&w=480&auto=format%2Ccompress&q=75&sharp=10&fp-x=0.383&fp-y=0.278&s=19a7f4f671dc7c58e0d01f91b9ff48dd,ok,
https://www.eventbrite.com/e/women-in-health-it-networking-event-february-2026-tickets-1981969563317,0,,no_images_found,
https://www.eventbrite.com/e/oxford-college-open-house-mississauga-campus-programs-financial-aid-tickets-1982449832816,1,https://img.evbuc.com/https%3A%2F%2Fcdn.evbuc.com%2Fimages%2F1176890817%2F2991127803185%2F1%2Foriginal.20260206-172336?w=480&auto=format%2Ccompress&q=75&sharp=10&rect=37%2C0%2C600%2C300&s=3d396e885a701e1b6fff6b3e7351e2f2,ok,
https://www.eventbrite.ca/e/2026-u-of-t-school-of-continuing-studies-career-expo-networking-event-tickets-1757476743249,1,https://img.evbuc.com/https%3A%2F%2Fcdn.evbuc.com%2Fimages%2F1140015413%2F1496861321903%2F1%2Foriginal.20250930-135120?w=480&auto=format%2Ccompress&q=75&sharp=10&rect=115%2C0%2C1050%2C525&s=3dbd18141db2d3195f4ab7aa9f51aeb4,ok,
https://www.eventbrite.ca/e/valentines-trivia-night-2026-tickets-1980292926451,0,,no_images_found,
https://www.eventbrite.com/e/canada-world-cup-experience-tour-2026-tickets-1976454004131,1,https://img.evbuc.com/https%3A%2F%2Fcdn.evbuc.com%2Fimages%2F1172311106%2F1873170323953%2F1%2Foriginal.20251204-142214?crop=focalpoint&fit=crop&w=480&auto=format%2Ccompress&q=75&sharp=10&fp-x=0.5&fp-y=0.5&s=cc865df976f929acc6ab79cae0a3735e,ok,
https://www.eventbrite.ca/e/colab-mississauga-soft-launch-tickets-1982362022172,1,https://img.evbuc.com/https%3A%2F%2Fcdn.evbuc.com%2Fimages%2F1176686146%2F617878986293%2F1%2Foriginal.20260204-164909?w=480&auto=format%2Ccompress&q=75&sharp=10&rect=0%2C150%2C1200%2C600&s=8afd2d6d3abc85b329dc64a5ad6a3399,ok,
https://www.eventbrite.com/e/good-neighbours-award-tickets-1975022752218,0,,no_images_found,
https://www.eventbrite.ca/e/isow-model-un-2026-tickets-1980158268686,1,https://img.evbuc.com/https%3A%2F%2Fcdn.evbuc.com%2Fimages%2F1174383818%2F317410082599%2F1%2Foriginal.20260109-042114?w=480&auto=format%2Ccompress&q=75&sharp=10&rect=0%2C951%2C6240%2C3120&s=cd770f3bdff128edec76a2578a838a9c,ok,
https://www.eventbrite.ca/e/147th-global-conference-on-international-business-and-marketing-gcibm-tickets-1979652106742,1,https://img.evbuc.com/https%3A%2F%2Fcdn.evbuc.com%2Fimages%2F1173936006%2F1371272017873%2F1%2Foriginal.20260104-113349?crop=focalpoint&fit=crop&w=480&auto=format%2Ccompress&q=75&sharp=10&fp-x=0.905&fp-y=0.119&s=20d4d3aecbba7d802b0df6ba39a8a5e0,ok,
https://www.eventbrite.ca/e/2026-bso-symposium-tue-april-7-2026-tickets-1968860397449,1,https://img.evbuc.com/https%3A%2F%2Fcdn.evbuc.com%2Fimages%2F657816229%2F1931000178973%2F1%2Foriginal.20231213-045329?w=480&auto=format%2Ccompress&q=75&sharp=10&rect=0%2C0%2C2160%2C1080&s=a011d9954ac4cc4041f77836cca757d5,ok,
https://www.eventbrite.ca/e/127th-global-conference-on-african-business-and-technology-gcabt-tickets-1978722469171,1,https://img.evbuc.com/https%3A%2F%2Fcdn.evbuc.com%2Fimages%2F1173321400%2F1371272017873%2F1%2Foriginal.20251220-113258?crop=focalpoint&fit=crop&w=480&auto=format%2Ccompress&q=75&sharp=10&fp-x=0.519&fp-y=0.791&s=4ab166071e57b0a613dc2ab92dfcb769,ok,
https://www.eventbrite.ca/e/169th-global-conference-on-business-management-and-economics-gcbme-tickets-1978250287864,1,https://img.evbuc.com/https%3A%2F%2Fcdn.evbuc.com%2Fimages%2F1173121838%2F1371272017873%2F1%2Foriginal.20251217-113401?crop=focalpoint&fit=crop&w=480&auto=format%2Ccompress&q=75&sharp=10&fp-x=0.455&fp-y=0.565&s=48903fc273fedcc5f17da14aba5c6938,ok,
https://www.eventbrite.ca/e/toronto-singles-pub-crawl-2026-tickets-1982054740083,1,https://img.evbuc.com/https%3A%2F%2Fcdn.evbuc.com%2Fimages%2F1176310240%2F172835840800%2F1%2Foriginal.20260131-014440?w=480&auto=format%2Ccompress&q=75&sharp=10&rect=0%2C100%2C1200%2C600&s=940105ae0e84459e603c823d9b05d0b9,ok,
https://www.eventbrite.ca/e/oakville-lunar-new-year-celebration-tickets-1982559315281,0,,no_images_found,
https://www.eventbrite.ca/e/ontario-multicultural-and-business-conference-2026-tickets-1974530043513,1,https://img.evbuc.com/https%3A%2F%2Fcdn.evbuc.com%2Fimages%2F1177442172%2F411159748459%2F1%2Foriginal.20260213-041938?w=480&auto=format%2Ccompress&q=75&sharp=10&rect=0%2C37%2C1862%2C931&s=f00d39d6348e7632bdfda363b87aea1a,ok,
https://www.eventbrite.ca/e/125th-global-conference-on-african-business-and-technology-gcabt-tickets-1981514274536,1,https://img.evbuc.com/https%3A%2F%2Fcdn.evbuc.com%2Fimages%2F1175758676%2F1371272017873%2F1%2Foriginal.20260125-100707?crop=focalpoint&fit=crop&w=480&auto=format%2Ccompress&q=75&sharp=10&fp-x=0.504&fp-y=0.631&s=f81762fd0119a81102a1070d7379c5c7,ok,
https://www.eventbrite.ca/e/167th-global-conference-on-business-management-and-economics-gcbme-tickets-1981513229410,1,https://img.evbuc.com/https%3A%2F%2Fcdn.evbuc.com%2Fimages%2F1175756612%2F1371272017873%2F1%2Foriginal.20260125-071742?crop=focalpoint&fit=crop&w=480&auto=format%2Ccompress&q=75&sharp=10&fp-x=0.5&fp-y=0.5&s=53667275d0c81fb25e6bf4e42bbf12e3,ok,
https://www.eventbrite.com/e/alt-2026-tickets-1978622752917,1,https://img.evbuc.com/https%3A%2F%2Fcdn.evbuc.com%2Fimages%2F1173277268%2F289016510206%2F1%2Foriginal.20251219-165949?crop=focalpoint&fit=crop&w=480&auto=format%2Ccompress&q=75&sharp=10&fp-x=0.654&fp-y=0.457&s=5c8eec050ad5cc04e69599c374cc1a36,ok,
https://www.eventbrite.com/e/markham-lunarfest-artist-market-tickets-1982417280451,1,https://cdn.evbstatic.com/s3-build/perm_001/6ce389/django/images/logos/eb_orange_on_white_1200x630.png,ok,
https://www.eventbrite.com/e/digimarcon-canada-2026-digital-marketing-conference-exhibition-tickets-1653291562569,1,https://img.evbuc.com/https%3A%2F%2Fcdn.evbuc.com%2Fimages%2F1111172623%2F1423485612353%2F1%2Foriginal.20250902-023025?crop=focalpoint&fit=crop&w=480&auto=format%2Ccompress&q=75&sharp=10&fp-x=0.5&fp-y=0.5&s=6f946dc49cb0b4fa969e9fcd74791c9c,ok,
https://www.eventbrite.ca/e/124th-global-conference-on-african-economy-and-culture-gcaec-tickets-1978767918110,1,https://img.evbuc.com/https%3A%2F%2Fcdn.evbuc.com%2Fimages%2F1173349086%2F1371272017873%2F1%2Foriginal.20251221-070914?w=480&auto=format%2Ccompress&q=75&sharp=10&s=b359298165cfa1143962002a95af5718,ok,
https://www.eventbrite.ca/e/170th-global-conference-on-business-management-and-economics-gcbme-tickets-1979651388594,1,https://img.evbuc.com/https%3A%2F%2Fcdn.evbuc.com%2Fimages%2F1173935334%2F1371272017873%2F1%2Foriginal.20260104-105946?crop=focalpoint&fit=crop&w=480&auto=format%2Ccompress&q=75&sharp=10&fp-x=0.5&fp-y=0.5&s=5482837826dff29ddb142c2b40325586,ok,
https://www.eventbrite.ca/e/141st-global-conference-on-human-resource-management-gchrm-tickets-1978770639249,1,https://img.evbuc.com/https%3A%2F%2Fcdn.evbuc.com%2Fimages%2F1173350994%2F1371272017873%2F1%2Foriginal.20251221-103437?crop=focalpoint&fit=crop&w=480&auto=format%2Ccompress&q=75&sharp=10&fp-x=0.5&fp-y=0.5&s=82a26fddff8e585dd6f16091d9a2b507,ok,
https://www.eventbrite.ca/e/144th-global-conference-on-international-business-and-marketing-gcibm-tickets-1981514150164,1,https://img.evbuc.com/https%3A%2F%2Fcdn.evbuc.com%2Fimages%2F1175758374%2F1371272017873%2F1%2Foriginal.20260125-094011?crop=focalpoint&fit=crop&w=480&auto=format%2Ccompress&q=75&sharp=10&fp-x=0.512&fp-y=0.339&s=7983fc96c33e8cbce028a7feccd2e12c,ok,
https://www.eventbrite.ca/e/green-summit-toronto-2026-tickets-1628919194159,1,https://img.evbuc.com/https%3A%2F%2Fcdn.evbuc.com%2Fimages%2F1172180577%2F42573408262%2F1%2Foriginal.20251202-203540?w=480&auto=format%2Ccompress&q=75&sharp=10&rect=0%2C27%2C1280%2C640&s=a9b3806e99efc45ba3880bbd0ac7a181,ok,
https://www.eventbrite.ca/e/139th-global-conference-on-human-resource-management-gchrm-tickets-1981563790640,1,https://img.evbuc.com/https%3A%2F%2Fcdn.evbuc.com%2Fimages%2F1175821160%2F1371272017873%2F1%2Foriginal.20260126-094106?crop=focalpoint&fit=crop&w=480&auto=format%2Ccompress&q=75&sharp=10&fp-x=0.45&fp-y=0.388&s=72be06264e3e0e314164a44fd30cf5f3,ok,
https://www.eventbrite.com/e/intuitive-depth-pink-moon-circle-tickets-1978858791916,1,https://img.evbuc.com/https%3A%2F%2Fcdn.evbuc.com%2Fimages%2F1173428363%2F2301960490453%2F1%2Foriginal.20251223-001534?crop=focalpoint&fit=crop&w=480&auto=format%2Ccompress&q=75&sharp=10&fp-x=0.028&fp-y=0.019&s=c0a05bc491570224661457bb532151e8,ok,
https://www.eventbrite.com/e/workcongress-2026-virtual-future-of-work-expo-toronto-tickets-1979292207273,1,https://img.evbuc.com/https%3A%2F%2Fcdn.evbuc.com%2Fimages%2F1173697665%2F1532358464633%2F1%2Foriginal.20251230-070526?w=480&auto=format%2Ccompress&q=75&sharp=10&s=633994d131523e6915814bc03ad811b1,ok,
https://www.eventbrite.ca/e/16th-african-economic-summit-friends-of-africa-2026-tickets-1803110374669,1,https://img.evbuc.com/https%3A%2F%2Fcdn.evbuc.com%2Fimages%2F1069067813%2F304237656579%2F1%2Foriginal.20250708-161714?w=480&auto=format%2Ccompress&q=75&sharp=10&rect=0%2C45%2C1004%2C502&s=8ef954f8f438c220eb597ec195346cb8,ok,
https://www.eventbrite.ca/e/the-applaud-2026-tickets-1980925139417,1,https://img.evbuc.com/https%3A%2F%2Fcdn.evbuc.com%2Fimages%2F1176153731%2F1538961806713%2F1%2Foriginal.20260129-124246?w=480&auto=format%2Ccompress&q=75&sharp=10&s=134b4d4e5f4f5e8232d73dc7ffe68526,ok,
https://www.eventbrite.ca/e/149th-global-conference-on-digital-marketing-and-technology-gcdmt-tickets-1979707708047,1,https://img.evbuc.com/https%3A%2F%2Fcdn.evbuc.com%2Fimages%2F1173988592%2F1371272017873%2F1%2Foriginal.20260105-100406?crop=focalpoint&fit=crop&w=480&auto=format%2Ccompress&q=75&sharp=10&fp-x=0.544&fp-y=0.696&s=c9c3b62e2ca5929dad0e62e0bb527d86,ok,
https://www.eventbrite.ca/e/international-conference-on-healthcare-social-work-2026-tickets-1636203000219,1,https://img.evbuc.com/https%3A%2F%2Fcdn.evbuc.com%2Fimages%2F1123845673%2F1732388864073%2F1%2Foriginal.20250915-001258?crop=focalpoint&fit=crop&w=480&auto=format%2Ccompress&q=75&sharp=10&fp-x=0.005&fp-y=0.005&s=ed802d612a94076de6661943724fd68a,ok,
https://www.eventbrite.ca/e/122nd-global-conference-on-african-economy-and-culture-gcaec-tickets-1981514389881,1,https://img.evbuc.com/https%3A%2F%2Fcdn.evbuc.com%2Fimages%2F1175758981%2F1371272017873%2F1%2Foriginal.20260125-102924?crop=focalpoint&fit=crop&w=480&auto=format%2Ccompress&q=75&sharp=10&fp-x=0.5&fp-y=0.5&s=45ac4f4767ea3fc0a3273575f8890ace,ok,
https://www.eventbrite.com/e/world-cup-2026-planning-workshop-tickets-1982833323848,0,,no_images_found,
https://www.eventbrite.com/e/2026-lunar-new-year-scan-tickets-1980758895176,0,,no_images_found,
https://www.eventbrite.ca/e/the-small-business-show-2026-tickets-1977571099393,1,https://img.evbuc.com/https%3A%2F%2Fcdn.evbuc.com%2Fimages%2F1172743723%2F316041927084%2F1%2Foriginal.20251211-041341?crop=focalpoint&fit=crop&w=480&auto=format%2Ccompress&q=75&sharp=10&fp-x=0.025&fp-y=0.431&s=43d0beeb27a88ef27280369241bc1001,ok,
https://www.eventbrite.com/e/bed-by-10-festival-toronto-tickets-1907530518129,1,https://img.evbuc.com/https%3A%2F%2Fcdn.evbuc.com%2Fimages%2F1164454903%2F2550823234151%2F1%2Foriginal.20251028-150352?w=480&auto=format%2Ccompress&q=75&sharp=10&rect=0%2C0%2C2000%2C1000&s=a926841d4ce38e4bab46a9a5c63b80ef,ok,
https://www.eventbrite.ca/e/code-create-connect-the-acse-2026-educators-conference-tickets-1980282814205,1,https://img.evbuc.com/https%3A%2F%2Fcdn.evbuc.com%2Fimages%2F1175205296%2F1400141902273%2F1%2Foriginal.20260119-013725?w=480&auto=format%2Ccompress&q=75&sharp=10&s=a3c3517306f37479ae8ab947b6414667,ok,
https://www.eventbrite.ca/e/dance-revolt-out-of-many-one-people-registration-1978623593431,1,https://img.evbuc.com/https%3A%2F%2Fcdn.evbuc.com%2Fimages%2F1173273555%2F156639894259%2F1%2Foriginal.20251219-160353?w=480&auto=format%2Ccompress&q=75&sharp=10&rect=0%2C0%2C1080%2C540&s=8b3a3042dfeda190dce4ab78b7c5ebc6,ok,
https://www.eventbrite.ca/e/146th-global-conference-on-digital-marketing-and-technology-gcdmt-tickets-1981563076504,1,https://img.evbuc.com/https%3A%2F%2Fcdn.evbuc.com%2Fimages%2F1175820357%2F1371272017873%2F1%2Foriginal.20260126-092225?crop=focalpoint&fit=crop&w=480&auto=format%2Ccompress&q=75&sharp=10&fp-x=0.538&fp-y=0.805&s=d2b19b10062165ed89a157ad3d2125e4,ok,
https://www.eventbrite.ca/e/the-5th-international-summit-on-ending-gender-based-violence-2026isegbv26-tickets-1980562089525,1,https://img.evbuc.com/https%3A%2F%2Fcdn.evbuc.com%2Fimages%2F1174854775%2F461552895388%2F1%2Foriginal.jpg?w=480&auto=format%2Ccompress&q=75&sharp=10&rect=0%2C0%2C2160%2C1080&s=02143e23bfadf14fb0e7efb661d705fb,ok,
https://www.eventbrite.ca/e/142nd-global-conference-on-human-resource-management-gchrm-tickets-1979850880279,1,https://img.evbuc.com/https%3A%2F%2Fcdn.evbuc.com%2Fimages%2F1174084111%2F1371272017873%2F1%2Foriginal.20260106-092804?crop=focalpoint&fit=crop&w=480&auto=format%2Ccompress&q=75&sharp=10&fp-x=0.767&fp-y=0.496&s=96e8d9526a1ed66a0cbae40c975d317c,ok,
https://www.eventbrite.com/e/2026-edition-of-the-pan-afrikan-drum-festival-in-canada-4th-edition-tickets-1982626849277,1,https://img.evbuc.com/https%3A%2F%2Fcdn.evbuc.com%2Fimages%2F1177003661%2F291111643189%2F1%2Foriginal.20260208-190109?crop=focalpoint&fit=crop&w=480&auto=format%2Ccompress&q=75&sharp=10&fp-x=0.5&fp-y=0.5&s=3b5ab4ae2fd8d7fcffe2097384e2d47d,ok,
https://www.eventbrite.ca/e/merrittville-speedway-2026-season-opener-tickets-1981582690169,1,https://img.evbuc.com/https%3A%2F%2Fcdn.evbuc.com%2Fimages%2F1175845958%2F517756482667%2F1%2Foriginal.20260126-154951?w=480&auto=format%2Ccompress&q=75&sharp=10&rect=39%2C0%2C604%2C302&s=060cb8cc966c43ab10cb456500714272,ok,
https://www.eventbrite.ca/e/5th-international-conference-on-global-entrepreneurship-summit-2026-tickets-1635936984559,1,https://img.evbuc.com/https%3A%2F%2Fcdn.evbuc.com%2Fimages%2F1111769993%2F742638119523%2F1%2Foriginal.20250902-155909?crop=focalpoint&fit=crop&w=480&auto=format%2Ccompress&q=75&sharp=10&fp-x=0.507722007722&fp-y=0.524216524217&s=3f7fb688335d882dfaaa2ce30b2d698c,ok,
https://www.eventbrite.ca/e/the-orchestrator-era-reimagining-talent-in-the-age-of-ai-20252030-tickets-1980314533077,0,,no_images_found,
https://www.eventbrite.ca/e/2026-acce-chinese-canadian-entrepreneur-awards-registration-1977913382170,1,https://img.evbuc.com/https%3A%2F%2Fcdn.evbuc.com%2Fimages%2F1172982699%2F67356372085%2F1%2Foriginal.20251215-145514?w=480&auto=format%2Ccompress&q=75&sharp=10&rect=0%2C0%2C1080%2C540&s=79d8098f5b8a30ab3bcbbfd11bd0a2e1,ok,
https://www.eventbrite.ca/e/tandem-lunar-new-year-party-2026-tickets-1982097475907,0,,no_images_found,
https://www.eventbrite.ca/e/hiroshima-appeals-a-poster-exhibition-of-global-messages-tickets-1981507274599,0,,no_images_found,
https://www.eventbrite.com/e/eras-end-stories-live-on-the-life-and-times-of-the-story-arts-centre-tickets-1977555747475,0,,no_images_found,
https://www.eventbrite.ca/e/10th-international-conference-on-machine-operations-engineering-2026-tickets-1979389778110,1,https://img.evbuc.com/https%3A%2F%2Fcdn.evbuc.com%2Fimages%2F951930463%2F1917235214013%2F1%2Foriginal.png?w=480&auto=format%2Ccompress&q=75&sharp=10&rect=0%2C0%2C940%2C470&s=9421dcb3293d8f1871c115a5eca741b8,ok,
https://www.eventbrite.com/e/power-of-collaboration-episode-2-feb-2026-tickets-1982198477004,1,https://img.evbuc.com/https%3A%2F%2Fcdn.evbuc.com%2Fimages%2F1176467038%2F2988539887703%2F1%2Foriginal.png?w=480&auto=format%2Ccompress&q=75&sharp=10&rect=0%2C0%2C940%2C470&s=45079f0333adbaa68f1d94d1fdb89d36,ok,
https://www.eventbrite.com/e/2026-cameroon-canada-international-economic-forum-forecicc-2026-tickets-1980014295057,1,https://img.evbuc.com/https%3A%2F%2Fcdn.evbuc.com%2Fimages%2F1174229180%2F2786007822331%2F1%2Foriginal.png?w=480&auto=format%2Ccompress&q=75&sharp=10&rect=0%2C0%2C940%2C470&s=17d877a886ef96f4fe9ec6dd04810cb2,ok,
https://www.eventbrite.ca/e/call-for-papers-corporate-governance-academic-forum-tickets-1981601793307,1,https://img.evbuc.com/https%3A%2F%2Fcdn.evbuc.com%2Fimages%2F1178054057%2F1141869079913%2F1%2Foriginal.20260220-193343?w=480&auto=format%2Ccompress&q=75&sharp=10&s=f19b5994a412af5a02268627ead4b3af,ok,
https://www.eventbrite.ca/e/11th-international-conference-on-machine-operations-engineering-2026-tickets-1979389816224,1,https://img.evbuc.com/https%3A%2F%2Fcdn.evbuc.com%2Fimages%2F951930463%2F1917235214013%2F1%2Foriginal.png?w=480&auto=format%2Ccompress&q=75&sharp=10&rect=0%2C0%2C940%2C470&s=9421dcb3293d8f1871c115a5eca741b8,ok,
https://www.eventbrite.com/e/toronto-art-and-craft-2026-tickets-1980306194135,0,,failed,HTTP 404
https://www.eventbrite.com/e/intuitive-depth-flower-moon-circle-tickets-1978858884192,1,https://img.evbuc.com/https%3A%2F%2Fcdn.evbuc.com%2Fimages%2F1173428548%2F2301960490453%2F1%2Foriginal.20251223-002111?crop=focalpoint&fit=crop&w=480&auto=format%2Ccompress&q=75&sharp=10&fp-x=0.032&fp-y=0.067&s=e08096a0cd678e3fb1aeca36d8d47216,ok,
https://www.eventbrite.ca/e/wizards-lens-photography-community-2026-kickoff-event-tickets-1982612785211,1,https://img.evbuc.com/https%3A%2F%2Fcdn.evbuc.com%2Fimages%2F1176989561%2F1953920113243%2F1%2Foriginal.20260208-134027?w=480&auto=format%2Ccompress&q=75&sharp=10&rect=0%2C80%2C2752%2C1376&s=ce10cf5937266dee188bc69382e30fe2,ok,
https://www.eventbrite.ca/e/12th-international-conference-on-machine-operations-engineering-2026-tickets-1979389922542,1,https://img.evbuc.com/https%3A%2F%2Fcdn.evbuc.com%2Fimages%2F951930463%2F1917235214013%2F1%2Foriginal.png?w=480&auto=format%2Ccompress&q=75&sharp=10&rect=0%2C0%2C940%2C470&s=9421dcb3293d8f1871c115a5eca741b8,ok,
https://www.eventbrite.com/e/intuitive-depth-blue-moon-circle-tickets-1978858940360,1,https://img.evbuc.com/https%3A%2F%2Fcdn.evbuc.com%2Fimages%2F1173428597%2F2301960490453%2F1%2Foriginal.20251223-002234?w=480&auto=format%2Ccompress&q=75&sharp=10&s=8150723c557c96156da24302a925ca84,ok,
https://www.eventbrite.ca/e/global-synergy-summit-2026-gss26-tickets-1429448030539,1,https://img.evbuc.com/https%3A%2F%2Fcdn.evbuc.com%2Fimages%2F1059097143%2F279320659042%2F1%2Foriginal.20250624-005203?w=480&auto=format%2Ccompress&q=75&sharp=10&rect=0%2C52%2C1640%2C820&s=be9ec92ae60636d34287409525c0d5b8,ok,
https://www.eventbrite.ca/e/demystifying-profile-drafts-tickets-1981330550011,0,,no_images_found,
https://www.eventbrite.com/e/lil-bennington-world-tour-2026-tickets-1980651047601,0,,failed,HTTP 404
https://www.eventbrite.com/e/2026-portfolio-reviews-co-hosted-by-ffoto-and-stephen-bulger-gallery-tickets-1982055056028,1,https://img.evbuc.com/https%3A%2F%2Fcdn.evbuc.com%2Fimages%2F1176310478%2F63328281455%2F1%2Foriginal.20260131-015228?w=480&auto=format%2Ccompress&q=75&sharp=10&s=3e01d09acd3940777f43231b3f6ab58e,ok,
https://www.eventbrite.ca/e/asatmu-x-irtmu-x-ssa-tmu-grand-iftar-tickets-1983163592691,0,,no_images_found,
https://www.eventbrite.ca/e/leaf-evening-for-equality-2026-tickets-1981582040225,1,https://img.evbuc.com/https%3A%2F%2Fcdn.evbuc.com%2Fimages%2F1176044370%2F2986168565837%2F1%2Foriginal.20260128-113756?w=480&auto=format%2Ccompress&q=75&sharp=10&rect=0%2C0%2C2160%2C1080&s=b1532cadf2299a9e0a7142ac46c7ab13,ok,
https://www.eventbrite.ca/e/plant-based-batch-prep-cooking-club-tickets-1982614732034,0,,failed,HTTP 404
https://www.eventbrite.com/e/toronto-innovation-summit-2026-tickets-1751025828389,0,,failed,HTTP 404
https://www.eventbrite.ca/e/canada-global-exchange-forum-and-convention-tickets-1983123913008,1,https://img.evbuc.com/https%3A%2F%2Fcdn.evbuc.com%2Fimages%2F1177495910%2F2622544785081%2F1%2Foriginal.20260213-200100?crop=focalpoint&fit=crop&w=480&auto=format%2Ccompress&q=75&sharp=10&fp-x=0.367&fp-y=0.614&s=094b4cd57032aa63a57235788f84b431,ok,
https://www.eventbrite.ca/e/woodstock-wedding-expo-spring-2026-tickets-1907965499169,1,https://img.evbuc.com/https%3A%2F%2Fcdn.evbuc.com%2Fimages%2F1174237136%2F466519136421%2F1%2Foriginal.20260107-192506?w=480&auto=format%2Ccompress&q=75&sharp=10&rect=0%2C0%2C2160%2C1080&s=1487fb1464aee17995f3a3e16f0e8e9c,ok,
https://www.eventbrite.ca/e/senior-drama-grades-8-12-mondays-500-600pm-registration-1689675277239,1,https://img.evbuc.com/https%3A%2F%2Fcdn.evbuc.com%2Fimages%2F1081883693%2F150032373129%2F1%2Foriginal.20250726-190109?w=480&auto=format%2Ccompress&q=75&sharp=10&rect=786%2C478%2C2812%2C1406&s=ba8b81fc07f1d99eaba1efe90cef7c63,ok,
https://www.eventbrite.com/e/money-matters-tickets-1980675021307,0,,no_images_found,
https://www.eventbrite.ca/e/phyllo-dough-from-scratch-tickets-1979625244396,0,,no_images_found,
https://www.eventbrite.ca/e/barrie-simcoe-county-wedding-expo-spring-2026-tickets-1693379225849,1,https://img.evbuc.com/https%3A%2F%2Fcdn.evbuc.com%2Fimages%2F1174237119%2F466519136421%2F1%2Foriginal.20260107-192458?w=480&auto=format%2Ccompress&q=75&sharp=10&s=04121bebd819ef4b1f67b278f8102e98,ok,
https://www.eventbrite.ca/e/kick-starting-the-year-of-the-horse-tickets-1980733527300,0,,no_images_found,
https://www.eventbrite.ca/e/2026-festival-pass-tickets-1980640371669,1,https://img.evbuc.com/https%3A%2F%2Fcdn.evbuc.com%2Fimages%2F1176176420%2F248401714930%2F1%2Foriginal.20260129-165750?crop=focalpoint&fit=crop&w=480&auto=format%2Ccompress&q=75&sharp=10&fp-x=0.307&fp-y=0.532&s=565a2a539dbb189e8dd9bf734d9e83aa,ok,
https://www.eventbrite.com/e/global-women-entrepreneurs-summit-toronto-2026-registration-1981692696200,1,https://img.evbuc.com/https%3A%2F%2Fcdn.evbuc.com%2Fimages%2F701864679%2F1873170323953%2F1%2Foriginal.20240221-100656?w=480&auto=format%2Ccompress&q=75&sharp=10&rect=0%2C50%2C600%2C300&s=3685fdc423123a899b4cdfec70c9f9e5,ok,
https://www.eventbrite.ca/e/pin-loom-weaving-tickets-1977395013716,1,https://img.evbuc.com/https%3A%2F%2Fcdn.evbuc.com%2Fimages%2F1172628533%2F1968702087783%2F1%2Foriginal.20251209-185556?crop=focalpoint&fit=crop&w=480&auto=format%2Ccompress&q=75&sharp=10&fp-x=0.5&fp-y=0.5&s=7a5035bcd00fcf718c48a20c29a5d1e0,ok,
https://www.eventbrite.ca/e/black-future-lawyers-annual-conference-2026-tickets-1981946077069,1,https://img.evbuc.com/https%3A%2F%2Fcdn.evbuc.com%2Fimages%2F1176300399%2F363208589621%2F1%2Foriginal.20260130-223714?w=480&auto=format%2Ccompress&q=75&sharp=10&rect=0%2C0%2C2160%2C1080&s=24d9468167dfd86c427e0ac87bfe2c1c,ok,
https://www.eventbrite.com/e/advancing-the-future-of-interventional-brachytherapy-tickets-1949526228429,1,https://img.evbuc.com/https%3A%2F%2Fcdn.evbuc.com%2Fimages%2F1176423656%2F20274196848%2F1%2Foriginal.20260202-051059?crop=focalpoint&fit=crop&w=480&auto=format%2Ccompress&q=75&sharp=10&fp-x=0.5&fp-y=0.5&s=5b312d5b1678f504dab4260e4bfb74d9,ok,
https://www.eventbrite.ca/e/off-centre-music-salon-30th-anniversary-season-pass-tickets-1413238246639,1,https://img.evbuc.com/https%3A%2F%2Fcdn.evbuc.com%2Fimages%2F1070228223%2F488751972437%2F1%2Foriginal.20250709-203745?w=480&auto=format%2Ccompress&q=75&sharp=10&s=ffa67bcac73eb423fe0ae8f57b21dac8,ok,
https://www.eventbrite.ca/e/10th-global-conference-on-international-business-and-marketing-gcibm-2026-tickets-1979392748996,1,https://img.evbuc.com/https%3A%2F%2Fcdn.evbuc.com%2Fimages%2F988012193%2F1917235214013%2F1%2Foriginal.png?w=480&auto=format%2Ccompress&q=75&sharp=10&rect=0%2C0%2C940%2C470&s=c535ee590b811bfa2213278140d2acae,ok,
https://www.eventbrite.ca/e/2026-skates-sounds-tickets-1980611232513,0,,no_images_found,
https://www.eventbrite.ca/e/the-9th-annual-western-tethyan-europe-session-pdac-2026-tickets-1981601861511,1,https://img.evbuc.com/https%3A%2F%2Fcdn.evbuc.com%2Fimages%2F1176087710%2F339958043153%2F1%2Foriginal.20260128-190653?crop=focalpoint&fit=crop&w=480&auto=format%2Ccompress&q=75&sharp=10&fp-x=0.5&fp-y=0.5&s=2d46ebb9071c483fcbb83c8881352479,ok,
https://www.eventbrite.com/e/pmp-live-instructor-led-certification-training-bootcamp-tonawanda-ny-tickets-1251087228579,0,,no_images_found,
https://www.eventbrite.ca/e/111th-global-conference-on-international-business-and-marketing-gcibm-tickets-1982609536494,1,https://img.evbuc.com/https%3A%2F%2Fcdn.evbuc.com%2Fimages%2F1176985390%2F1371272017873%2F1%2Foriginal.20260208-100925?w=480&auto=format%2Ccompress&q=75&sharp=10&s=af8915874a04d3f10c9fced16b74daad,ok,
https://www.eventbrite.ca/e/fifa-world-cup-2026tm-100-days-to-go-tickets-1982526764922,1,https://img.evbuc.com/https%3A%2F%2Fcdn.evbuc.com%2Fimages%2F1176919015%2F2282841296423%2F1%2Foriginal.20260206-223327?crop=focalpoint&fit=crop&w=480&auto=format%2Ccompress&q=75&sharp=10&fp-x=0.5&fp-y=0.5&s=47403c7ddf28ca1cdf507a1d3f0e7365,ok,
https://www.eventbrite.ca/e/123rd-global-conference-on-international-business-and-marketing-gcibm-tickets-1983192120017,1,https://img.evbuc.com/https%3A%2F%2Fcdn.evbuc.com%2Fimages%2F1177561618%2F1371272017873%2F1%2Foriginal.20260215-112834?crop=focalpoint&fit=crop&w=480&auto=format%2Ccompress&q=75&sharp=10&fp-x=0.483&fp-y=0.806&s=1fbe7db96bdd109a7eeb887aa83e3570,ok,
https://www.eventbrite.ca/e/4th-global-conference-on-environmental-education-lifelong-learning-eell-tickets-1854991673029,1,https://img.evbuc.com/https%3A%2F%2Fcdn.evbuc.com%2Fimages%2F1170741752%2F956599648993%2F1%2Foriginal.20251111-234101?crop=focalpoint&fit=crop&w=480&auto=format%2Ccompress&q=75&sharp=10&fp-x=0.5&fp-y=0.5&s=ead38fa6dad3629379287a3fdcdca2b7,ok,
https://www.eventbrite.ca/e/industry-connect-2026-tickets-1981602518476,0,,no_images_found,
https://www.eventbrite.ca/e/106th-global-conference-on-african-business-and-technology-gcabt-tickets-1983192262443,1,https://img.evbuc.com/https%3A%2F%2Fcdn.evbuc.com%2Fimages%2F1177562377%2F1371272017873%2F1%2Foriginal.20260215-115730?crop=focalpoint&fit=crop&w=480&auto=format%2Ccompress&q=75&sharp=10&fp-x=0.521&fp-y=0.67&s=ae638451c58073bb4ba8a7a47da08f69,ok,
https://www.eventbrite.ca/e/113th-global-conference-on-digital-marketing-and-technology-gcdmt-tickets-1982656546101,1,https://img.evbuc.com/https%3A%2F%2Fcdn.evbuc.com%2Fimages%2F1177038637%2F1371272017873%2F1%2Foriginal.20260209-072348?crop=focalpoint&fit=crop&w=480&auto=format%2Ccompress&q=75&sharp=10&fp-x=0.487&fp-y=0.674&s=438187207ed8d9d015998c5ba3755034,ok,
https://www.eventbrite.com/e/womens-history-month-concert-ladies-first-jazz-big-band-zach-carr-tickets-1979546182921,1,https://img.evbuc.com/https%3A%2F%2Fcdn.evbuc.com%2Fimages%2F1173857408%2F291738814873%2F1%2Foriginal.20260102-193807?crop=focalpoint&fit=crop&w=480&auto=format%2Ccompress&q=75&sharp=10&fp-x=0.5&fp-y=0.5&s=72de97edd3f859e120288ab5a5e02aa9,ok,
https://www.eventbrite.ca/e/masters-phd-grad-diploma-info-table-yorks-spring-open-house-keele-tickets-1974425246061,1,https://img.evbuc.com/https%3A%2F%2Fcdn.evbuc.com%2Fimages%2F1115979513%2F2404406890273%2F1%2Foriginal.20250906-015051?w=480&auto=format%2Ccompress&q=75&sharp=10&rect=0%2C0%2C1080%2C540&s=ec9c1b26095fc6ba529acedf060d5531,ok,
https://www.eventbrite.com/e/4-day-pmp-in-person-training-in-buffalo-ny-tickets-1981089529111,0,,no_images_found,
https://www.eventbrite.com/e/4-day-pmp-live-instructor-led-certification-training-in-buffalo-ny-tickets-1982954985742,0,,no_images_found,
https://www.eventbrite.com/e/pmp-live-instructor-led-certification-training-in-buffalo-ny-tickets-1982658645380,0,,no_images_found,
https://www.eventbrite.com/e/pmp-program-in-person-training-in-buffalo-ny-tickets-1982259386185,0,,no_images_found,
https://www.eventbrite.ca/e/one-wednesday-legacy-2026-tickets-1982363892767,0,,no_images_found,
https://www.eventbrite.ca/e/tech-innovators-summer-camp-exploring-the-future-august-2026-tickets-1980904574908,1,https://img.evbuc.com/https%3A%2F%2Fcdn.evbuc.com%2Fimages%2F1175276810%2F1175380791233%2F1%2Foriginal.20260119-210033?crop=focalpoint&fit=crop&w=480&auto=format%2Ccompress&q=75&sharp=10&fp-x=0.5&fp-y=0.5&s=b4055df83105d4a03c1d10c131bfb4b3,ok,
https://www.eventbrite.ca/e/146th-global-conference-on-business-management-and-economics-gcbme-tickets-1983157295857,1,https://img.evbuc.com/https%3A%2F%2Fcdn.evbuc.com%2Fimages%2F1177527257%2F1371272017873%2F1%2Foriginal.20260214-115935?crop=focalpoint&fit=crop&w=480&auto=format%2Ccompress&q=75&sharp=10&fp-x=0.49&fp-y=0.482&s=3aae98898a6f51c2095431341d91d547,ok,
https://www.eventbrite.ca/e/94th-global-conference-on-african-business-and-technology-gcabt-tickets-1982609697977,1,https://img.evbuc.com/https%3A%2F%2Fcdn.evbuc.com%2Fimages%2F1176985716%2F1371272017873%2F1%2Foriginal.20260208-102930?crop=focalpoint&fit=crop&w=480&auto=format%2Ccompress&q=75&sharp=10&fp-x=0.571&fp-y=0.445&s=5bc3b9ccd071196974deadbfa84c79da,ok,
https://www.eventbrite.ca/e/89th-global-conference-on-african-economy-and-culture-gcaec-tickets-1982609824355,1,https://img.evbuc.com/https%3A%2F%2Fcdn.evbuc.com%2Fimages%2F1176986090%2F1371272017873%2F1%2Foriginal.20260208-104934?crop=focalpoint&fit=crop&w=480&auto=format%2Ccompress&q=75&sharp=10&fp-x=0.546&fp-y=0.616&s=556857dcd1bb6cb7a16c75af318bb3b7,ok,
https://www.eventbrite.com/e/4-day-project-management-professional-in-person-training-in-buffalo-ny-tickets-1861458645919,0,,no_images_found,
https://www.eventbrite.com/e/pmp-certification-4-days-classroom-training-in-buffalo-ny-tickets-1964696010656,0,,no_images_found,
https://www.eventbrite.ca/e/buddhist-philosophy-course-10-weeks-spring-session-2026-tickets-1981865678595,1,https://img.evbuc.com/https%3A%2F%2Fcdn.evbuc.com%2Fimages%2F1176072476%2F111200008133%2F1%2Foriginal.20260128-170547?w=480&auto=format%2Ccompress&q=75&sharp=10&rect=0%2C120%2C1920%2C960&s=5e5fae7019fdc3d9f683a90c78b175ea,ok,
https://www.eventbrite.com/e/pmp-live-instructor-led-certification-training-bootcamp-kenmore-ny-tickets-1251178381219,0,,no_images_found,
https://www.eventbrite.ca/e/interfaith-iftar-panel-event-tickets-1982802696240,1,https://img.evbuc.com/https%3A%2F%2Fcdn.evbuc.com%2Fimages%2F1177198624%2F175987490994%2F1%2Foriginal.20260210-184444?w=480&auto=format%2Ccompress&q=75&sharp=10&rect=0%2C130%2C1080%2C540&s=d00243e620e1810b03c54c502207a59e,ok,
https://www.eventbrite.com/e/confirmed-pmp-in-person-training-in-buffalo-ny-tickets-1977128443397,0,,no_images_found,
https://www.eventbrite.ca/e/133rd-global-conference-on-business-management-and-economics-gcbme-tickets-1982608844424,1,https://img.evbuc.com/https%3A%2F%2Fcdn.evbuc.com%2Fimages%2F1176984789%2F1371272017873%2F1%2Foriginal.20260208-092936?crop=focalpoint&fit=crop&w=480&auto=format%2Ccompress&q=75&sharp=10&fp-x=0.5&fp-y=0.5&s=e8e77c6702f139e47c0951e021fa1362,ok,
https://www.eventbrite.com/e/rebel-dykes-a-dykeumentary-screening-tickets-1981938811337,0,,no_images_found,
https://www.eventbrite.com/e/project-management-professional-in-person-training-in-buffalo-ny-tickets-1975976450756,0,,no_images_found,
https://www.eventbrite.com/e/pmp-certification-4-days-in-person-training-in-buffalo-ny-tickets-1972977427597,0,,no_images_found,
https://www.eventbrite.com/e/international-pastors-and-leaders-renewal-retreat-canada-2026-tickets-1486878827599,1,https://img.evbuc.com/https%3A%2F%2Fcdn.evbuc.com%2Fimages%2F1154517213%2F504519685179%2F1%2Foriginal.20251015-235144?w=480&auto=format%2Ccompress&q=75&sharp=10&rect=0%2C437%2C1250%2C625&s=1f2c7d6f5829d180a65545aed7155e2b,ok,
https://www.eventbrite.com/e/confirmed-pmp-4-days-in-person-training-in-buffalo-ny-tickets-1978115140635,0,,no_images_found,
https://www.eventbrite.com/e/pmp-certification-program-in-person-training-in-buffalo-ny-tickets-1980086478961,0,,no_images_found,
https://www.eventbrite.com/e/4-day-pmp-program-in-person-training-in-buffalo-ny-tickets-1980763311385,0,,no_images_found,
https://www.eventbrite.com/e/confirmed-pmp-4-days-classroom-training-in-buffalo-ny-tickets-1979503366857,0,,no_images_found,
https://www.eventbrite.com/e/jokes-on-me-comedy-tour-zahan-sigara-and-ryan-sim-tickets-1980662192937,0,,no_images_found,
https://www.eventbrite.ca/e/106th-global-conference-on-human-resource-management-gchrm-tickets-1982659117793,1,https://img.evbuc.com/https%3A%2F%2Fcdn.evbuc.com%2Fimages%2F1177040556%2F1371272017873%2F1%2Foriginal.20260209-084734?crop=focalpoint&fit=crop&w=480&auto=format%2Ccompress&q=75&sharp=10&fp-x=0.523&fp-y=0.321&s=8004276cdd0dee94931c3a7ee6d7d005,ok,
https://www.eventbrite.ca/e/the-catholic-imagination-song-story-and-the-meaning-of-our-lives-tickets-1963442000879,1,https://img.evbuc.com/https%3A%2F%2Fcdn.evbuc.com%2Fimages%2F1170218316%2F300020224774%2F1%2Foriginal.20251105-160559?w=480&auto=format%2Ccompress&q=75&sharp=10&rect=0%2C0%2C2160%2C1080&s=48ebc95fa2787613bb48cd8f55bd4745,ok,
https://www.eventbrite.com/e/2026-black-history-program-african-attire-gala-tickets-1981598492434,0,,no_images_found,
https://www.eventbrite.com/e/toronto-outdoor-art-craft-tickets-1982682783578,1,https://cdn.evbstatic.com/s3-build/perm_001/6ce389/django/images/logos/eb_orange_on_white_1200x630.png,ok,
https://www.eventbrite.ca/e/the-empower-me-womens-day-summit-2026-tickets-1981906119555,1,https://img.evbuc.com/https%3A%2F%2Fcdn.evbuc.com%2Fimages%2F1176313311%2F1126135419883%2F1%2Foriginal.jpg?w=480&auto=format%2Ccompress&q=75&sharp=10&rect=0%2C0%2C2160%2C1080&s=aedb1b25f09b711815c7fcc5cc3dcc09,ok,
https://www.eventbrite.com/e/2026-greater-niagara-fishing-expo-single-day-pass-advanced-purchase-tickets-1743621551999,0,,no_images_found,
https://www.eventbrite.ca/e/chartwell-lunar-new-year-show-hosted-by-a1-radio-tickets-1981598818409,0,,no_images_found,
https://www.eventbrite.ca/e/meditate-for-bliss-in-2026-tickets-1982592052198,0,,no_images_found,
https://www.eventbrite.com/e/beginner-pottery-wheel-six-week-workshop-at-locust-street-art-tickets-1982798391364,1,https://img.evbuc.com/https%3A%2F%2Fcdn.evbuc.com%2Fimages%2F1123568223%2F2344850785503%2F1%2Foriginal.20250914-161530?crop=focalpoint&fit=crop&w=480&auto=format%2Ccompress&q=75&sharp=10&fp-x=0.005&fp-y=0.005&s=c11925478388ca7b088df1160b5403bd,ok,
https://www.eventbrite.com/e/niagara-falls-music-festival-2026-tickets-1982200594337,1,https://img.evbuc.com/https%3A%2F%2Fcdn.evbuc.com%2Fimages%2F1176535661%2F2648457845591%2F1%2Foriginal.20260203-061359?crop=focalpoint&fit=crop&w=480&auto=format%2Ccompress&q=75&sharp=10&fp-x=0.485&fp-y=0.099&s=6cdedab652a792e4b7cc0371cf239aeb,ok,
https://www.eventbrite.com/e/the-buffaluv-platinum-preview-winter-2026-tickets-1980664916082,1,https://img.evbuc.com/https%3A%2F%2Fcdn.evbuc.com%2Fimages%2F1174992663%2F1548483112553%2F1%2Foriginal.20260115-202247?crop=focalpoint&fit=crop&w=480&auto=format%2Ccompress&q=75&sharp=10&fp-x=0.502&fp-y=0.115&s=b8b6e85386fa6b23531acede1a6930f9,ok,
https://www.eventbrite.ca/e/summer-2026-international-and-exchange-student-orientation-tickets-1981756223211,1,https://img.evbuc.com/https%3A%2F%2Fcdn.evbuc.com%2Fimages%2F822593899%2F1582808953163%2F1%2Foriginal.jpg?w=480&auto=format%2Ccompress&q=75&sharp=10&rect=0%2C0%2C2160%2C1080&s=095ffba6e7f20a80a26fd03065c87a44,ok,
https://www.eventbrite.ca/e/empathy-excellence-navigating-complexities-of-palliative-care-tickets-1977308638365,1,https://img.evbuc.com/https%3A%2F%2Fcdn.evbuc.com%2Fimages%2F1176904479%2F147089986598%2F1%2Foriginal.20260206-193903?w=480&auto=format%2Ccompress&q=75&sharp=10&rect=0%2C0%2C6912%2C3456&s=a9a9970a6b27e66035e5e18de5548497,ok,
https://www.eventbrite.ca/e/beyond-borders-edo-language-day-and-canadian-multiculturalism-tickets-1855173496869,1,https://img.evbuc.com/https%3A%2F%2Fcdn.evbuc.com%2Fimages%2F1177480976%2F188709487928%2F1%2Foriginal.20260213-170533?w=480&auto=format%2Ccompress&q=75&sharp=10&s=6f2b6f335087ab41f276a5c40da503d7,ok,
https://www.eventbrite.com/e/pmp-live-instructor-led-certification-training-bootcamp-eggertsville-ny-tickets-1251043628169,0,,no_images_found,
https://www.eventbrite.ca/e/masters-phd-grad-diploma-info-table-yorks-spring-open-housemarkham-tickets-1974432116611,1,https://img.evbuc.com/https%3A%2F%2Fcdn.evbuc.com%2Fimages%2F1124626073%2F2404406890273%2F1%2Foriginal.20250915-174921?w=480&auto=format%2Ccompress&q=75&sharp=10&rect=0%2C0%2C1080%2C540&s=fbb06d23525be33d0d198cf0efc9ac22,ok,
https://www.eventbrite.ca/e/ohmyugal-south-asian-wedding-expo-2026-tickets-1981589196630,0,,no_images_found,
https://www.eventbrite.ca/e/2026-lunar-new-year-festival-at-fo-guang-shan-temple-of-toronto-tickets-1982805358202,0,,no_images_found,
https://www.eventbrite.com/e/young-artist-summer-camp-session-1-ages-6-12-at-locust-street-art-tickets-1975585143345,1,https://img.evbuc.com/https%3A%2F%2Fcdn.evbuc.com%2Fimages%2F1172284973%2F2344850785503%2F1%2Foriginal.20251204-023245?crop=focalpoint&fit=crop&w=480&auto=format%2Ccompress&q=75&sharp=10&fp-x=0.5&fp-y=0.5&s=78e85409990b13d5d79675c3e8e7d009,ok,
https://www.eventbrite.ca/e/gardencare-seeding-flowers-tickets-1977140434262,0,,no_images_found,
https://www.eventbrite.ca/e/jashan-e-eid-bazaar-nuvo-eid-bazaar-2026-tickets-1977850153050,1,https://img.evbuc.com/https%3A%2F%2Fcdn.evbuc.com%2Fimages%2F1172955443%2F233634265358%2F1%2Foriginal.20251215-012115?w=480&auto=format%2Ccompress&q=75&sharp=10&rect=0%2C160%2C2560%2C1280&s=aca9888d396cdb6e414250b6eeecb8ca,ok,
https://www.eventbrite.com/e/buffalo-cinco-de-mayo-bar-crawl-tickets-1712594449099,1,https://img.evbuc.com/https%3A%2F%2Fcdn.evbuc.com%2Fimages%2F1129030253%2F2161917795983%2F1%2Foriginal.20250919-064704?crop=focalpoint&fit=crop&w=480&auto=format%2Ccompress&q=75&sharp=10&fp-x=4.65909090909e-05&fp-y=5.52044609665e-05&s=10d560dd175d4934f4acdd7c56e336de,ok,
https://www.eventbrite.ca/e/king-west-valentines-day-club-crawl-toronto-2026-saturday-february-14-tickets-1982143090341,0,,no_images_found,
https://www.eventbrite.com/e/international-partnership-exchange-forum-ipef-2026-tickets-1982845601571,1,https://img.evbuc.com/https%3A%2F%2Fcdn.evbuc.com%2Fimages%2F1177231506%2F2564412568241%2F1%2Foriginal.20260211-000547?w=480&auto=format%2Ccompress&q=75&sharp=10&rect=0%2C131%2C2304%2C1152&s=ca43c3ec01a27defdf3edc9d02c2587e,ok,
https://www.eventbrite.ca/e/0221markham-tickets-1983184258503,0,,no_images_found,
https://www.eventbrite.ca/e/volunteer-fair-2026-npo-registration-tickets-1977905811526,1,https://img.evbuc.com/https%3A%2F%2Fcdn.evbuc.com%2Fimages%2F1172977824%2F2532932338441%2F1%2Foriginal.20251215-132824?w=480&auto=format%2Ccompress&q=75&sharp=10&rect=0%2C0%2C2160%2C1080&s=1d8d233f7266b33f493d9ce66be7b9cb,ok,
https://www.eventbrite.com/e/volunteer-fair-2026-npo-registration-tickets-1977035676930,1,https://img.evbuc.com/https%3A%2F%2Fcdn.evbuc.com%2Fimages%2F1172393926%2F2941672671721%2F1%2Foriginal.20251205-162836?w=480&auto=format%2Ccompress&q=75&sharp=10&rect=0%2C0%2C2160%2C1080&s=b62464f3ed423fb09b43e94300f337a4,ok,
https://www.eventbrite.com/e/my-last-day-album-release-show-tickets-1977989443672,1,https://img.evbuc.com/https%3A%2F%2Fcdn.evbuc.com%2Fimages%2F1173015511%2F2293256113363%2F1%2Foriginal.20251215-214644?w=480&auto=format%2Ccompress&q=75&sharp=10&s=f5956f85e948554cee60c8625257e7b4,ok,
https://www.eventbrite.com/e/trades-and-talent-connect-2026-tickets-1981432062638,0,,no_images_found,
https://www.eventbrite.ca/e/asis-toronto-chapter-193-virtual-certification-study-groups-spring-2026-tickets-1967219019042,0,,no_images_found,
https://www.eventbrite.ca/e/black-history-month-closing-ceremony-2026-tickets-1977949882343,1,https://img.evbuc.com/https%3A%2F%2Fcdn.evbuc.com%2Fimages%2F1174099033%2F281668319429%2F1%2Foriginal.20260106-140919?w=480&auto=format%2Ccompress&q=75&sharp=10&s=9106549dc3d6692b6d66a35257df4016,ok,
https://www.eventbrite.com/e/pmp-live-instructor-led-certification-training-bootcamp-dunkirk-ny-tickets-1249095220429,0,,no_images_found,
https://www.eventbrite.ca/e/training-of-trainers-course-self-defense-system-for-women-tickets-1982293674743,0,,no_images_found,
https://www.eventbrite.com/e/the-biggest-eid-bazaar-in-gta-2026-markham-convention-centre-scarborough-tickets-1977778635138,1,https://img.evbuc.com/https%3A%2F%2Fcdn.evbuc.com%2Fimages%2F1172916923%2F2986375412700%2F1%2Foriginal.20251213-221705?crop=focalpoint&fit=crop&w=480&auto=format%2Ccompress&q=75&sharp=10&fp-x=0.508&fp-y=0.897&s=f287cc951be019d4b41c156e15231927,ok,
https://www.eventbrite.com/e/project-management-professional-training-in-buffalo-ny-tickets-1746424786549,0,,no_images_found,
https://www.eventbrite.com/e/4-day-pmp-examination-certification-training-course-in-buffalo-ny-tickets-1796920851639,1,https://cdn.evbstatic.com/s3-build/perm_001/6ce389/django/images/logos/eb_orange_on_white_1200x630.png,ok,
https://www.eventbrite.ca/e/taste-and-see-plant-based-cooking-classes-by-paradise-health-tickets-1981081930383,1,https://cdn.evbstatic.com/s3-build/perm_001/6ce389/django/images/logos/eb_orange_on_white_1200x630.png,ok,
https://www.eventbrite.com/e/international-can-africa-business-impact-conference-toronto-2026-tickets-1579807128649,0,,no_images_found,
https://www.eventbrite.ca/e/2026-winter-holland-bloorview-first-robotics-tickets-1858679744149,0,,no_images_found,
https://www.eventbrite.ca/e/mental-health-first-aid-mhfa-in-person-2-day-tickets-1981802428412,0,,no_images_found,
https://www.eventbrite.ca/e/mysc-iftar-give-back-2026-tickets-1981979165036,0,,no_images_found,
https://www.eventbrite.ca/e/master-your-social-media-the-simple-content-calendar-formula-feb-18-2026-tickets-1978293633512,0,,no_images_found,
https://www.eventbrite.ca/e/2026-20-under-40-cocktail-gala-tickets-1980496770153,1,https://img.evbuc.com/https%3A%2F%2Fcdn.evbuc.com%2Fimages%2F1176055115%2F226356607882%2F1%2Foriginal.20260128-142721?w=480&auto=format%2Ccompress&q=75&sharp=10&rect=0%2C0%2C1080%2C540&s=e3debd8f21d5ccfa52c25f23d760524d,ok,
https://www.eventbrite.com/e/pmp-live-instructor-led-certification-training-bootcamp-fredonia-ny-tickets-1247881159139,0,,no_images_found,
https://www.eventbrite.ca/e/2026-leapin-business-accelerator-info-session-tickets-1981585611908,0,,no_images_found,
https://www.eventbrite.com/e/pisces-bash-2026-tickets-1980709272754,1,https://img.evbuc.com/https%3A%2F%2Fcdn.evbuc.com%2Fimages%2F1175045733%2F2985621916894%2F1%2Foriginal.20260116-124107?crop=focalpoint&fit=crop&w=480&auto=format%2Ccompress&q=75&sharp=10&fp-x=0.5&fp-y=0.5&s=61790ac0ee3ba843b6f0e95eb853a506,ok,
https://www.eventbrite.ca/e/tuesday-tunes-apl-tickets-1975319199901,0,,no_images_found,
https://www.eventbrite.com/e/pmp-live-instructor-led-certification-training-bootcamp-depew-ny-tickets-1251126887199,0,,no_images_found,
https://www.eventbrite.com/e/pmp-live-instructor-led-certification-training-bootcamp-lackawanna-ny-tickets-1254306938819,0,,no_images_found,
https://www.eventbrite.ca/e/noir-at-night-the-all-black-party-edition-2026-tickets-1980776085593,1,https://img.evbuc.com/https%3A%2F%2Fcdn.evbuc.com%2Fimages%2F1176124340%2F301665043469%2F1%2Foriginal.20260129-012301?w=480&auto=format%2Ccompress&q=75&sharp=10&rect=0%2C729%2C1080%2C540&s=48275cf01f835da8eab7d89c488285bf,ok,
https://www.eventbrite.ca/e/adulting-with-money-financial-101-tickets-1982326235132,1,https://img.evbuc.com/https%3A%2F%2Fcdn.evbuc.com%2Fimages%2F1177850293%2F297025178185%2F1%2Foriginal.20260218-172359?w=480&auto=format%2Ccompress&q=75&sharp=10&rect=0%2C702%2C1080%2C540&s=3fc611761fbc9924bf4b4978d31e9a76,ok,
https://www.eventbrite.com/e/pmp-classroom-training-process-flow-in-buffalo-ny-tickets-1741139748859,0,,no_images_found,
https://www.eventbrite.com/e/pmp-certification-training-in-buffalo-ny-tickets-1832465135549,0,,no_images_found,
https://www.eventbrite.com/e/gateway-to-china-e-commerce-market-insights-toronto-stop-tickets-1980151620802,1,https://img.evbuc.com/https%3A%2F%2Fcdn.evbuc.com%2Fimages%2F1175031121%2F442177730014%2F1%2Foriginal.20260116-062402?crop=focalpoint&fit=crop&w=480&auto=format%2Ccompress&q=75&sharp=10&fp-x=0.097&fp-y=0.449&s=7e745d4cd29a337018cf769d5bd95958,ok,
https://www.eventbrite.com/e/pmp-live-instructor-led-certification-training-bootcamp-lancaster-ny-tickets-1246910876999,0,,no_images_found,
https://www.eventbrite.ca/e/south-leaside-monday-group-membership-2025-2026-tickets-1680338982129,1,https://img.evbuc.com/https%3A%2F%2Fcdn.evbuc.com%2Fimages%2F1171384501%2F1702655849763%2F1%2Foriginal.20251120-011735?w=480&auto=format%2Ccompress&q=75&sharp=10&s=e634709f2bfa0925bb1a37bda756e9ff,ok,
https://www.eventbrite.ca/e/bostwick-book-club-ages-10-13-tickets-1981250478515,0,,no_images_found,
https://www.eventbrite.com/e/london-card-show-bmo-centre-may-23rd-2026-tickets-1970629081631,1,https://img.evbuc.com/https%3A%2F%2Fcdn.evbuc.com%2Fimages%2F1171051618%2F2777697252731%2F1%2Foriginal.20251115-202912?w=480&auto=format%2Ccompress&q=75&sharp=10&rect=19%2C0%2C1168%2C584&s=1d7d762ff292bf42c60fd7e6e7b69770,ok,
https://www.eventbrite.ca/e/2026-acce-lunar-new-year-celebration-tickets-1974243017009,0,,no_images_found,
https://www.eventbrite.ca/e/elevate-2026-business-strategies-for-success-tickets-1981743706774,1,https://img.evbuc.com/https%3A%2F%2Fcdn.evbuc.com%2Fimages%2F1176093422%2F224136329974%2F1%2Foriginal.20260128-195652?w=480&auto=format%2Ccompress&q=75&sharp=10&rect=0%2C0%2C6912%2C3456&s=2a32d655d8aa8ce978e5dc9d10b8012f,ok,
https://www.eventbrite.ca/e/happy-member-appreciation-month-canfitpro-global-conference-trade-show-tickets-1743407872879,1,https://img.evbuc.com/https%3A%2F%2Fcdn.evbuc.com%2Fimages%2F1140289903%2F2835549362451%2F1%2Foriginal.20250930-171813?crop=focalpoint&fit=crop&w=480&auto=format%2Ccompress&q=75&sharp=10&fp-x=0.977&fp-y=0.586&s=9ccc11dd1ab9c939f67de620350ab9df,ok,
https://www.eventbrite.ca/e/armanii-live-in-london-impact-tour-full-concert-may-14th-2026-tickets-1980921441356,1,https://img.evbuc.com/https%3A%2F%2Fcdn.evbuc.com%2Fimages%2F1177651131%2F146692848959%2F1%2Foriginal.20260216-181538?crop=focalpoint&fit=crop&w=480&auto=format%2Ccompress&q=75&sharp=10&fp-x=0.501&fp-y=0.523&s=d6b01313a765b03a8fa2f7780605d9f6,ok,
https://www.eventbrite.ca/e/2026-robotics-march-break-camp-holland-bloorview-first-robotics-tickets-1963262624359,1,https://img.evbuc.com/https%3A%2F%2Fcdn.evbuc.com%2Fimages%2F457007579%2F278393473862%2F1%2Foriginal.20191004-150627?w=480&auto=format%2Ccompress&q=75&sharp=10&rect=30%2C91%2C1502%2C751&s=b78595c89f2da3f73d655be12e224d88,ok,
https://www.eventbrite.ca/e/dragons-den-2026-london-tickets-1982683688284,1,https://img.evbuc.com/https%3A%2F%2Fcdn.evbuc.com%2Fimages%2F975214173%2F139495205689%2F1%2Foriginal.20250304-203001?w=480&auto=format%2Ccompress&q=75&sharp=10&rect=0%2C0%2C2160%2C1080&s=2b4fffc71f68652165d2864add504c86,ok,
https://www.eventbrite.ca/e/she-west-indian-international-womens-day-meet-greet-tickets-1982634963547,1,https://img.evbuc.com/https%3A%2F%2Fcdn.evbuc.com%2Fimages%2F1177094312%2F438154624034%2F1%2Foriginal.20260209-194102?w=480&auto=format%2Ccompress&q=75&sharp=10&s=79b608ad334053e522c161aa327a52a5,ok,
https://www.eventbrite.com/e/2026-tuesday-night-acoustic-jam-tickets-1982638563314,0,,no_images_found,
https://www.eventbrite.com/e/bed-by-10pm-returns-to-london-tickets-1978883882964,1,https://img.evbuc.com/https%3A%2F%2Fcdn.evbuc.com%2Fimages%2F1173445671%2F2550823234151%2F1%2Foriginal.20251223-111705?w=480&auto=format%2Ccompress&q=75&sharp=10&s=b9f89134f93d301097fe12cceb1269bc,ok,
https://www.eventbrite.ca/e/2026-lpffa-retirement-dinner-tickets-1982622625644,1,https://img.evbuc.com/https%3A%2F%2Fcdn.evbuc.com%2Fimages%2F941445083%2F1140506034923%2F1%2Foriginal.20250121-230317?w=480&auto=format%2Ccompress&q=75&sharp=10&s=83b82dd793ad4b1e7140bd1d9e11cb09,ok,
https://www.eventbrite.ca/e/wildfire-2026-registration-1299967972199,1,https://img.evbuc.com/https%3A%2F%2Fcdn.evbuc.com%2Fimages%2F1177680548%2F463932826097%2F1%2Foriginal.20260216-233942?w=480&auto=format%2Ccompress&q=75&sharp=10&s=386a87b15e8749a7d77beaba814b7b70,ok,
https://www.eventbrite.ca/e/badminton-drop-in-6am-8am-registration-1971481524310,0,,no_images_found,
https://www.eventbrite.com/e/2026-oneworld-community-concert-exhibit-tickets-1983078995659,1,https://img.evbuc.com/https%3A%2F%2Fcdn.evbuc.com%2Fimages%2F1177755769%2F1410882352803%2F1%2Foriginal.20260217-190400?crop=focalpoint&fit=crop&w=480&auto=format%2Ccompress&q=75&sharp=10&fp-x=0.489&fp-y=0.78&s=bf5bca81b157ff6c95c0b9f5eba39846,ok,
https://www.eventbrite.com/e/tennocon-2026-tickets-1797633894369,1,https://img.evbuc.com/https%3A%2F%2Fcdn.evbuc.com%2Fimages%2F1171922043%2F2012812312983%2F1%2Foriginal.20251128-152330?crop=focalpoint&fit=crop&w=480&auto=format%2Ccompress&q=75&sharp=10&fp-x=0.5&fp-y=0.5&s=0137dd73d7e83c53b1b6670e6777d70f,ok,
https://www.eventbrite.ca/e/injaz-iftar-2026-tickets-1983197504121,0,,failed,HTTP 404
https://www.eventbrite.com/e/black-history-month-pop-ups-at-markets-tickets-1982755388742,1,https://cdn.evbstatic.com/s3-build/perm_001/6ce389/django/images/logos/eb_orange_on_white_1200x630.png,ok,
https://www.eventbrite.ca/e/getting-ready-for-kindergarten-tickets-1981347927989,1,https://img.evbuc.com/https%3A%2F%2Fcdn.evbuc.com%2Fimages%2F1010578683%2F1021908543363%2F1%2Foriginal.20250416-180122?crop=focalpoint&fit=crop&w=480&auto=format%2Ccompress&q=75&sharp=10&fp-x=0.601009946881&fp-y=0.514348718504&s=e185feacfa9fd248de264bcfc73583a1,ok,
https://www.eventbrite.ca/e/take-it-to-the-limit-the-music-legacy-of-the-eagles-tickets-1980103422640,1,https://img.evbuc.com/https%3A%2F%2Fcdn.evbuc.com%2Fimages%2F1177289987%2F272615311890%2F1%2Foriginal.20260211-164039?w=480&auto=format%2Ccompress&q=75&sharp=10&rect=20%2C0%2C2120%2C1060&s=56211e7b82a558018632dcf2911df77f,ok,
https://www.eventbrite.com/e/buffalo-niagara-boat-show-february-19-22-2026-tickets-1977062707780,0,,no_images_found,
https://www.eventbrite.ca/e/four-winds-music-fest-2026-tickets-1977617805091,1,https://img.evbuc.com/https%3A%2F%2Fcdn.evbuc.com%2Fimages%2F1172768733%2F320416096425%2F1%2Foriginal.20251211-151630?w=480&auto=format%2Ccompress&q=75&sharp=10&rect=0%2C742%2C1320%2C660&s=969040fad2cce2227e9b7e3846177ab4,ok,
https://www.eventbrite.ca/e/making-your-money-last-in-retirement-tickets-1982088306481,1,https://img.evbuc.com/https%3A%2F%2Fcdn.evbuc.com%2Fimages%2F1176344639%2F468512372081%2F1%2Foriginal.20260131-205549?w=480&auto=format%2Ccompress&q=75&sharp=10&s=62f0060367d3048d14a4343fc9223cb3,ok,
https://www.eventbrite.ca/e/mainstage-challenge-by-rockstalgia-round-3-tickets-1981423387691,1,https://img.evbuc.com/https%3A%2F%2Fcdn.evbuc.com%2Fimages%2F1175639807%2F76404613493%2F1%2Foriginal.20260123-125739?crop=focalpoint&fit=crop&w=480&auto=format%2Ccompress&q=75&sharp=10&fp-x=0.5&fp-y=0.5&s=2ad54bae9c9d9b0a7ee3caa823e32922,ok,
https://www.eventbrite.com/e/neuroscience-research-day-nrd-2026-tickets-1979952175255,0,,no_images_found,
https://www.eventbrite.ca/e/hutton-house-6-week-community-pottery-hand-building-class-tickets-1972844568211,0,,no_images_found,
https://www.eventbrite.ca/e/hbec-further-faster-business-program-summer-2026-tickets-1981870194101,1,https://img.evbuc.com/https%3A%2F%2Fcdn.evbuc.com%2Fimages%2F852514999%2F149026562396%2F1%2Foriginal.20240917-171125?w=480&auto=format%2Ccompress&q=75&sharp=10&rect=101%2C138%2C1044%2C522&s=28c4ceea95f7757112b69f12ded0e70b,ok,
https://www.eventbrite.ca/e/the-chicks-experience-tickets-1978840460085,1,https://img.evbuc.com/https%3A%2F%2Fcdn.evbuc.com%2Fimages%2F1173404812%2F1395300759843%2F1%2Foriginal.20251222-173908?w=480&auto=format%2Ccompress&q=75&sharp=10&rect=0%2C1160%2C2652%2C1326&s=5339968bb07f31386233584ff9707194,ok,
https://www.eventbrite.ca/e/improv-104-3-weeks-starting-february-4-2026-tickets-1981934783289,0,,no_images_found,
https://www.eventbrite.com/e/waz-fest-2026-friday-july-17-tickets-1979657734575,1,https://img.evbuc.com/https%3A%2F%2Fcdn.evbuc.com%2Fimages%2F1175147235%2F1381238689603%2F1%2Foriginal.20260117-222531?w=480&auto=format%2Ccompress&q=75&sharp=10&rect=0%2C0%2C1334%2C667&s=37a85e21182c7f92ad79d7558057ce17,ok,
https://www.eventbrite.ca/e/onpoint-ski-snowboard-cybercon-2026-tickets-1865375039959,0,,no_images_found,
https://www.eventbrite.ca/e/2026-bridgestone-csbk-championship-round-4-grand-bend-motorplex-tickets-1982593814469,1,https://img.evbuc.com/https%3A%2F%2Fcdn.evbuc.com%2Fimages%2F694166489%2F644804665863%2F1%2Foriginal.20240209-230821?w=480&auto=format%2Ccompress&q=75&sharp=10&rect=0%2C37%2C1050%2C525&s=396dac09119ee91f6c9a7d4aa2be1f64,ok,
https://www.eventbrite.ca/e/hbec-further-faster-business-program-winter-2026-tickets-1735055601009,0,,no_images_found,
https://www.eventbrite.com/e/winter-rugby-academy-2026-tickets-1963303251877,0,,no_images_found,
