Page url,Poster,Name,Organizer,Description,Category,Highlights,Refund Policy,Address,Price,Date & Time
https://www.eventbrite.ca/e/the-dance-playground-flow-space-tickets-1980936661881,https://img.evbuc.com/https%3A%2F%2Fcdn.evbuc.com%2Fimages%2F1177090329%2F1459302276183%2F1%2Foriginal.20260209-191009?w=1000&auto=format%2Ccompress&q=75&sharp=10&rect=161%2C595%2C1460%2C730&s=bd48351bff6633a9074e42f8f23da9eb,The Dance Playground: Flow Space,Hamilton Hollistic Hub,Tap into your playful energy and let loose at our sober/ conscious dance party and practice - The Dance Playground: Flow Space,"Arts, Dance","Free parking, 4 hours, all ages, In person, Doors at 7:00 PM",Refunds up to 7 days before event,"270 Sherman Avenue North, Hamilton, ON L8L 6N4, Canada",CAD 27.96 - CAD 43.93,Mar 6 at 7:00 PM EST
https://www.eventbrite.ca/e/anastasia-tickets-1981372219646,https://img.evbuc.com/https%3A%2F%2Fcdn.evbuc.com%2Fimages%2F1176334810%2F292446794279%2F1%2Foriginal.20260131-174838?w=1000&auto=format%2Ccompress&q=75&sharp=10&rect=0%2C0%2C2160%2C1080&s=74449530f373995c6bb8753a3e51ee69,Anastasia,Curtain Call Productions,Anastasia is a musical about a young woman searching for her true identity as she journeys from post-revolutionary Russia to Paris.,"Arts, Musical","Free parking, 2 days 3 hours, all ages, In person",No Refunds,"390 Gordon St., Guelph, ON N1G2W1, Canada",CAD 0.0 - CAD 27.96,Mar 20 at 7:00 PM EDT
https://www.eventbrite.ca/e/gcw-burlington-march-22nd-live-wrestling-tickets-1978978889130,https://img.evbuc.com/https%3A%2F%2Fcdn.evbuc.com%2Fimages%2F1174761679%2F2986747338080%2F1%2Foriginal.20260113-185027?w=1000&auto=format%2Ccompress&q=75&sharp=10&rect=0%2C433%2C2000%2C1000&s=96323ae3727156a4f386ee3f759fca22,GCW : Burlington : March 22nd : LIVE WRESTLING,Pop Culture Canada,LIVE WRESTLING COMES TO YOUR TOWN !,"Film & Media, TV","2 hours 30 minutes, In person",No Refunds,"471 Pearl Street, Burlington, ON L7R 4M4, Canada",25.07 CAD - 72.99 CAD,Mar 22 at 6:00 PM EDT
https://www.eventbrite.ca/e/the-2026-canadian-community-psychology-conference-tickets-1786127207559,https://img.evbuc.com/https%3A%2F%2Fcdn.evbuc.com%2Fimages%2F1172205163%2F2984730404689%2F1%2Foriginal.20251203-022523?w=1000&auto=format%2Ccompress&q=75&sharp=10&rect=0%2C140%2C2240%2C1120&s=e3d317eccdc43b1e245fec47e1716f5e,The 2026 Canadian Community Psychology Conference,"Centre for Community Research, Learning and Action","Join us for The 2026 Canadian Community Psychology Conference hosted at Wilfrid Laurier University from May 21-23, 2026!","Community, Other","Paid parking, Parking available, all ages, In person",Refunds up to 7 days before event,"75 University Avenue West, Waterloo, ON N2L 3C5, Canada",263.00 CAD - 79.26 CAD,Apr 27 at 11:59 PM
https://www.eventbrite.ca/e/save-the-dates-buzz-conference-2027-tickets-1982436257211,https://img.evbuc.com/https%3A%2F%2Fcdn.evbuc.com%2Fimages%2F1176874774%2F68329440213%2F1%2Foriginal.20260206-143616?w=1000&auto=format%2Ccompress&q=75&sharp=10&rect=0%2C31%2C1004%2C502&s=410415250a6d54e534efc97ccc2f2c5d,SAVE THE DATES - BUZZ CONFERENCE 2027,The Buzz Conference,"The New Frontier is here, this is the room to be in, visit www.instagram.com/thebuzzconference and feel the vibe of 2026.","Business, Real Estate","20 hours 30 minutes, In person",Refunds up to 7 days before event,"75 Derry Road West, Mississauga, ON L5W 1N5, Canada",361.34 CAD,Feb 3 at 7:30 AM EST
https://www.eventbrite.com/e/capm-certification-weekend-classroom-training-in-rockwood-co-tickets-1969866158708,https://cdn.evbuc.com/images/1170677724/2958041386231/1/logo.20251111-113452,"CAPM Certification Weekend Classroom Training in Rockwood, CO",iCertGlobal,Pass your CAPM exam on the first try! Join our expert-led CAPM Certification Bootcamp and launch your project management career.,,,Refunds up to 7 days before event,"73 Water Street North, Cambridge, ON N1R 7L6, Canada",1919.52 USD,Feb 21 at 9:00 AM
https://www.eventbrite.ca/e/womenuptm-ai-workshop-stop-posting-start-capturing-leads-you-actually-own-tickets-1980506984705,https://img.evbuc.com/https%3A%2F%2Fcdn.evbuc.com%2Fimages%2F1175717101%2F514328608345%2F1%2Foriginal.20260124-144731?w=1000&auto=format%2Ccompress&q=75&sharp=10&rect=0%2C0%2C2160%2C1080&s=326d8e94a34f8eaf56a2f924c560ae6b,WomenUp™ AI Workshop— Stop posting. Start capturing leads you actually own.,WomenUp,Build your lead magnet. Set up lead capture. Launch it online. Leverage AI to turn visibility into qualified leads — fast.,"Business, Career","Free parking, 2 hours 30 minutes, all ages, In person, Doors at 11:55 AM",No Refunds,"901 Guelph Line, Burlington, ON L7R 3N8, Canada",CAD 67.0,Feb 20 at 12:00 PM EST
https://www.eventbrite.com/e/in-person-free-robotics-workshop-for-kids-at-milton-on-7-14-yrs-tickets-1981921379197,https://cdn.evbuc.com/images/1176140659/1077516986593/1/logo.20260129-073943,"In-Person Free Robotics Workshop For Kids at Milton, ON (7-14 yrs)",Moonpreneur,"Let your child dive into the excitement of a free coding workshop by Moonpreneur on 22nd February,11:00 AM EST.","Science & Tech, Robotics","7 hours, In person",Refunds up to 7 days before event,"161 Chisholm Drive, Milton, ON L9T 4A6, Canada",Free,Feb 22 at 11:00 AM EST
https://www.eventbrite.com/e/in-person-free-coding-workshop-for-kids-at-milton-on-7-14-yrs-tickets-1981922276882,https://cdn.evbuc.com/images/1176141780/1077516986593/1/logo.20260129-082403,"In-Person Free Coding Workshop For Kids at Milton, ON (7-14 yrs)",Moonpreneur,"Let your child dive into the excitement of a free coding workshop by Moonpreneur on 22nd February,11:00 AM EST.","Science & Tech, Robotics","7 hours, In person",Refunds up to 7 days before event,"161 Chisholm Drive, Milton, ON L9T 4A6, Canada",Free,Feb 22 at 11:00 AM EST
https://www.eventbrite.ca/e/ai-day-with-toyota-tour-train-transform-lean-white-belt-certification-tickets-1981599329939,https://img.evbuc.com/https%3A%2F%2Fcdn.evbuc.com%2Fimages%2F1175874002%2F91003281809%2F1%2Foriginal.20260126-194421?w=1000&auto=format%2Ccompress&q=75&sharp=10&rect=0%2C0%2C2160%2C1080&s=29c258fb6439b4df2ac14b1f4a5b4498,"AI Day with Toyota: Tour, Train, Transform & LEAN White Belt Certification",Ontario Association of Certified Engineering Technicians and Technologists,"Unlock Lean Thinking with a Toyota Manufacturing (Cambridge) Gemba tour, Toy Car Flow Simulation, White Belt Certification, AI-powered tools","Science & Tech, Other","8 hours 30 minutes, In person",Refunds up to 7 days before event,"1055 Fountain Street North Gate 1, Cambridge, ON N3H 4R7, Canada",143.84 CAD - 179.52 CAD,Mar 11 at 8:30 AM EDT
https://www.eventbrite.com/e/rockstars-2026-spring-showcase-toronto-on-tickets-1982192275455,https://img.evbuc.com/https%3A%2F%2Fcdn.evbuc.com%2Fimages%2F1176457066%2F69951106971%2F1%2Foriginal.20260202-152944?w=1000&auto=format%2Ccompress&q=75&sharp=10&rect=0%2C0%2C2160%2C1080&s=244c515719780e170008c8dcd138c347,"Rockstar's 2026 Spring Showcase - Toronto, ON",Rockstar Music Central,We invite students of all ages/levels to perform at the summer concert! Join us for great music & fun for the whole family!⭐,"Music, Alternative","all ages, In person, Doors at 1:00 PM",Refunds up to 2 days before event,"918 Bathurst Street, Toronto, ON M5R 3G5, Canada",CAD 28.25,May 30 at 1:30 PM EDT
https://www.eventbrite.ca/e/the-importance-of-being-earnest-penny-pound-theatre-tickets-1979807713165,https://img.evbuc.com/https%3A%2F%2Fcdn.evbuc.com%2Fimages%2F1174055198%2F288317466918%2F1%2Foriginal.20260105-231351?w=1000&auto=format%2Ccompress&q=75&sharp=10&rect=0%2C120%2C1920%2C960&s=975fa733761e1a20256daa36053b5026,The Importance of Being Earnest | Penny & Pound Theatre,Penny & Pound Theatre Productions,"A dazzling comedy of mistaken identities, Oscar Wilde’s most famous ‘gay nineties’ comedy comes to life on stage in KW.","Arts, Theatre","2 hours 30 minutes, all ages, In person",No Refunds,"9 Princess Street East, Waterloo, ON N2J 2H4, Canada",,Feb 18 at 8:00 PM
https://www.eventbrite.com/e/2026-hamilton-local-business-expo-tickets-1982612527440,https://img.evbuc.com/https%3A%2F%2Fcdn.evbuc.com%2Fimages%2F1176988636%2F2991432652295%2F1%2Foriginal.20260208-130638?w=1000&auto=format%2Ccompress&q=75&sharp=10&rect=0%2C127%2C958%2C479&s=5bf6ca4b014cd7c0e976bb2f890b55e3,2026 HAMILTON LOCAL BUSINESS EXPO,ON Bright Planners Co.,Get ready to explore cool local businesses and connect with awesome folks at the 2026 Hamilton Local Business Expo!,"Business, Startups","2 days 9 hours, In person",Refunds up to 7 days before event,"64 Leander Drive, Hamilton, ON L8L 1N6, Canada",Free,Apr 3 at 10:00 AM EDT
https://www.eventbrite.com/e/the-neighbours-a-new-play-by-nicolas-billon-directed-by-matt-white-tickets-1797697213759,https://img.evbuc.com/https%3A%2F%2Fcdn.evbuc.com%2Fimages%2F1149315763%2F2948085559891%2F1%2Foriginal.20251009-185508?w=1000&auto=format%2Ccompress&q=75&sharp=10&rect=0%2C24%2C700%2C350&s=8c5c8d6a730e324558ab21280040ea7b,THE NEIGHBOURS: A New Play By Nicolas Billon Directed By Matt White,Green Light Arts,Experience The Neighbours — a moving new play by Nicolas Billon. Tickets: $15-$45 + HST at https://ticketscene.ca/artists/green_light_arts/,"Arts, Theatre","Free parking, ages 14+, In person",No Refunds,"36 King St W, Kitchener, ON N2G 1A3, Canada",18,Mar 18 at 7:00 PM EDT
https://www.eventbrite.ca/e/delta-downsview-55000-monster-bingo-tickets-1980200592277,https://cdn.evbuc.com/images/1174431863/387210855547/1/logo.20260109-180311,"Delta Downsview: $55,000 Monster Bingo",Delta Bingo & Gaming,There's BIG CASH PRIZES to be won during this jacked up Bingo session at Delta Downsview.,"Film & Media, Other","Free parking, 2 hours 30 minutes, ages 18+, In person, Doors at 11:00 AM",No Refunds,"1868 Wilson Avenue, Toronto, ON M9M 1A5, Canada",CAD 0.0,Feb 22 at 1:00 PM EST
https://www.eventbrite.com/e/the-wedding-show-sunday-march-1st-2026-inside-hyatt-regency-toronto-tickets-1887994675899,https://img.evbuc.com/https%3A%2F%2Fcdn.evbuc.com%2Fimages%2F1162636963%2F180524839650%2F1%2Foriginal.20251026-063159?w=1000&auto=format%2Ccompress&q=75&sharp=10&rect=0%2C43%2C1080%2C540&s=deb8c85320b1c20f3a5f46f8846485b4,"The Wedding Show - Sunday, March 1st, 2026, inside Hyatt Regency Toronto",THE WEDDING SHOW,"ARE YOU A BRIDE-TO-BE? We invite you to attend ""The Wedding Show"" at Hyatt Regency Toronto on Sunday, Mar 1st, from 12:00 pm to 5:00 pm",Other,"5 hours, In person",Refunds up to 7 days before event,"370 King St W,, Toronto, ON M5V 1J9, Canada",11.98 CAD - 3.99 CAD,Mar 1 at 12:00 PM EST
https://www.eventbrite.com/e/international-youth-in-business-conference-toronto-2026-tickets-1753158798159,https://cdn.evbuc.com/images/1138565753/1873170323953/1/logo.20250929-105500,International Youth In Business Conference - Toronto 2026,IMPACT GLOBAL EVENTS,"Join us at the International Youth In Business Conference to connect, learn, and grow together as young entrepreneurs!","Business, Startups","Free parking, 2 days 8 hours, ages 18+, In person, Doors at 8:30 AM",Refunds up to 7 days before event,"30 Baywood Road, Toronto, ON M9V 2Z8, Canada",182.38 CAD - 300.00 CAD,Apr 20 at 9:00 AM EDT
https://www.eventbrite.ca/e/sunde-social-beloved-tickets-1981587712190,https://cdn.evbuc.com/images/1176767998/463261164146/1/logo.20260205-122017,Sundé Social - BELOVED,Sunde Social,"Live Music, Networking, Vibez, Community, Exposure. #ExperienceSomethingDifferent","Arts, Theatre","5 hours 30 minutes, In person",No Refunds,"1230 Sheppard Avenue West, Toronto, ON M3K 1Z9, Canada",CAD 22.9 - CAD 38.95,Feb 22 at 6:00 PM EST
https://www.eventbrite.ca/e/etobicoke-camera-club-1-year-membership-for-the-2025-to-2026-season-tickets-1698373754619,https://img.evbuc.com/https%3A%2F%2Fcdn.evbuc.com%2Fimages%2F539533729%2F501959939515%2F1%2Foriginal.20230620-165851?w=1000&auto=format%2Ccompress&q=75&sharp=10&rect=0%2C504%2C4032%2C2016&s=5cd1daebd8a69cd235635833b4c6db98,Etobicoke Camera Club - 1 Year Membership for the 2025 to 2026 season.,Etobicoke Camera Club,"Our friendly group of 130+ photography enthusiasts meet most Mondays from Sep to May, in-person & on Zoom. Won’t you consider joining us?","Hobbies, Photography","2 hours 30 minutes, In person",,"76 Anglesey Boulevard, Toronto, ON M9A 3C1, Canada",From CA$107.83,Feb 23 at 7:00 PM
https://www.eventbrite.com/e/richmond-art-and-craft-2026-tickets-1980246171606,https://cdn.evbstatic.com/s3-build/prod/21894412222-rc2026-02-11_20.04-py27-de056fe/django/images/logos/eb_orange_on_white_1200x630.png,Richmond Art and Craft 2026,Heritage Canada Events,"Showcase your products, meet ready-to-shop customers, and grow your brand at our vibrant vendor market!","Arts, Craft","1 day 7 hours, In person",Refunds up to 7 days before event,"321 Mill Street, Richmond Hill, ON L4C 4B5, Canada",Free,Feb 21 at 10:00 AM EST
https://www.eventbrite.com/e/2026-toronto-urban-vendors-fest-tickets-1982611965760,https://img.evbuc.com/https%3A%2F%2Fcdn.evbuc.com%2Fimages%2F1176988169%2F2991431706722%2F1%2Foriginal.20260208-124855?w=1000&auto=format%2Ccompress&q=75&sharp=10&rect=0%2C400%2C1600%2C800&s=edbdb97c798013ce5f071fc085acd540,2026 TORONTO URBAN VENDORS FEST,Urban Vibe Collective,Get ready to explore Toronto’s coolest street food and handmade goods at the 2026 Urban Vendors Fest!,"Community, City & Town","2 days 9 hours, In person",Refunds up to 7 days before event,"790 Queen Street West, Toronto, ON M6J 1G3, Canada",CAD 0.0,Mar 27 at 9:00 AM EDT
https://www.eventbrite.ca/e/masters-phd-grad-diploma-info-table-yorks-spring-open-houseglendon-tickets-1974429113629,https://img.evbuc.com/https%3A%2F%2Fcdn.evbuc.com%2Fimages%2F1115980453%2F2404406890273%2F1%2Foriginal.20250906-015254?w=1000&auto=format%2Ccompress&q=75&sharp=10&rect=0%2C0%2C1080%2C540&s=c670a55b79b831c9bfb6134fe87d9d63,"Master's, PhD & Grad Diploma Info Table @ York's Spring Open House(Glendon)",Faculty of Graduate Studies | York University,Come meet the Graduate Recruitment Team at York University during the 2026 Glendon Spring Open House,"Business, Career","2 hours, In person",Refunds up to 7 days before event,"2275 Bayview Avenue, Toronto, ON M4N 3M6, Canada",CAD 0.0,Mar 22 at 10:00 AM EDT
https://www.eventbrite.com/e/phsas-end-of-year-gala-2026-masquerade-ball-tickets-1982508792165,https://img.evbuc.com/https%3A%2F%2Fcdn.evbuc.com%2Fimages%2F1176907250%2F1702395308653%2F1%2Foriginal.20260206-201200?w=1000&auto=format%2Ccompress&q=75&sharp=10&rect=0%2C34%2C1200%2C600&s=222ac07dc58c7a04c984e60b4578abb4,PHSA's End of Year Gala 2026: Masquerade Ball,Public Health Students' Association,"Welcome to an unforgettable night of mystery, music, and elegance. PHSA's End of Year Gala is here — come celebrate with us!","Community, Other","Paid parking, Parking available, 4 hours, In person",Refunds up to 7 days before event,"7 Hart House Circle, Toronto, ON M5S 3H3, Canada",CAD 0.0,Apr 16 at 6:00 PM EDT
https://www.eventbrite.com/e/intro-to-oils-35hr-workshop-in-person-toronto-tickets-1981460287058,https://img.evbuc.com/https%3A%2F%2Fcdn.evbuc.com%2Fimages%2F1175690809%2F2861146728461%2F1%2Foriginal.20260123-223852?w=1000&auto=format%2Ccompress&q=75&sharp=10&rect=24%2C0%2C1010%2C505&s=882ab68f10eca7c6e756081c30e00dfd,Intro to Oils - 3.5hr Workshop - In-Person - Toronto,Jennifer Wigmore,"This a fun, hands-on, in-person, studio workshop ideal for beginners and those looking to strengthen their knowledge in oil paint.","Arts, Painting","Free parking, 3 hours 30 minutes, ages 16+, In person, Doors at 9:45 AM",Refunds up to 7 days before event,"1 Wiltshire Avenue, Toronto, ON M6N 2V7, Canada",49.26 CAD,Feb 28 at 10:00 AM EST
https://www.eventbrite.ca/e/hayden-ryann-live-at-dinas-tavern-tickets-1980399825188,https://cdn.evbuc.com/images/1175970191/2970759534411/1/logo.20260127-173614,Hayden Ryann Live at Dina's Tavern,Hayden Ryann,Catch Hayden Ryann’s live vibes and good times at Dina’s Tavern—come hang and enjoy the tunes!,"Music, Singer/Songwriter","2 hours, ages 19+, In person",No Refunds,"486 Spadina Avenue, Toronto, ON M5S 2H1, Canada",CAD 22.55,Mar 21 at 8:00 PM EDT
https://www.eventbrite.com/e/lean-six-sigma-green-belt-in-person-weekend-training-in-rockwood-co-tickets-1964708556180,https://cdn.evbuc.com/images/1170298789/2958041386231/1/logo.20251106-113845,"Lean Six Sigma Green Belt In-Person Weekend Training in Rockwood, CO",iCertGlobal,"Advance your career with our 4-day Lean Six Sigma Green Belt Weekend Bootcamp. Master DMAIC, improve quality, and drive measurable results!",,Free parking,Refunds up to 7 days before event,"73 Water Street North, Cambridge, ON N1R 7L6, Canada",1919.52 USD,Feb 21 at 9:00 AM EST
https://www.eventbrite.com/e/gay-men-speed-dating-toronto-fancy-a-go-singles-event-tickets-1979449900939,https://img.evbuc.com/https%3A%2F%2Fcdn.evbuc.com%2Fimages%2F454463489%2F743519355293%2F1%2Foriginal.20220807-082634?w=1000&auto=format%2Ccompress&q=75&sharp=10&rect=0%2C0%2C1000%2C500&s=5c5ab851555d03a880f4aac6fd57bc12,Gay Men Speed Dating | Toronto Fancy a Go? | Singles Event,MyCheekyGayDate,Gay Men Speed Dating | Toronto Fancy a Go? | Singles Event,"Home & Lifestyle, Dating","2 hours, In person",No Refunds,"244 Adelaide Street West, Toronto, ON M5H 1Y3, Canada",CAD 43.93 - CAD 48.19,Feb 24 at 7:00 PM EST
https://www.eventbrite.com/e/toronto-gay-men-singles-night-speed-dating-fancy-a-go-tickets-1982846390932,https://img.evbuc.com/https%3A%2F%2Fcdn.evbuc.com%2Fimages%2F454465899%2F185643164872%2F1%2Foriginal.20220726-175628?w=1000&auto=format%2Ccompress&q=75&sharp=10&rect=0%2C0%2C828%2C414&s=4fcb515ca0fb0fdcc6d496bd2a040bd4,Toronto Gay Men Singles Night Speed Dating | Fancy a Go?,MyCheekyGayDate,Toronto Gay Men Singles Night Speed Dating | Fancy a Go?,"Home & Lifestyle, Dating","2 hours, In person",No Refunds,"244 Adelaide Street West, Toronto, ON M5H 1Y3, Canada",CAD 48.11 - CAD 50.23,Mar 7 at 7:30 PM EST
https://www.eventbrite.ca/e/ontario-muslim-academy-family-iftar-2026-tickets-1982532027663,https://cdn.evbuc.com/images/1176895035/1433372116813/1/logo.20260206-180650,Ontario Muslim Academy – Family Iftar 2026,Ontario Muslim Academy,A Night of Reflection • Community • Giving Hosted by: Ontario Muslim Academy,"Spirituality, Islam","3 hours 30 minutes, In person",No Refunds,"82 Beverly Street, Cambridge, ON N1R 3Z7, Canada",CAD 10.38 - CAD 37.54,Feb 28 at 4:30 PM
https://www.eventbrite.ca/e/hybrid-turkish-courses-winter-term-2026-registration-1976663694320,https://cdn.evbuc.com/images/1172702278/850516005453/1/logo.20251210-181401,Hybrid Turkish Courses - Winter Term 2026,Toronto Yunus Emre Institute,Hybrid Turkish Courses (A1& A2 & B1& B2),"Community, Language","152 days 3 hours, In person",Refunds up to 7 days before event,"2 Berkeley Street Suite 210, Toronto, ON M5A 4J5, Canada",117.03 CAD,Jan 29 at 10:00 AM EST
https://www.eventbrite.ca/e/oakville-wedding-expo-winter-2026-tickets-1849682623519,https://img.evbuc.com/https%3A%2F%2Fcdn.evbuc.com%2Fimages%2F1158790643%2F466519136421%2F1%2Foriginal.20251021-171043?w=1000&auto=format%2Ccompress&q=75&sharp=10&rect=0%2C0%2C2160%2C1080&s=e29266aeda662139091e8419686249b7,Oakville Wedding Expo Winter 2026,The Wedding Ring,"Plan your perfect wedding at the Oakville Wedding Expo! Pre-book FREE, or go VIP for $33.90 to skip the line, get perks & win prizes!",Other,"4 hours, In person",No Refunds,"2245 Speers Rd, Oakville, ON L6L 6X8, Canada",13.54 CAD - 37.61 CAD,Mar 8 at 11:00 AM EDT
https://www.eventbrite.ca/e/dream-woman-a-4-week-empowering-heels-series-tickets-1980928017024,https://img.evbuc.com/https%3A%2F%2Fcdn.evbuc.com%2Fimages%2F1175389157%2F5435525187%2F1%2Foriginal.20260120-215939?w=1000&auto=format%2Ccompress&q=75&sharp=10&rect=0%2C0%2C2160%2C1080&s=88553a6933a16915ceba0d362e5055f1,Dream Woman; A 4-Week Empowering Heels Series,Shaka Lee,"A beginner heels program that elevates your technique + confidence, ending in an empowering video shoot. Celebrate femininity + sisterhood!","Arts, Dance","No parking, 2 hours, ages 18+, In person",Refunds up to 4 days before event,"35 Golden Avenue #Suite 108, Toronto, ON M6R 2J5, Canada",20.00 CAD - 214.33 CAD,Feb 22 at 6:00 PM
https://www.eventbrite.com/e/cross-border-supply-chain-2026-pitfalls-opportunities-tickets-1980492466280,https://img.evbuc.com/https%3A%2F%2Fcdn.evbuc.com%2Fimages%2F1175877074%2F2326561883113%2F1%2Foriginal.20260126-201103?w=1000&auto=format%2Ccompress&q=75&sharp=10&rect=0%2C78%2C1920%2C960&s=6540024435c82d8e784b6d2f01a5a019,Cross Border Supply Chain 2026: Pitfalls & Opportunities,CSCMP Toronto Roundtable,Join the Toronto & Chicago CSCMP Roundtables once again for Cross Border Supply Chain 2026!,,"Free parking, 6 hours 30 minutes, In person, Doors at 3:00 PM",Refunds up to 7 days before event,"6 Queen Street West, Mississauga, ON L5H 1L4, Canada",CAD 50.0 - CAD 65.0,Feb 26 at 3:30 PM EST
https://www.eventbrite.ca/e/toronto-business-kick-off-2027-tickets-1981825309851,https://img.evbuc.com/https%3A%2F%2Fcdn.evbuc.com%2Fimages%2F1176619241%2F1903271165153%2F1%2Foriginal.20260203-225413?w=1000&auto=format%2Ccompress&q=75&sharp=10&rect=0%2C0%2C2160%2C1080&s=565e5167b4d6f39347f4245f8dacb925,Toronto Business Kick-Off 2027,Toronto Business Kick-Off,Toronto Business Kick Off 2027 is in planning. Ticket sales are not open yet. Stay tuned!,"Business, Startups","Paid parking, Parking available, ages 18+, In person, Doors at 8:00 AM",No Refunds,"‎, Toronto, ON ‎ ‎ ‎ ‎ ‎ ‎, Canada",1,Feb 1 at 8:00 AM EST
https://www.eventbrite.ca/e/soft-bodies-somatic-movement-classes-tickets-1980935033009,https://cdn.evbuc.com/images/1175311700/382553734311/1/logo.20260120-053120,SOFT BODIES: Somatic Movement Classes,Jasad Dance Projects/Meryem Alaoui,"Somatic movement classes for movement practitioners, creatives, artists and anyone looking to feel more present in their body, in community.","Health, Yoga","Paid parking, Parking available, 2 hours, In person",No Refunds,"688 Richmond Street West, Toronto, ON M6J 1C5, Canada",Donation,Feb 22 at 2:00 PM
https://www.eventbrite.com/e/toronto-craft-and-trade-fair-tickets-1982234544884,https://img.evbuc.com/https%3A%2F%2Fcdn.evbuc.com%2Fimages%2F1176504583%2F2990807717158%2F1%2Foriginal.20260202-220805?w=1000&auto=format%2Ccompress&q=75&sharp=10&rect=0%2C113%2C958%2C479&s=83f48e87dbaea7f49455c9d1e7815ab5,TORONTO CRAFT AND TRADE FAIR,BollenShows LLC,Discover awesome handmade crafts and cool trade finds at the Toronto Craft and Trade Fair—fun in person!,"Business, Real Estate","2 days 8 hours, In person",Refunds up to 7 days before event,"1873 Bloor Street West, Toronto, ON M6R 2Z3, Canada",CAD 0.0,Apr 3 at 10:00 AM EDT
https://www.eventbrite.ca/e/2025-market-review-2026-market-forecast-registration-1980385892515,https://img.evbuc.com/https%3A%2F%2Fcdn.evbuc.com%2Fimages%2F1174628252%2F2060660350993%2F1%2Foriginal.20260112-154516?w=1000&auto=format%2Ccompress&q=75&sharp=10&rect=0%2C0%2C3240%2C1620&s=5f17b6699907734ccc768e3e7cee13cd,2025 Market Review / 2026 Market Forecast,Eric Spada - Mission35 Mortgages,A high-value panel discussion that cuts through the noise and focus on what actually mattered in 2025 and what will define success in 2026.,"Business, Real Estate","2 hours, In person",No Refunds,"325 Winterberry Drive #101, Hamilton, ON L8J 0B6, Canada",17.55 CAD,Feb 26 at 9:00 AM EST
https://www.eventbrite.ca/e/caledon-orangeville-wedding-expo-winter-2026-tickets-1849681931449,https://cdn.evbuc.com/images/1174236843/466519136421/1/logo.20260107-192243,Caledon-Orangeville Wedding Expo Winter 2026,The Wedding Ring,"Plan your perfect wedding at the Caledon-Orangeville Wedding Expo! Pre-book FREE, or go VIP to skip the line, get perks & win prizes!",Other,"4 hours, In person",No Refunds,"793522 3rd Line EHS, Mono, ON L9W 5X7, Canada",13.54 CAD - 37.61 CAD,Feb 22 at 11:00 AM EST
https://www.eventbrite.ca/e/ladies-business-networking-meeting-networking-momentum-march-tickets-1982603980877,https://img.evbuc.com/https%3A%2F%2Fcdn.evbuc.com%2Fimages%2F1176977556%2F385767415705%2F1%2Foriginal.20260208-024648?w=1000&auto=format%2Ccompress&q=75&sharp=10&rect=0%2C0%2C2160%2C1080&s=dd49a2c2709ad42675b022cbc78bd081,Ladies' Business Networking Meeting: Networking Momentum (March),Juanita Heidebrecht,"Join us for an empowering morning over coffee, where ladies can network, connect, and support each other — it's all about you!","Business, Career","Free parking, 1 hour 30 minutes, In person, Doors at 9:30 AM",Refunds up to 7 days before event,"2331 New St, Burlington, ON L7R 1J4, Canada",CAD 10.2,Mar 6 at 10:00 AM EST
https://www.eventbrite.ca/e/rfg-ascend-2026-tickets-1628732886909,https://img.evbuc.com/https%3A%2F%2Fcdn.evbuc.com%2Fimages%2F1104514473%2F272630255770%2F1%2Foriginal.20250825-165358?w=1000&auto=format%2Ccompress&q=75&sharp=10&rect=0%2C170%2C2048%2C1024&s=b6c489ce3d7add475ac84d84a495203f,RFG Ascend 2026,RFG,"RFG kicks off 2026 with an elite experience built to sharpen your skills, and set the standard for the year ahead.","Business, Educators","5 hours 30 minutes, In person",No Refunds,"5875 Airport Road, Mississauga, ON L4V 1N1, Canada",10.20 CAD - 27.96 CAD,Jan 10 at 12:30 PM
https://www.eventbrite.ca/e/toronto-dating-hub-february-mixer-for-divorcees-single-parents-tickets-1981661147838,https://img.evbuc.com/https%3A%2F%2Fcdn.evbuc.com%2Fimages%2F1175968422%2F2037157454353%2F1%2Foriginal.20260127-172106?w=1000&auto=format%2Ccompress&q=75&sharp=10&rect=0%2C0%2C2160%2C1080&s=41467cb246a5ba82f7a22814885c879f,Toronto Dating Hub February Mixer for Divorcees & Single Parents,Toronto Dating Hub,Kickstart 2026 and mingle with likeminded divorcees & single parents looking for a fresh start in an intimate space downtown Toronto.,"Home & Lifestyle, Dating","2 hours 30 minutes, In person",No Refunds,"37 Blue Jays Way, Toronto, ON M5V 9G9, Canada",CAD 19.56 - CAD 37.61,Feb 22 at 5:00 PM EST
https://www.eventbrite.ca/e/acbn-legacy-symposium-2026-tickets-1980241455500,https://cdn.evbuc.com/images/1177473271/242679157484/1/logo.20260213-154255,ACBN Legacy Symposium 2026,ACBN Canada Foundation,Building Wealth by Leveraging Ai. A premier event dedicated to empowering aspiring entrepreneurs and established business owners alike.,"Business, Startups","9 hours, In person",Refunds up to 7 days before event,"4226 Duke of York Boulevard, Mississauga, ON L5B 0G5, Canada",107.83 CAD - 81.21 CAD,Mar 21 at 9:00 AM EDT
https://www.eventbrite.ca/e/experienceto-riverdale-historical-tour-tickets-1599207405399,https://img.evbuc.com/https%3A%2F%2Fcdn.evbuc.com%2Fimages%2F1098148113%2F3139958924%2F1%2Foriginal.20250818-030010?w=1000&auto=format%2Ccompress&q=75&sharp=10&rect=0%2C0%2C1080%2C540&s=8cc489f31d38bdc67e4b7f1b5952ae97,#ExperienceTO: Riverdale Historical Tour,Alex Rascanu,Join us for the free-to-attend Riverdale Historical Tour.,"Community, Historic","1 hour 30 minutes, In person",Refunds up to 1 day before event,"370 Broadview Avenue, Toronto, ON M4K 2M8, Canada",Donation,Mar 28 at 10:00 AM
https://www.eventbrite.com/e/uncorked-by-reve-niagara-winemakers-dinner-series-tickets-1979790360262,https://cdn.evbuc.com/images/1174226034/2897743203021/1/logo.20260107-175423,Uncorked by Revé - Niagara Winemakers Dinner Series,Revé,Experience a four-course wine pairing dinner featuring a hand-selected Niagara winemaker.,"Food & Drink, Wine","Free parking, 5 hours, ages 19+, In person",Refunds up to 7 days before event,"242 Mary Street #Unit 4, Niagara-on-the-Lake, ON L0S 1J0, Canada",CAD 182.02 - CAD 214.52,Mar 22 at 6:00 PM
https://www.eventbrite.ca/e/opportunity-bridal-wedding-dress-sale-oakville-tickets-1944056177359,https://img.evbuc.com/https%3A%2F%2Fcdn.evbuc.com%2Fimages%2F1168134393%2F315313640516%2F1%2Foriginal.20251101-232359?w=1000&auto=format%2Ccompress&q=75&sharp=10&rect=0%2C0%2C2160%2C1080&s=3cb42ef6f778c7eded36ca579c656be4,Opportunity Bridal - Wedding Dress Sale - Oakville,Opportunity Bridal,Get ready to say yes to the dress at our Opportunity Bridal Wedding Dress Sale in Oakville - find your dream gown at amazing prices!,"Fashion, Bridal","7 hours, In person",Refunds up to 7 days before event,"590 Argus Road, Oakville, ON L6J 3J3, Canada",54.24 CAD,Feb 28 at 9:00 AM EST
https://www.eventbrite.ca/e/2026-introductory-beekeeping-course-1-tickets-1981348911932,https://img.evbuc.com/https%3A%2F%2Fcdn.evbuc.com%2Fimages%2F1176295616%2F515658883541%2F1%2Foriginal.20260130-213746?w=1000&auto=format%2Ccompress&q=75&sharp=10&rect=0%2C708%2C4000%2C2000&s=810378786a546e20a6986ead828397b5,2026 Introductory Beekeeping Course #1,U of G Honey Bee Research Centre,Beekeeping course for beginner and established beekeepers seeking more in-depth knowledge about bees and the beekeeping industry.,"Hobbies, Other",In person,Refunds up to 7 days before event,"460 Stone Road East, Guelph, ON N1G 0C2, Canada",470.85 CAD,May 2 at 9:00 AM
https://www.eventbrite.com/e/2026-greater-niagara-fishing-expo-4-day-pass-tickets-1743610579179,https://cdn.evbuc.com/images/1154354453/288025695717/1/logo.20251015-203558,2026 Greater Niagara Fishing Expo 4 Day Pass,Niagara Falls Convention Center (NFCC),"Held in Niagara Falls, NY, this pure fishing show is designed by anglers for anglers with the simple goals of promoting & teaching fishing.","Travel & Outdoor, Other","3 days 4 hours, In person",Refunds up to 7 days before event,"101 Old Falls Street, Niagara Falls, NY 14303, United States",25.00 USD,Feb 19 at 11:00 AM EST
https://www.eventbrite.com/e/2026-greater-niagara-fishing-expo-single-day-pass-tickets-1743623688389,https://img.evbuc.com/https%3A%2F%2Fcdn.evbuc.com%2Fimages%2F551186429%2F288025695717%2F1%2Foriginal.20230708-234912?w=1000&auto=format%2Ccompress&q=75&sharp=10&rect=13%2C0%2C2668%2C1334&s=140d5adc4099274972c4712e84348f22,2026 Greater Niagara Fishing Expo Single Day Pass,Niagara Falls Convention Center (NFCC),"Held in Niagara Falls, NY, this pure fishing show is designed by anglers for anglers with the simple goals of promoting & teaching fishing.","Sports & Fitness, Other","3 days 4 hours, In person",Refunds up to 7 days before event,"101 Old Falls Street, Niagara Falls, NY 14303, United States",12.00 USD,Feb 19 at 11:00 AM EST
https://www.eventbrite.ca/e/breaking-the-cycle-conference-tickets-1981438672408,https://img.evbuc.com/https%3A%2F%2Fcdn.evbuc.com%2Fimages%2F1176819725%2F463127400308%2F1%2Foriginal.20260205-210110?w=1000&auto=format%2Ccompress&q=75&sharp=10&rect=0%2C0%2C1062%2C531&s=a71273a861f51f02b5c7ceef21604c85,BREAKING THE CYCLE CONFERENCE,Future Black Female,Understanding the experiences of Black Children in Canada's Schools.,"Family & Education, Education","5 hours, In person",Refunds up to 7 days before event,"1812 Sir Isaac Brock Way, St. Catharines, ON L2S 3A1, Canada",100.00 CAD - 700.00 CAD,Apr 24 at 10:00 AM
https://www.eventbrite.ca/e/introduction-to-front-end-development-1-day-workshop-in-burlington-tickets-1979374505429,https://cdn.evbuc.com/images/1171396639/2824010078961/1/logo.20251120-063130,Introduction to Front-End Development: 1 Day Workshop in Burlington,Catils_inc,"Start your journey in front-end development—write code, design layouts, and craft responsive web experiences from scratch!","Business, Career","Paid parking, Parking available, 8 hours, ages 18+, In person",Refunds up to 7 days before event,"4145 North Service Road#2nd Floor Ph No +1 469 666 9332, Burlington, ON L7L 6A3, Canada",605.73 CAD - 776.51 CAD,Mar 4 at 9:00 AM
https://www.eventbrite.ca/e/square-dance-social-tickets-1982157550592,https://cdn.evbuc.com/images/1177663003/2625806236541/1/logo.20260216-202048,Square Dance Social,Be In Colour,An opportunity to engage in the most mathematical dance form ever created in the history of the Earth.,"Community, Other","2 hours, all ages, In person, Doors at 2:00 PM",Refunds up to 7 days before event,"175 Hampton Avenue, Toronto, ON M4K 2Z3, Canada",17.31 CAD,Feb 22 at 2:00 PM EST
https://www.eventbrite.ca/e/stop-shrinking-in-2026-workshop-tickets-1981602585677,https://img.evbuc.com/https%3A%2F%2Fcdn.evbuc.com%2Fimages%2F1175877723%2F853649598123%2F1%2Foriginal.20260126-201639?w=1000&auto=format%2Ccompress&q=75&sharp=10&rect=0%2C120%2C1920%2C960&s=3ae250423d5869599d2009007aa10c6d,Stop Shrinking in 2026 Workshop,Coach AJ,"Rewrite your 2026, no shrinking, just confidence, clarity, and alignment. Step boldly into who you’re meant to be.","Health, Personal health","1 hour, In person",Refunds up to 7 days before event,"1806 Islington Avenue, Toronto, ON M9P 3N3, Canada",22.86 CAD,Feb 21 at 11:00 AM EST
https://www.eventbrite.com/e/gay-men-speed-dating-toronto-fancy-a-go-singles-event-tickets-1983191016717,https://img.evbuc.com/https%3A%2F%2Fcdn.evbuc.com%2Fimages%2F454460549%2F540510529799%2F1%2Foriginal.20220726-210553?w=1000&auto=format%2Ccompress&q=75&sharp=10&rect=0%2C0%2C1000%2C500&s=402bea9768cb048d3bcc304faaf68ea1,Gay Men | Speed Dating | Toronto Fancy a Go? | Singles Event,MyCheekyGayDate,Gay Men | Speed Dating | Toronto Fancy a Go? | Singles Event,"Food & Drink, Spirits","2 hours, In person",No Refunds,"244 Adelaide Street West, Toronto, ON M5H 1Y3, Canada",CAD 42.87 - CAD 45.0,Mar 7 at 7:30 PM EST
https://www.eventbrite.ca/e/holi-fiesta-20-night-holi-neon-lit-celebration-bollywood-party-tickets-1982644466972,https://img.evbuc.com/https%3A%2F%2Fcdn.evbuc.com%2Fimages%2F1177126544%2F327109021225%2F1%2Foriginal.20260210-010816?w=1000&auto=format%2Ccompress&q=75&sharp=10&rect=0%2C0%2C2160%2C1080&s=76b2cdb63c3bc0e8dec5cf916e5fce87,HOLI FIESTA 2.0 | NIGHT HOLI- NEON LIT CELEBRATION | BOLLYWOOD PARTY,Rizz Events,Celebrate the vibrant and colorful festival of #Holi with #BOLLYWOOD music & neon paint & stickers & lots of fun in the heart of #toronto.,"Holiday, Other","Paid parking, Parking available, 3 hours, ages 19+, In person, Doors at 9:45 PM",No Refunds,"2415 Yonge Street, Toronto, ON M4P 2E7, Canada",CAD 17.29 - CAD 22.62,Mar 7 at 10:00 PM EST
https://www.eventbrite.ca/e/recruiting-retention-leadership-symposium-march-25-2026-tickets-1981862109921,https://img.evbuc.com/https%3A%2F%2Fcdn.evbuc.com%2Fimages%2F1176066497%2F324596111131%2F1%2Foriginal.20260128-161722?w=1000&auto=format%2Ccompress&q=75&sharp=10&rect=0%2C23%2C1920%2C960&s=e6b3435dc116bb7b6ce593dd7bbd5a0d,"Recruiting & Retention Leadership Symposium – March 25, 2026",The Trucking Network Inc,"Join industry leaders, HR professionals, and decision-makers at the Recruiting & Retention Leadership Symposium on March 25, 2026.","Business, Other","8 hours 30 minutes, In person",No Refunds,"75 Derry Road West, Mississauga, ON L5W 1N5, Canada",333.61 CAD,Mar 25 at 7:30 AM EDT
https://www.eventbrite.ca/e/beautifully-rooted-in-christ-conference-2026-tickets-1977309685497,https://img.evbuc.com/https%3A%2F%2Fcdn.evbuc.com%2Fimages%2F1172549583%2F191072893767%2F1%2Foriginal.png?w=1000&auto=format%2Ccompress&q=75&sharp=10&rect=0%2C0%2C940%2C470&s=b24f342603f8f9b5e266fe8eca910356,Beautifully Rooted in Christ Conference - 2026,Bibilamour04,Join us in 2026 to grow deep in faith and celebrate how beautifully rooted we are in Christ!,"Spirituality, Christianity","4 hours, In person",Refunds up to 7 days before event,"3175 Dundas Street West, Oakville, ON L6M 4J4, Canada",Free,Mar 28 at 12:00 PM EDT
https://www.eventbrite.ca/e/2026-project-soy-plus-finale-30-year-showcase-tickets-1982189023729,https://img.evbuc.com/https%3A%2F%2Fcdn.evbuc.com%2Fimages%2F1176450235%2F395287140555%2F1%2Foriginal.20260202-142217?w=1000&auto=format%2Ccompress&q=75&sharp=10&rect=0%2C0%2C2160%2C1080&s=a1c27148cab39f1e9d9571482c0db052,2026 Project SOY Plus Finale & 30 Year Showcase,"Research Innovation, University of Guelph","Celebrate innovation, sustainability and three decades of student-driven impact at the 2026 Project SOY Plus Finale & 30 Year Showcase!",Other,"Paid parking, Parking available, 5 hours, In person",Refunds up to 7 days before event,"474-570 Gordon Street, Guelph, ON N1G 1Y2, Canada",CAD 0.0,Mar 12 at 12:00 PM EDT
https://www.eventbrite.com/e/maple-city-artisan-holiday-market-tickets-1981493288767,https://img.evbuc.com/https%3A%2F%2Fcdn.evbuc.com%2Fimages%2F1175727844%2F2989862702036%2F1%2Foriginal.png?w=1000&auto=format%2Ccompress&q=75&sharp=10&rect=0%2C0%2C940%2C470&s=8b44bb3d14322288ceb7dd3e55620c5d,Maple City Artisan & Holiday Market,Toronto city llc,Discover unique crafts & festive vibes at Maple City Artisan & Holiday Market – your holiday shopping hotspot!,"Holiday, Other","2 days 7 hours, In person",Refunds up to 7 days before event,"550 Bayview Avenue, Toronto, ON M4W 3X8, Canada",CAD 0.0,Mar 20 at 10:00 AM EDT
https://www.eventbrite.ca/e/hormones-hangouts-west-toronto-edition-periods-pms-tickets-1982460931011,https://cdn.evbuc.com/images/1176822667/274189052497/1/logo.20260205-212906,Hormones & Hangouts: West Toronto Edition: Periods & PMS,"Dr. Margot Lattanzi, ND","Connect with like-minded women & explore practical ways to balance your hormones in your neighbourhood, with Dr. Margot Lattanzi, ND","Health, Personal health","1 hour 30 minutes, In person",Refunds up to 7 days before event,"99 Roncesvalles Avenue, Toronto, ON M6R 2K9, Canada",Free,Mar 7 at 10:00 AM EST
https://www.eventbrite.ca/e/holi-fiesta-20-day-holi-to-neon-night-one-epic-fiesta-bollywood-party-tickets-1982625658716,https://img.evbuc.com/https%3A%2F%2Fcdn.evbuc.com%2Fimages%2F1177025595%2F327109021225%2F1%2Foriginal.20260209-012603?w=1000&auto=format%2Ccompress&q=75&sharp=10&rect=0%2C0%2C2160%2C1080&s=838c8e7b59a08cd4ba3878f75c169d78,HOLI FIESTA 2.0 |DAY HOLI TO NEON NIGHT- ONE EPIC FIESTA | BOLLYWOOD PARTY,Rizz Events,Celebrate the vibrant festival of #Holi(outdoor &indoor) with #BOLLYWOOD music & colours and lots of fun in the heart of #toronto.,"Holiday, Other","Paid parking, Parking available, 13 hours, ages 19+, In person, Doors at 11:45 AM",No Refunds,"2415 Yonge Street, Toronto, ON M4P 2E7, Canada",CAD 17.29 - CAD 33.28,Mar 7 at 12:00 PM EST
https://www.eventbrite.ca/e/junk-journal-night-tickets-1979744680633,https://img.evbuc.com/https%3A%2F%2Fcdn.evbuc.com%2Fimages%2F1171678800%2F2926288259431%2F1%2Foriginal.20251124-214041?w=1000&auto=format%2Ccompress&q=75&sharp=10&rect=46%2C0%2C984%2C492&s=e9fe4acedf38db0851edae3b73871de8,Junk Journal Night,Say Hey House,Start off your 2026 Junk Journal with Say Hey House!,"Hobbies, DIY","2 hours 30 minutes, In person",Refunds up to 7 days before event,"2848 Dundas Street West, Toronto, ON M6P 1Y7, Canada",CAD 17.55,Feb 24 at 5:30 PM
https://www.eventbrite.ca/e/oakville-leadtribes-in-person-after-5-tickets-1982744597465,https://img.evbuc.com/https%3A%2F%2Fcdn.evbuc.com%2Fimages%2F1173785697%2F313346741934%2F1%2Foriginal.20260101-023150?w=1000&auto=format%2Ccompress&q=75&sharp=10&rect=1%2C340%2C2398%2C1199&s=ff498f7c79f25961c76e8253082e37ff,Oakville LeadTribes In-Person After 5,LeadTribes Networking,"One-hour interactive networking with amazing entrepreneurs. Share your story, ask for business, collaborate, and make real connections.","Business, Sales & Marketing","1 hour, In person",Refunds up to 7 days before event,"416 Kerr Street, Oakville, ON L6K 3C1, Canada",CAD 11.98,Feb 19 at 5:00 PM
https://www.eventbrite.dk/e/evolve-canada-2026-come-alive-canada-tickets-1981454033353,https://img.evbuc.com/https%3A%2F%2Fcdn.evbuc.com%2Fimages%2F1175682737%2F2989771855531%2F1%2Foriginal.png?w=1000&auto=format%2Ccompress&q=75&sharp=10&rect=0%2C0%2C940%2C470&s=f9e076859f9b31b16a0ac163cc1e16c7,EVOLVE CANADA 2026 COME ALIVE CANADA,,Join EVOLVE CANADA 2026 to spark fresh ideas and boost our economy together in person!,"Business, Finance","2 hours, all ages, In person",Refunds up to 7 days before event,"James Street North 2 King St W, Hamilton, ON L8P 1A1, Hamilton, ON L8P1A1, Canada",268.93 CAD,Jul 3 at 10:00 AM
https://www.eventbrite.ca/e/bvz-community-evening-learn-all-about-the-bvz-launch-program-tickets-1980508468142,https://img.evbuc.com/https%3A%2F%2Fcdn.evbuc.com%2Fimages%2F1174779581%2F466822531423%2F1%2Foriginal.20260113-211952?w=1000&auto=format%2Ccompress&q=75&sharp=10&rect=0%2C0%2C6912%2C3456&s=97cf410da4298adf0fffdc191592e4b7,BVZ Community Evening: Learn all about the BVZ Launch Program,Brampton Venture Zone by TMU,Are you building a health-tech startup with an MVP? Join our community evening to learn why BVZ Launch is the perfect program for you!,"Business, Startups","1 hour 30 minutes, In person",Refunds up to 7 days before event,"41 George Street South, Brampton, ON L6Y 2E1, Canada",CAD 0.0,Feb 25 at 5:00 PM EST
https://www.eventbrite.ca/e/ramadan-bazaar-2026-tickets-1980763874068,https://img.evbuc.com/https%3A%2F%2Fcdn.evbuc.com%2Fimages%2F1175115933%2F1391876194523%2F1%2Foriginal.20260117-070401?w=1000&auto=format%2Ccompress&q=75&sharp=10&rect=0%2C5%2C1304%2C652&s=df2406dbcd79d23b4d5a9420c03e6ea1,Ramadan Bazaar 2026,Sifa Creations and Events,"With grand successful pervious events, we are excited to bring yet another fun filled event",Other,"9 hours, In person",Refunds up to 7 days before event,"1550 Dunbar Road, Cambridge, ON N1R 8J5, Canada",CAD 0.0,Mar 7 at 1:00 PM EST
https://www.eventbrite.ca/e/buc-cook-off-registration-2026-tickets-1271836781049,https://img.evbuc.com/https%3A%2F%2Fcdn.evbuc.com%2Fimages%2F977566023%2F2386638939193%2F1%2Foriginal.20250307-010522?w=1000&auto=format%2Ccompress&q=75&sharp=10&rect=423%2C23%2C1072%2C536&s=c39afd08cb59ed7fe81d60907438f347,BUC Cook-Off Registration 2026,BUC Youth Ministry,"Join BUC's Youth Ministry for the second time, as we celebrate creativity for youths ages 13–30!","Food & Drink, Food","Free parking, 7 hours 45 minutes, all ages, In person",Refunds up to 30 days before event,"100 Marmora Street ##200, Toronto, ON M9M 2X5, Canada",CAD 0.0 - CAD 110.0,Mar 21 at 8:15 AM EDT
https://www.eventbrite.ca/e/black-history-stem-celebration-2026-past-present-future-tickets-1982313485999,https://cdn.evbuc.com/images/1177236367/539552244431/1/logo.20260211-011143,Black History STEM Celebration 2026: Past. Present. Future.,Black Boys Code Canada,"Join us in person to celebrate Black innovators in STEM—honoring the past, living the present, and inspiring the future!","Science & Tech, Science","7 hours, In person",Refunds up to 7 days before event,"550 Courtneypark Drive West, Mississauga, ON L5W 1L9, Canada",Free,Feb 21 at 10:00 AM EST
https://www.eventbrite.ca/e/echoes-of-greatness-celebrating-black-canadian-legacy-arts-and-futures-tickets-1982130761465,https://img.evbuc.com/https%3A%2F%2Fcdn.evbuc.com%2Fimages%2F1176417726%2F4577263115%2F1%2Foriginal.20260202-031716?w=1000&auto=format%2Ccompress&q=75&sharp=10&rect=1%2C18%2C1544%2C772&s=cdeaf6f3c3ce9660061e6277583ec43c,"ECHOES OF GREATNESS: CELEBRATING BLACK CANADIAN LEGACY, ARTS AND FUTURES",Citizens for the Advancement of Community Development,"Please join us at the CACD Black History Month Event, taking place on Tuesday, February 24, 2026, at the Mississauga Valley Community Centre","Community, Nationality","5 hours 30 minutes, In person",Refunds up to 7 days before event,"1275 Mississauga Valley Boulevard, Mississauga, ON L5A 3R8, Canada",Free,Feb 24 at 4:00 PM EST
https://www.eventbrite.ca/e/fireside-chat-2026-tedxuoftmississauga-tickets-1983135668168,https://img.evbuc.com/https%3A%2F%2Fcdn.evbuc.com%2Fimages%2F1177601789%2F2575119979101%2F1%2Foriginal.20260216-023708?w=1000&auto=format%2Ccompress&q=75&sharp=10&rect=0%2C32%2C1216%2C608&s=76de681c966528976d2424dd5da06e8e,Fireside Chat 2026 | TEDxUofTMississauga,TEDxUofTMississauga,Fireside Chat 2026 | DV 3130 | Feb 23 | 6–8PM. Bold ideas. Real talk. Innovation in action. Join us and spark the next breakthrough.,"Business, Other","Paid parking, Parking available, 2 hours, In person",Refunds up to 2 days before event,"3359 Mississauga Road, Mississauga, ON L5L 1C6, Canada",17.55 CAD,Feb 23 at 6:00 PM EST
https://www.eventbrite.ca/e/united-way-niagaras-campaign-celebration-breakfast-tickets-1981748725786,https://img.evbuc.com/https%3A%2F%2Fcdn.evbuc.com%2Fimages%2F1177176793%2F1734041683383%2F1%2Foriginal.20260210-153834?w=1000&auto=format%2Ccompress&q=75&sharp=10&rect=0%2C0%2C2160%2C1080&s=f9febf5179d616a38e314fc0b6ac66e3,United Way Niagara's Campaign Celebration Breakfast,United Way Niagara,"Join us on Thursday March 12th, 2026 for a celebratory breakfast as we commemorate the incredible achievements of the 2025 campaign!","Charity & Causes, Other","2 hours, In person",Refunds up to 7 days before event,"327 Ontario Street, St. Catharines, ON L2R 5L3, Canada",CAD 44.29 - CAD 429.38,Mar 12 at 7:30 AM EDT
https://www.eventbrite.ca/e/oakville-eid-festival-2026-tickets-1975147316794,https://img.evbuc.com/https%3A%2F%2Fcdn.evbuc.com%2Fimages%2F1176002682%2F245952735238%2F1%2Foriginal.20260127-222307?w=1000&auto=format%2Ccompress&q=75&sharp=10&rect=0%2C0%2C978%2C489&s=9d553a8baa97e346491709a05d05723f,Oakville Eid Festival 2026,Social Connections,"Join us at Oakville Eid Festival 2026 for fun, food, music, and celebrating together in person!","Community, City & Town","8 hours, In person",Refunds up to 7 days before event,"1280 Dundas Street West, Oakville, ON L6M 4H9, Canada",CAD 0.0,Mar 14 at 3:00 PM EDT
https://www.eventbrite.ca/e/soundbath-meditation-incense-making-wellness-workshop-tickets-1981070602501,https://cdn.evbuc.com/images/1175404064/242975541752/1/logo.20260121-005955,Soundbath Meditation + Incense Making | Wellness Workshop,Take It Offline: Toronto,Join us for a calming session of soundbath meditation and incense making workshop. Be the first to experience Orin's products.,,,Refunds up to 7 days before event,"71 Grange Avenue #304, Toronto, ON M5T 1C8, Canada",CAD 11.98 - CAD 17.31,Feb 22 at 2:00 PM EST
https://www.eventbrite.com/e/mastering-communication-collaboration-tickets-1976903020150,https://cdn.evbuc.com/images/947453123/271774442722/1/logo.20250129-113427,Mastering Communication & Collaboration,Inspired Strategy Group Inc.,Your introduction to Strengths-Based Development,"Business, Career","7 hours, In person",Refunds up to 7 days before event,"253 Taylor Road, Niagara-on-the-Lake, ON L0S 1J0, Canada",56.47 CAD - 561.61 CAD,Mar 27 at 9:00 AM EDT
https://www.eventbrite.ca/e/government-relations-funding-and-event-planning-seminars-tickets-1980188793988,https://img.evbuc.com/https%3A%2F%2Fcdn.evbuc.com%2Fimages%2F1174993240%2F1378072953493%2F1%2Foriginal.20260115-202751?w=1000&auto=format%2Ccompress&q=75&sharp=10&rect=0%2C0%2C2160%2C1080&s=4c17a86202b34f84ac5499b3ad62b30f,"Government Relations, Funding and Event Planning Seminars",Serge Buy,"Seminar for those looking to gain an understanding of government relations (federal and provincial), government funding and event planning.","Government, Federal Government","1 day 3 hours, In person",Refunds up to 14 days before event,"100 King Street West, Toronto, ON M5X 1C9, Canada",282.50 CAD - 678.00 CAD,Mar 30 at 9:00 AM EDT
https://www.eventbrite.com/e/2026-homebuyers-playbook-seminar-tickets-1979907631022,https://img.evbuc.com/https%3A%2F%2Fcdn.evbuc.com%2Fimages%2F1175397838%2F2942331410841%2F1%2Foriginal.20260120-230640?w=1000&auto=format%2Ccompress&q=75&sharp=10&rect=0%2C0%2C2000%2C1000&s=13250e2434e5cae0d966cf91da28306a,2026 Homebuyers Playbook Seminar,,It's an affordable time to buy if you understand the market. Learn from industry experts & avoid costly mistakes at this free seminar.,"Business, Real Estate","1 hour 30 minutes, In person",Refunds up to 7 days before event,"901 Victoria Street North, Kitchener, ON N2B 2C6, Canada",Free,Mar 7 at 11:00 AM EST
https://www.eventbrite.ca/e/taste-of-the-middle-east-mississauga-arabic-festival-2026-tickets-1981275555521,https://cdn.evbuc.com/images/1177304396/305036788618/1/logo.20260211-185053,Taste of the Middle East Mississauga Arabic Festival 2026,Hamsa Diab Farhat,"To Present, Showcase and Celebrate Arabic Music, Art and Culture in Canada.","Community, Heritage","Free parking, 2 hours, all ages, In person",Refunds up to 7 days before event,"75 Derry Road West, Mississauga, ON L5W 1G3, Canada",CAD 4.18 - CAD 6.85,Mar 27 at 6:00 PM
https://www.eventbrite.com/e/international-conference-on-african-startups-toronto-2026-tickets-1975743880131,https://cdn.evbuc.com/images/726544489/1873170323953/1/logo.20240323-123657,International Conference on African Startups - Toronto 2026,IMPACT GLOBAL EVENTS,Hey there! Get ready for this gathering of bright minds and innovative ideas focused on African Startups.,"Business, Startups","2 days 8 hours, In person",Refunds up to 7 days before event,"30 Baywood Road, Toronto, ON M9V 2Z8, Canada",200.00 CAD - 267.58 CAD,Apr 15 at 9:00 AM EDT
https://www.eventbrite.ca/e/wedbiz-masterclass-the-30-day-shortcut-stop-posting-start-automating-tickets-1980122189773,https://cdn.evbuc.com/images/1177229197/2050359737923/1/logo.20260210-233437,"Wedbiz Masterclass: The 30-Day Shortcut: Stop Posting, Start Automating.",K2B Productions Inc,The ultimate social media masterclass for wedding pros. Learn content strategies that drive inquiries and build a brand couples love,"Business, Startups","Free parking, 6 hours, ages 18+, In person, Doors at 9:30 AM",Refunds up to 7 days before event,"30 Clark Boulevard, Brampton, ON L6W 1X3, Canada",254.20 CAD - 362.52 CAD,Mar 11 at 10:00 AM EDT
https://www.eventbrite.com/e/forest-bathing-the-way-of-stillness-a-year-of-shinrin-yoku-at-oakhenge-tickets-1967205825580,https://img.evbuc.com/https%3A%2F%2Fcdn.evbuc.com%2Fimages%2F1170502093%2F19998983748%2F1%2Foriginal.20251108-234547?w=1000&auto=format%2Ccompress&q=75&sharp=10&rect=0%2C44%2C1456%2C728&s=078b7ea6a38bfa394cc3346b0270c895,Forest Bathing: The Way of Stillness — A Year of Shinrin Yoku at Oakhenge,Oakhenge Houses of Healing,"Slow, sensory forest walks to calm your nervous system. Breathe, listen, and reconnect with nature through seasons at Oakhenge.","Health, Other","1 hour, In person",Refunds up to 7 days before event,"1018 Orrs Lake Road, Cambridge, ON N1R 5S3, Canada",107.83 CAD - 27.96 CAD,Apr 12 at 11:00 AM
https://www.eventbrite.ca/e/the-age-of-surveillance-capitalism-north-york-reading-group-tickets-1982158241659,https://img.evbuc.com/https%3A%2F%2Fcdn.evbuc.com%2Fimages%2F1176421756%2F1995224393363%2F1%2Foriginal.20260202-043150?w=1000&auto=format%2Ccompress&q=75&sharp=10&rect=0%2C237%2C2550%2C1275&s=61d326052925e3b9cdf6330f5394cb6c,The Age of Surveillance Capitalism (North York Reading Group),Toronto Book Lovers,Join us to read together and share your thoughts! North York Reading Group proposed one book as the discussion theme for each session.,"Community, Other","1 hour 30 minutes, In person",Refunds up to 7 days before event,"5150 Yonge Street, Toronto, ON M2N 6L8, Canada",CAD 0.0,Feb 22 at 10:00 AM EST
https://www.eventbrite.ca/e/brantford-wedding-expo-spring-2026-tickets-1730914524939,https://img.evbuc.com/https%3A%2F%2Fcdn.evbuc.com%2Fimages%2F1174237115%2F466519136421%2F1%2Foriginal.20260107-192456?w=1000&auto=format%2Ccompress&q=75&sharp=10&rect=0%2C0%2C2160%2C1080&s=feb023dd72da90c76fcd79a9877e1d06,Brantford Wedding Expo Spring 2026,The Wedding Ring,"Plan your wedding at the Brantford Wedding Expo! Meet local wedding pros, see the latest in fashion and decor, win great prizes and more!",Other,"4 hours, In person",No Refunds,"30 Fen Ridge Court, Brantford, ON N3V 1G2, Canada",Free,Mar 28 at 11:00 AM EDT
https://www.eventbrite.ca/e/june-5th-pa-day-camp-2026-tickets-1772713897989,https://img.evbuc.com/https%3A%2F%2Fcdn.evbuc.com%2Fimages%2F1144773623%2F309130854867%2F1%2Foriginal.20251004-233014?w=1000&auto=format%2Ccompress&q=75&sharp=10&rect=0%2C83%2C1000%2C500&s=42b4eb49c0d06c10f05258387f7e6975,June 5th P.A. Day Camp 2026,Burlington Training Centre,"Round out the nearing end of the school year on a high note with our June P.A. Day Camp! Featuring light martial arts skill-building, streng","Family & Education, Education","In person, Doors at 8:45 AM",Refunds up to 7 days before event,"5353 Lakeshore Rd. Unit #17, Burlington, ON L7L 1C8, Canada",35.94 CAD - 70.56 CAD,Apr 11 at 12:00 AM
https://www.eventbrite.ca/e/2026-niagara-engineering-week-morning-technical-session-and-luncheon-tickets-1982188331659,https://cdn.evbuc.com/images/1176560702/135911583712/1/logo.20260203-142837,2026 Niagara Engineering Week - Morning Technical Session and Luncheon,Niagara Engineering Week Committee,"Join us in person for the 2026 Niagara Engineering Week Luncheon to connect, eat, and celebrate innovation!","Business, Career","Free parking, 4 hours, In person",No Refunds,"125 Vansickle Road, St. Catharines, ON L2S 3W4, Canada",CAD 0.0 - CAD 560.0,Mar 4 at 10:00 AM EST
https://www.eventbrite.ca/e/2026-ontario-prayer-breakfast-tickets-1596571070049,https://img.evbuc.com/https%3A%2F%2Fcdn.evbuc.com%2Fimages%2F1145299073%2F513039767171%2F1%2Foriginal.20251006-021006?w=1000&auto=format%2Ccompress&q=75&sharp=10&rect=0%2C37%2C1200%2C600&s=4a354a25f577c1de9de06f7c33cd1ae6,2026 Ontario Prayer Breakfast,Ontario Prayer Breakfast,"For more than 50 years, Ontario's Christian community has gathered to pray for our provincial and municipal politicians.","Spirituality, Christianity","1 hour 45 minutes, In person",Refunds up to 7 days before event,"123 Queen Street West, Toronto, ON M5H 2M9, Canada",CAD 0.0,Mar 12 at 7:15 AM EDT
https://www.eventbrite.com/e/rise-canada-2026-tickets-1979072079866,https://cdn.evbuc.com/images/1173644458/2987214298078/1/logo.20251229-141111,RISE CANADA 2026,RISE Canada,"RISE Canada 2026 is a powerful two-day convention where resilience, voice, and community collide,designed to help Immigrants RISE","Business, Career","Free parking, 1 day 7 hours, In person, Doors at 9:59 AM",Refunds up to 7 days before event,"1500 Gulleden Drive, Mississauga, ON L4X 2T7, Canada",25.00 CAD,Apr 24 at 10:00 AM EDT
https://www.eventbrite.ca/e/future-skills-for-2026-1-day-workforce-training-in-mississauga-tickets-1978082050662,https://cdn.evbuc.com/images/1171396639/2824010078961/1/logo.20251120-063130,Future Skills for 2026: 1 Day Workforce Training in Mississauga,Catils_inc,"Explore 2026 skill trends, AI impact, future job demands, digital transformation, and workforce strategies for the evolving workplace.","Business, Career","Paid parking, Parking available, 8 hours, ages 18+, In person",Refunds up to 7 days before event,"2 Robert Speck Parkway, Suite 750 Ph No +1 469 666 9332, Mississauga, ON L4Z 1H8, Canada",467.04 CAD - 622.29 CAD,Mar 19 at 9:00 AM
https://www.eventbrite.ca/e/screen-composers-guild-of-canada-panel-talk-tickets-1983150657000,https://cdn.evbuc.com/images/1177521020/1751376966843/1/logo.20260214-044620,SCREEN COMPOSERS GUILD OF CANADA PANEL TALK,SINÉ INSTITUTE,In Conversation with RISE Tribe: Hyphenated - Filipinx Creativity Across Film,"Film & Media, Film","Paid parking, Parking available, 1 hour 30 minutes, all ages, In person, Doors at 1:30 PM",No Refunds,"51 Dockside Drive, Toronto, ON M5A 0B6, Canada",Free,Mar 5 at 2:30 PM EST
https://www.eventbrite.ca/e/8th-global-conference-on-machine-learning-and-artificial-intelligence-2026-tickets-1839645161199,https://img.evbuc.com/https%3A%2F%2Fcdn.evbuc.com%2Fimages%2F1020040023%2F1917235214013%2F1%2Foriginal.png?w=1000&auto=format%2Ccompress&q=75&sharp=10&rect=0%2C0%2C940%2C470&s=68ba0d9abd3ed33abee05ff3c8e7b001,8th Global Conference on Machine Learning and Artificial intelligence 2026,GlobalTech Zone,Get ready for the ultimate gathering of tech enthusiasts and experts at the 2026 Global Conference on Machine Learning and Artificial Intell,"Science & Tech, High Tech","9 hours, In person",No Refunds,"240 Belfield Road, Etobicoke,, Toronto, ON M9W 1H3, Canada",118.24 GBP,Feb 18 at 9:00 AM MST
https://www.eventbrite.com/e/2026-mcca-chinese-new-year-gala-tickets-1976354784362,https://img.evbuc.com/https%3A%2F%2Fcdn.evbuc.com%2Fimages%2F910193723%2F2523656730531%2F1%2Foriginal.20241202-214620?w=1000&auto=format%2Ccompress&q=75&sharp=10&rect=0%2C134%2C800%2C400&s=4baaf35a38b634020c3ae0f141426406,2026 MCCA Chinese New Year Gala,Milton Chinese Canadian Association (MCCA),Get ready to celebrate the Chinese New Year in style at the 2026 MCCA Chinese New Year Gala!,,,Refunds up to 1 day before event,"4343 Regional Road 25, Milton, ON L9T 2X5, Canada",CAD 0.0 - CAD 11.98,Feb 21 at 6:00 PM EST
https://www.eventbrite.ca/e/recurrence-2026-tickets-1979110916026,https://img.evbuc.com/https%3A%2F%2Fcdn.evbuc.com%2Fimages%2F1173566241%2F1413019327643%2F1%2Foriginal.20251227-140255?w=1000&auto=format%2Ccompress&q=75&sharp=10&rect=0%2C2849%2C4892%2C2446&s=02e7505f31a42a96b8d455cac8389ed8,Recurrence 2026,Ubermensch Events,"Recurrence 2026, Is our one year journey with all of you guys. It will be on April 11 2026","Community, State","10 hours, In person",No Refunds,"TBH, Toronto, ON M6E 4V8, Canada",CAD 45.0 - CAD 70.56,Apr 11 at 8:00 PM EDT
https://www.eventbrite.ca/e/9th-global-conference-on-machine-learning-and-artificial-intelligence-2026-tickets-1974946816091,https://img.evbuc.com/https%3A%2F%2Fcdn.evbuc.com%2Fimages%2F1020040023%2F1917235214013%2F1%2Foriginal.png?w=1000&auto=format%2Ccompress&q=75&sharp=10&rect=0%2C0%2C940%2C470&s=68ba0d9abd3ed33abee05ff3c8e7b001,9th Global Conference on Machine Learning and Artificial intelligence 2026,GlobalTech Zone,Get ready for the ultimate gathering of tech enthusiasts and experts at the 2026 Global Conference on Machine Learning and Artificial Intell,"Science & Tech, High Tech","9 hours, In person",No Refunds,"240 Belfield Road, Etobicoke,, Toronto, ON M9W 1H3, Canada",118.24 GBP,Mar 19 at 9:00 AM MDT
https://www.eventbrite.ca/e/pauz-power-reclaiming-your-midlife-mojo-tickets-1554971715259,https://img.evbuc.com/https%3A%2F%2Fcdn.evbuc.com%2Fimages%2F1108624793%2F1973021443093%2F1%2Foriginal.20250829-130435?w=1000&auto=format%2Ccompress&q=75&sharp=10&rect=0%2C75%2C1600%2C800&s=5e031da7854fdfef058535235e1a2e02,PAUZ & Power: Reclaiming Your Midlife Mojo,PAUZ Health,"Discover expert-led answers on menopause, hormones, lifestyle & sexual health—plus amazing vendors, tools, and exclusive swag!","Health, Personal health","6 hours, In person",Refunds up to 7 days before event,"6250 Highway 7, Vaughan, ON L4H 4G3, Canada",99.00 CAD,Sep 28 at 10:00 AM
https://www.eventbrite.ca/e/2026-acce-magnolia-event-tickets-1982794930011,https://cdn.evbstatic.com/s3-build/prod/21894412222-rc2026-02-11_20.04-py27-de056fe/django/images/logos/eb_orange_on_white_1200x630.png,2026 ACCE Magnolia Event,Association of Chinese Canadian Entrepreneurs (ACCE),2026 ACCE Magnolia Event,"Business, Startups","2 hours 30 minutes, In person",No Refunds,"130 Saint George Street #8th Floor, Toronto, ON M5S 3H1, Canada",30.00 CAD,Mar 12 at 4:00 PM EDT
https://www.eventbrite.com/e/pnb-minds-graduate-research-day-2026-tickets-1981862392767,https://img.evbuc.com/https%3A%2F%2Fcdn.evbuc.com%2Fimages%2F1176067012%2F2990267674135%2F1%2Foriginal.20260128-162123?w=1000&auto=format%2Ccompress&q=75&sharp=10&rect=127%2C0%2C808%2C404&s=94e999a1c5ee6392ed78753aacf648b0,PNB + MiNDS Graduate Research Day 2026,PNB + MiNDS Graduate Research Day Committee,An event to celebrate all of the amazing research from our very own graduate students within the PNB Department!,"Science & Tech, Science","9 hours, In person",Refunds up to 7 days before event,"King Street West, Hamilton, ON L8S 4S4, Canada",Free,Apr 9 at 9:00 AM EDT
https://www.eventbrite.ca/e/largest-eid-festival-2026-at-ikon-event-space-tickets-1978627977544,https://cdn.evbuc.com/images/1173278819/247124087708/1/logo.20251219-172326,LARGEST EID FESTIVAL 2026 AT IKON EVENT SPACE,Sunshine Media Inc,"Get ready to celebrate Eid in style at the biggest festival of 2026, with amazing vibes and unforgettable moments waiting for you!","Community, Other","10 hours 30 minutes, In person",Refunds up to 7 days before event,"6887 Dixie Road, Mississauga, ON L5S 0B8, Canada",USD 0.0,Mar 7 at 1:00 PM
https://www.eventbrite.ca/e/workstudy-program-end-of-the-year-celebration-tickets-1979771634252,https://img.evbuc.com/https%3A%2F%2Fcdn.evbuc.com%2Fimages%2F1174035915%2F1366425810233%2F1%2Foriginal.20260105-200151?w=1000&auto=format%2Ccompress&q=75&sharp=10&rect=0%2C231%2C2048%2C1024&s=0621bfd56a79efb309b8475027c4e1c8,Work/Study Program: End of the Year Celebration,"Career Centre, York University","Celebrate the End of the Year with Us! Join us for the Work/Study End-of-Year Celebration—an afternoon of food, drinks, and networking!","Family & Education, Education","2 hours 30 minutes, In person",Refunds up to 7 days before event,"99 Ottawa Road, Toronto, ON M3J 1P3, Canada",CAD 0.0,Mar 26 at 1:30 PM EDT
https://www.eventbrite.ca/e/asatmu-x-irtmu-x-ssa-tmu-grand-iftar-tickets-1983163592691,https://img.evbuc.com/https%3A%2F%2Fcdn.evbuc.com%2Fimages%2F1177534594%2F765054634353%2F1%2Foriginal.20260214-162500?w=1000&auto=format%2Ccompress&q=75&sharp=10&rect=0%2C420%2C1080%2C540&s=cb5e743ea7efdc6401191d37e9e5049c,ASATMU X IRTMU X SSA TMU Grand Iftar,Islamic Relief TMU,Ramadan Kareem!,"Spirituality, Islam","2 hours 30 minutes, In person",No Refunds,"245 Church Street, Toronto, ON M5B 2R2, Canada",CAD 0.0,Feb 23 at 5:00 PM EST
https://www.eventbrite.ca/e/10th-global-conference-on-machine-learning-and-artificial-intelligence-2026-tickets-1979392447093,https://img.evbuc.com/https%3A%2F%2Fcdn.evbuc.com%2Fimages%2F1020040023%2F1917235214013%2F1%2Foriginal.png?w=1000&auto=format%2Ccompress&q=75&sharp=10&rect=0%2C0%2C940%2C470&s=68ba0d9abd3ed33abee05ff3c8e7b001,10th Global Conference on Machine Learning and Artificial intelligence 2026,GlobalTech Zone,Get ready for the ultimate gathering of tech enthusiasts and experts at the 2026 Global Conference on Machine Learning and Artificial Intell,"Science & Tech, High Tech","9 hours, In person",No Refunds,"240 Belfield Road, Etobicoke,, Toronto, ON M9W 1H3, Canada",118.24 GBP,Apr 20 at 9:00 AM MDT
https://www.eventbrite.ca/e/gcw-stratford-august-22nd-2026-live-wrestling-tickets-1395215620479,https://cdn.evbuc.com/images/1174874713/2828738618651/1/logo.20260114-190330,GCW : STRATFORD : AUGUST 22nd 2026 : LIVE WRESTLING,Pop Culture Canada,LIVE WRESTLING COMES TO YOUR TOWN !,"Film & Media, TV","2 hours 30 minutes, In person",No Refunds,"552 Ontario Street, Stratford, ON N5A 3J3, Canada",25.07 CAD - 72.99 CAD,Aug 22 at 6:00 PM EDT
https://www.eventbrite.ca/e/celebrate-ramadan-and-eid-festival-at-ikon-event-space-tickets-1980522773931,https://cdn.evbuc.com/images/1174681032/247124087708/1/logo.20260112-234434,Celebrate Ramadan and Eid Festival at Ikon Event Space,Sunshine Media Inc,"21st Annual Eid Bazaar 2026 Ikon Event Space 6887 Dixie Rd, Mississauga RAMADAN FESTIVAL, 180 Vendors, kids magic show, Live performances","Spirituality, Islam","9 hours 30 minutes, In person",Refunds up to 7 days before event,"6887 Dixie Road, Mississauga, ON L5S 0B8, Canada",USD 0.0,Mar 7 at 2:00 PM
https://www.eventbrite.ca/e/celebrate-excellence-2026-ontario-outstanding-young-farmers-regional-event-tickets-1980492672898,https://cdn.evbuc.com/images/1175401045/1604195447973/1/logo.20260121-001352,Celebrate Excellence: 2026 Ontario Outstanding Young Farmers Regional Event,Ontario's Outstanding Young Farmer Program,"Join Ontario’s top ag leaders for elite networking, exclusive farm tours, and the 2026 OYF Awards Banquet in the heart of St. Jacobs.","Business, Other","22 hours 30 minutes, all ages, In person",No Refunds,"1430 King Street North, St. Jacobs, ON N0B 2N0, Canada",CAD 151.94 - CAD 182.02,Apr 8 at 4:30 PM EDT
https://www.eventbrite.ca/e/the-perspective-exchange-tickets-1982051780230,https://cdn.evbuc.com/images/1176302900/2194275847823/1/logo.20260130-231612,The Perspective Exchange,Women in Communications and Technology,Join the GTA chapter of WCT for a celebration of International Women’s Day 2026 in partnership with Monday Girl and Ellevate Network,"Business, Other","2 hours, In person",Refunds up to 7 days before event,"56 Yonge Street, Toronto, ON M5E 1G5, Canada",CAD 22.6,Mar 4 at 6:00 PM EST
https://www.eventbrite.ca/e/128th-global-conference-on-african-business-and-technology-gcabt-tickets-1979702799365,https://cdn.evbuc.com/images/1173986551/1371272017873/1/logo.20260105-090536,128th Global Conference on African Business and Technology (GCABT),Global Conference Alliance Inc.,"Global platform exploring African business growth, technology, investment, entrepreneurship, and sustainable development.","Business, Finance","2 days 4 hours, In person",No Refunds,"80 Cooperage St,, Toronto, ON M5A 0J3, Canada",500.00 USD,Mar 27 at 1:00 PM EDT
https://www.eventbrite.ca/e/cala-connects-2026-tickets-1416019585699,https://img.evbuc.com/https%3A%2F%2Fcdn.evbuc.com%2Fimages%2F1144183433%2F1348043136003%2F1%2Foriginal.20251003-220946?w=1000&auto=format%2Ccompress&q=75&sharp=10&rect=0%2C0%2C2160%2C1080&s=78a828188bf90fd968c5cab47c25fb4f,CALA Connects 2026,CALA Inc.,"Get ready to network, learn, and discover at CALA Connects 2026 - where connections are made and memories are created!","Business, Other","15 hours, In person",Refunds up to 7 days before event,"970 Dixon Road, Toronto, ON M9W 5N4, Canada",1015.87 CAD - 450.87 CAD,May 6 at 8:00 AM EDT
https://www.eventbrite.ca/e/canadian-msb-association-2026-spring-conference-tickets-1978145488406,https://img.evbuc.com/https%3A%2F%2Fcdn.evbuc.com%2Fimages%2F1176288171%2F144142049483%2F1%2Foriginal.20260130-193653?w=1000&auto=format%2Ccompress&q=75&sharp=10&rect=0%2C26%2C1920%2C960&s=fe58bcf5d6cd2fab52dd35f48c8d4188,Canadian MSB Association 2026 Spring Conference,Canadian MSB Association (CMSBA),"Being held on May 26, 2026 at The Great Hall - - 9am-5 pm with networking from 5:30 - 7:00 pm","Business, Startups","10 hours, In person",Refunds up to 5 days before event,"1087 Queen Street West, Toronto, ON M6J 1H3, Canada",107.83 CAD - 533.83 CAD,May 26 at 9:00 AM EDT
https://www.eventbrite.ca/e/u-of-t-transportation-alumni-reception-2026-registration-1980730200349,https://img.evbuc.com/https%3A%2F%2Fcdn.evbuc.com%2Fimages%2F1175150799%2F449309849808%2F1%2Foriginal.20260117-230519?w=1000&auto=format%2Ccompress&q=75&sharp=10&rect=0%2C0%2C5760%2C2880&s=ac8de19cb62420d2f5f01fbb9ab3ac1d,U of T Transportation Alumni Reception 2026,U of T Transportation Alumni Network,Join us for a night of networking and fun at the 2026 U of T Transportation Alumni Reception at Hart House!,"Business, Other","3 hours 30 minutes, In person",Refunds up to 7 days before event,"7 Hart House Circle, Toronto, ON M5S 3H3, Canada",CAD 22.0,Mar 5 at 5:30 PM EST
https://www.eventbrite.ca/e/148th-global-conference-on-digital-marketing-and-technology-gcdmt-tickets-1978770486793,https://cdn.evbuc.com/images/1173350724/1371272017873/1/logo.20251221-100933,148th Global Conference on Digital Marketing and Technology (GCDMT),Global Conference Alliance Inc.,"Explores digital marketing trends, AI tools, data analytics, innovation strategies, and technology-driven business growth worldwide.","Science & Tech, Other","2 days 4 hours, In person",No Refunds,"RESIDENCE & CONFERENCE CENTRE, TORONTO DOWNTOWN, 80 Cooperage St,, Toronto, ON M5A 0J3, Canada",500.00 USD,Apr 17 at 1:00 PM EDT
https://www.eventbrite.ca/e/11th-global-conference-on-machine-learning-and-artificial-intelligence-2026-tickets-1979392464144,https://img.evbuc.com/https%3A%2F%2Fcdn.evbuc.com%2Fimages%2F1020040023%2F1917235214013%2F1%2Foriginal.png?w=1000&auto=format%2Ccompress&q=75&sharp=10&rect=0%2C0%2C940%2C470&s=68ba0d9abd3ed33abee05ff3c8e7b001,11th Global Conference on Machine Learning and Artificial intelligence 2026,GlobalTech Zone,Get ready for the ultimate gathering of tech enthusiasts and experts at the 2026 Global Conference on Machine Learning and Artificial Intell,"Science & Tech, High Tech","9 hours, In person",No Refunds,"240 Belfield Road, Etobicoke,, Toronto, ON M9W 1H3, Canada",118.24 GBP,May 19 at 9:00 AM MDT
https://www.eventbrite.ca/e/sell-goods-or-promote-services-at-bollywoodmonster-mashup-2026-registration-1839504781319,https://img.evbuc.com/https%3A%2F%2Fcdn.evbuc.com%2Fimages%2F1160042443%2F177690221252%2F1%2Foriginal.20251022-195826?w=1000&auto=format%2Ccompress&q=75&sharp=10&rect=0%2C504%2C3000%2C1500&s=8f69dad65212a8eb7653b12d3fa1c893,Sell goods or promote services at #BollywoodMonster Mashup 2026,MonsterArts,Reach 60-90K in-person attendees,"Community, Other","Free parking, 2 days 1 hour, In person",No Refunds,"300 City Centre Drive, Mississauga, ON L5B 3C1, Canada",1080.00 CAD - 550.00 CAD,Jul 24 at 6:00 PM EDT
https://www.eventbrite.ca/e/125th-global-conference-on-african-economy-and-culture-gcaec-tickets-1979705808365,https://cdn.evbuc.com/images/1173987758/1371272017873/1/logo.20260105-094240,125th Global Conference on African Economy and Culture (GCAEC),Global Conference Alliance Inc.,"International gathering exploring African economic growth, cultural heritage, policy development, innovation, and sustainable futures.","Business, Finance","2 days 4 hours, In person",No Refunds,"80 Cooperage St,, Toronto, ON M5A 0J3, Canada",500.00 USD,Mar 27 at 1:00 PM EDT
https://www.eventbrite.ca/e/burlington-vegfest-2026-tickets-1980838063972,https://img.evbuc.com/https%3A%2F%2Fcdn.evbuc.com%2Fimages%2F1175208494%2F1320528723953%2F1%2Foriginal.20260119-023910?w=1000&auto=format%2Ccompress&q=75&sharp=10&rect=0%2C122%2C1474%2C737&s=f35b603982454580004defa2fed82ea5,Burlington VegFest 2026,Burlington VegFest,"Get ready for Burlington VegFest 2026—your go-to spot for tasty plant-based eats, fun vibes, and good times!","Food & Drink, Food","7 hours, In person",Refunds up to 7 days before event,"1400 Lakeshore Road, Burlington, ON L7S 1B3, Canada",CAD 0.0,Aug 15 at 11:30 AM EDT
https://www.eventbrite.ca/e/black-then-muted-melodies-tickets-1964484816970,https://cdn.evbuc.com/images/1039915593/1875666485623/1/logo.20250527-181036,B'Lack Then: Muted Melodies,Canada Black Music Archives,An immersive exhibition that explores the lives of 23 influential artists across 10 music genres!,,,Refunds up to 7 days before event,"134 Ian Macdonald Boulevard, Toronto, ON M7A 2C5, Canada",CAD 0.0,Feb 17 at 8:30 AM
https://www.eventbrite.ca/e/the-next-6-social-date-tba-tickets-1671563875549,https://cdn.evbuc.com/images/1077068833/272630255770/1/logo.20250719-192502,The Next 6+ Social (Date TBA),RFG,"A top-tier networking event for entrepreneurs, investors, influencers, day-traders & anyone making moves in the Greater Toronto Area.","Business, Other","4 hours, In person",No Refunds,"627 King Street West, Toronto, ON M5V 1M5, Canada",CAD 8.42 - CAD 16.66,Apr 5 at 3:00 PM EDT
https://www.eventbrite.ca/e/tech-builders-2026-building-the-new-digital-economy-tickets-1979568928955,https://img.evbuc.com/https%3A%2F%2Fcdn.evbuc.com%2Fimages%2F1173889129%2F128151761545%2F1%2Foriginal.20260103-094042?w=1000&auto=format%2Ccompress&q=75&sharp=10&rect=0%2C0%2C2160%2C1080&s=85cb9dcb301380ea81c62f2e4f9d3820,Tech Builders 2026: Building the New Digital Economy,Global Startups,"Global Startups supports pre-seed founders. Tech Builders 2026, during the FIFA World Cup, showcases Canada’s next digital economy.","Science & Tech, High Tech","5 hours 30 minutes, In person",No Refunds,"250 Front Street West, Toronto, ON M5V 3G5, Canada",170.00 CAD - 95.00 CAD,Jun 16 at 9:30 AM EDT
https://www.eventbrite.ca/e/senior-music-theatre-production-grades-9-12-tuesdays-700-815pm-registration-1689677694469,https://img.evbuc.com/https%3A%2F%2Fcdn.evbuc.com%2Fimages%2F1081855823%2F150032373129%2F1%2Foriginal.20250726-174714?w=1000&auto=format%2Ccompress&q=75&sharp=10&rect=0%2C296%2C3654%2C1827&s=2478ed76f67d1b2dbcc46246feca5e2c,"Senior Music Theatre Production (Grades 9-12)-Tuesdays, 7:00-8:15pm",Centre Stage Theatre School,"Acting techniques, character development, voice instruction, musical theatre scene study, and stage movement.","Arts, Theatre",In person,Refunds up to 7 days before event,"3505 Mainway, Burlington, ON L7M 1A9, Canada",118.83 CAD,Sep 16 at 7:00 PM EDT
https://www.eventbrite.ca/e/1up-conference-2026-blueprint-to-bloom-tickets-1977384690840,https://cdn.evbuc.com/images/1174130220/202039088522/1/logo.20260106-190130,1UP Conference 2026 - Blueprint to Bloom,1UP Youth City Builders,Trying to shape tomorrow’s cities? Start here!,"Science & Tech, High Tech","1 day 7 hours, In person",Refunds up to 30 days before event,"198 York Boulevard, Toronto, ON M3J 1P3, Canada",107.83 CAD,Mar 28 at 9:30 AM EDT
https://www.eventbrite.ca/e/cesas-conference-on-education-2026-tickets-1981598019018,https://cdn.evbuc.com/images/1176090243/201231629600/1/logo.20260128-192832,CESA's Conference on Education 2026,Brock Concurrent Education Student Association,Join CESA for our annual Conference on Education!,"Business, Educators","Free parking, 6 hours, In person",No Refunds,"1812 Sir Isaac Brock Way, St. Catharines, ON L2S 3A1, Canada",27.96 CAD,Feb 28 at 10:00 AM EST
https://www.eventbrite.ca/e/2026-vegetable-garden-workshop-series-at-allan-gardens-tickets-1978194907219,https://img.evbuc.com/https%3A%2F%2Fcdn.evbuc.com%2Fimages%2F1173092897%2F235343698208%2F1%2Foriginal.20251216-220535?w=1000&auto=format%2Ccompress&q=75&sharp=10&rect=0%2C0%2C2160%2C1080&s=8eff11e4c96e8d3173b0ee5b12c76259,2026 Vegetable Garden Workshop Series at Allan Gardens,Friends of Allan Gardens,Come spend Winter in Toronto's premier indoor green space getting ready to make the garden (or balcony) of your dreams!,"Home & Lifestyle, Home & Garden","No parking, 2 hours, all ages, In person",Refunds up to 7 days before event,"19 Horticultural Avenue, Toronto, ON M5A 2P2, Canada",Donation,Mar 29 at 1:00 PM
https://www.eventbrite.ca/e/largest-eid-bazaar-2026-in-gta-ikon-event-space-mississauga-tickets-1981373327961,https://cdn.evbuc.com/images/1175588442/140863554548/1/logo.20260122-201703,Largest Eid Bazaar 2026 in GTA (IKON EVENT SPACE) Mississauga,Sunshine Media Inc,"21st Annual Eid Bazaar BIGGER & BETTER venue, IKON EVENT SPACE (6887 Dixie rd, Mississauga) free entry, kids magic show, 1000s of gifts","Community, Heritage","Free parking, 9 hours 30 minutes, all ages, In person",Refunds up to 7 days before event,"6887 Dixie Road, Mississauga, ON L5S 0B8, Canada",USD 0.0,Mar 7 at 2:00 PM
https://www.eventbrite.ca/e/146th-global-conference-on-international-business-and-marketing-gcibm-tickets-1978381500324,https://cdn.evbuc.com/images/1173192546/1371272017873/1/logo.20251218-105355,146th Global Conference on International Business and Marketing (GCIBM),Global Conference Alliance Inc.,"International forum on global business strategies, marketing innovation, branding, trade trends, networking, and practical insights.","Business, Sales & Marketing","2 days 4 hours, In person",No Refunds,"RESIDENCE & CONFERENCE CENTRE, TORONTO DOWNTOWN, 80 Cooperage St,, Toronto, ON M5A 0J3, Canada",500.00 USD,Apr 17 at 1:00 PM EDT
https://www.eventbrite.com/e/women-in-health-it-networking-event-february-2026-tickets-1981969563317,https://cdn.evbuc.com/images/1030194173/2762947854641/1/logo.20250513-215949,Women in Health IT Networking Event - February 2026,Women in Health IT,"Connect, learn, and share with women working in health IT! Join us for Women in Health IT Networking Event: February 25, 2026, 5:30-8:30 pm.","Science & Tech, Medicine","3 hours, In person",Refunds up to 1 day before event,"142 Cumberland Street, Toronto, ON M5R 1A8, Canada",CAD 25.0,Feb 25 at 5:30 PM EST
https://www.eventbrite.ca/e/2026-u-of-t-school-of-continuing-studies-career-expo-networking-event-tickets-1757476743249,https://img.evbuc.com/https%3A%2F%2Fcdn.evbuc.com%2Fimages%2F1140015413%2F1496861321903%2F1%2Foriginal.20250930-135120?w=1000&auto=format%2Ccompress&q=75&sharp=10&rect=115%2C0%2C1050%2C525&s=e2cfe2ad8aaa3fcb77a75247d4e18572,2026 U of T School of Continuing Studies Career Expo & Networking Event,University of Toronto School of Continuing Studies,"Expand your career horizons, connect with top employers and take the next step in your future. Join us for this U of T SCS one-day event!","Business, Career","5 hours, In person",Refunds up to 7 days before event,"7 Hart House Circle, Toronto, ON M5S 3H3, Canada",Free,Mar 12 at 10:00 AM EDT
https://www.eventbrite.ca/e/africanada-economic-summit-2026-tickets-1305994728389,https://cdn.evbuc.com/images/1177308489/568455247047/1/logo.20260211-192715,AfriCanada Economic Summit 2026,"AfriCanada Commerce Exchange, Inc","Diverse financial strategies such as venture capital, equity investments, public-private partnerships (PPP), and project financing.",,"7 hours 30 minutes, In person",Refunds up to 7 days before event,"250 Yonge Street, Toronto, ON M5B 2L7, Canada",CAD 267.58 - CAD 560.47,Mar 26 at 9:00 AM EDT
https://www.eventbrite.com/e/canada-world-cup-experience-tour-2026-tickets-1976454004131,https://cdn.evbuc.com/images/1172311106/1873170323953/1/logo.20251204-142214,CANADA WORLD CUP EXPERIENCE TOUR 2026,IMPACT GLOBAL EVENTS,Get ready to immerse yourself in the ultimate soccer fan experience at the Canada World Cup Experience Tour 2026!,"Business, Startups","Free parking, 7 days 8 hours, ages 18+, In person, Doors at 8:30 AM",Refunds up to 7 days before event,"170 Princes Blvd, Toronto, ON M6K 3C3, Canada",1279.35 CAD - 470.00 CAD,Jun 19 at 9:00 AM EDT
https://www.eventbrite.ca/e/valentines-trivia-night-2026-tickets-1980292926451,https://img.evbuc.com/https%3A%2F%2Fcdn.evbuc.com%2Fimages%2F1174525395%2F1120580656833%2F1%2Foriginal.20260111-023350?w=1000&auto=format%2Ccompress&q=75&sharp=10&rect=0%2C0%2C1200%2C600&s=0c10744e5aab405fe3fb28399ac56247,Valentines Trivia Night 2026,Insight Biblical Counselling,"Couples & Singles welcome! Join us for a night of fun, food, fellowship & fundraising for Insight! Reservations are free but required.","Charity & Causes, Other",In person,Refunds up to 7 days before event,"2 O'Malley Drive, St. Catharines, ON L2N 6N7, Canada",CAD 0.0,Feb 20 at 7:00 PM EST
https://www.eventbrite.ca/e/isow-model-un-2026-tickets-1980158268686,https://img.evbuc.com/https%3A%2F%2Fcdn.evbuc.com%2Fimages%2F1174383818%2F317410082599%2F1%2Foriginal.20260109-042114?w=1000&auto=format%2Ccompress&q=75&sharp=10&rect=0%2C951%2C6240%2C3120&s=7caff535e10249d51d16eba3eeb56421,ISOW Model UN 2026,International Students Overcoming War (ISOW),The fourth annual Model United Nations (MUN) hosted by Laurier's International Students Overcoming War (ISOW).,"Government, International Affairs","6 hours, In person",Refunds up to 7 days before event,"67 Erb Street West, Waterloo, ON N2L 6C2, Canada",Free,Apr 8 at 9:00 AM EDT
https://www.eventbrite.com/e/good-neighbours-award-tickets-1975022752218,https://img.evbuc.com/https%3A%2F%2Fcdn.evbuc.com%2Fimages%2F1177076130%2F2877065716771%2F1%2Foriginal.20260209-170549?w=1000&auto=format%2Ccompress&q=75&sharp=10&rect=0%2C0%2C5400%2C2700&s=e87cf52ecb4a3b7084bf3427631baa3d,Good Neighbours Award,Office of MP Chi Nguyen,Join MP Chi Nguyen at the 2025 Good Neighbours Awards—celebrating everyday acts of kindness.,"Community, Other","Paid parking, Parking available, 1 hour 30 minutes, all ages, In person, Doors at 6:00 PM",Refunds up to 7 days before event,"55 Fort York Boulevard, Toronto, ON M5V 0R6, Canada",USD 0.0,Feb 19 at 6:30 PM EST
https://www.eventbrite.ca/e/2026-bso-symposium-tue-april-7-2026-tickets-1968860397449,https://img.evbuc.com/https%3A%2F%2Fcdn.evbuc.com%2Fimages%2F657816229%2F1931000178973%2F1%2Foriginal.20231213-045329?w=1000&auto=format%2Ccompress&q=75&sharp=10&rect=0%2C0%2C2160%2C1080&s=d516646e511be484b078864850d0954f,"2026 BSO SYMPOSIUM - Tue., April 7, 2026",Black Screen Office,A global celebration of Black culture that empowers creatives and executives while advancing the creation of authentic Black content.,"Business, Media",In person,No Refunds,"100 Queens Quay East 3rd Floor, Toronto, ON M5E 1Y3, Canada",383.07 CAD,
https://www.eventbrite.com/e/oxford-college-open-house-mississauga-campus-programs-financial-aid-tickets-1982449832816,https://img.evbuc.com/https%3A%2F%2Fcdn.evbuc.com%2Fimages%2F1176890817%2F2991127803185%2F1%2Foriginal.20260206-172336?w=1000&auto=format%2Ccompress&q=75&sharp=10&rect=37%2C0%2C600%2C300&s=b4b86f85fe5d8b4c61221efc65fcb3f0,"Oxford College Open House (Mississauga Campus) – Programs, Financial Aid &","Oxford College of Arts, Business and Technology",Join us in Mississauga for the Oxford College Open House to explore programs and financial aid options!,"Family & Education, Education","3 hours, In person",Refunds up to 7 days before event,"1300 Central Parkway West, Mississauga, ON L5C 4E6, Canada",Free,Mar 14 at 11:00 AM EDT
https://www.eventbrite.ca/e/june-26th-pa-day-camp-2026-tickets-1772713918049,https://cdn.evbuc.com/images/1144773573/309130854867/1/logo.20251004-233002,June 26th P.A. Day Camp 2026,Burlington Training Centre,"These June PA Day camps celebrate the end of school with outdoor games, beginner MMA training, and group-based activities. BTC’s instructors","Family & Education, Education","In person, Doors at 8:45 AM",Refunds up to 7 days before event,"5353 Lakeshore Rd. Unit #17, Burlington, ON L7L 1C8, Canada",35.94 CAD - 70.56 CAD,May 2 at 12:00 AM
https://www.eventbrite.com/e/change-leadership-conference-2026-tickets-1388106025489,https://cdn.evbuc.com/images/1041550003/237920995882/1/logo.20250529-142551,Change Leadership Conference 2026,The Change Leadership,The conference is more than an event - it’s a dynamic space for professionals and organizations committed to leading change with confidence!,"Business, Career","8 hours 30 minutes, In person",No Refunds,"Westin Harbour Castle 1 Harbour Square, Toronto, ON M5J 1A6, Canada",223.45 CAD - 900.61 CAD,May 27 at 8:30 AM EDT
https://www.eventbrite.ca/e/colab-mississauga-soft-launch-tickets-1982362022172,https://img.evbuc.com/https%3A%2F%2Fcdn.evbuc.com%2Fimages%2F1176686146%2F617878986293%2F1%2Foriginal.20260204-164909?w=1000&auto=format%2Ccompress&q=75&sharp=10&rect=0%2C150%2C1200%2C600&s=18d610beda76e374296976143a45cf37,CoLab Mississauga Soft Launch,Lamenza Corporation,Get ready to check out CoLab Mississauga’s new space at our casual soft launch!,"Business, Startups","3 hours, In person",Refunds up to 7 days before event,"1810 Dundas Street East, Mississauga, ON L4X 1L8, Canada",CAD 0.0,Mar 31 at 4:00 PM EDT
https://www.eventbrite.ca/e/oakville-lunar-new-year-celebration-tickets-1982559315281,https://cdn.evbuc.com/images/1176931393/196504434255/1/logo.20260207-030032,Oakville Lunar New Year Celebration,Councillor Scott Xie,"Ring in Lunar New Year 2026 with lion dances, live performances & cultural and fun and treats at Oakville Town Hall!",,,Refunds up to 7 days before event,"1225 Trafalgar Road, Oakville, ON L6H 0H3, Canada",CAD 0.0,Feb 22 at 1:00 PM EST
https://www.eventbrite.ca/e/eid-bazaar-2026-ramadan-festival-ikon-event-space-vendor-opportunity-tickets-1894424748419,https://cdn.evbuc.com/images/1163131043/247124087708/1/logo.20251027-051937,EID Bazaar 2026 & Ramadan festival @Ikon Event Space VENDOR OPPORTUNITY!,Sunshine Media Inc,Eid Bazaar Festival 2026 @IKON EVENT SPACE. Free Entry! Call 416-825-9275,"Business, Other","Free parking, 10 hours 30 minutes, all ages, In person",Refunds up to 7 days before event,"6887 Dixie Road, Mississauga, ON L5S 0B8, Canada",Free,Mar 7 at 1:00 PM
https://www.eventbrite.ca/e/freedom-26-tickets-1983124894945,https://img.evbuc.com/https%3A%2F%2Fcdn.evbuc.com%2Fimages%2F1177499696%2F2174882850493%2F1%2Foriginal.20260213-204845?w=1000&auto=format%2Ccompress&q=75&sharp=10&rect=0%2C15%2C1024%2C512&s=4cee5362fc6ec3ce8bd7f2984924fe93,Freedom 26,Canadian Reel & Art Foundation,"Freedom 26: Chill vibes, cool people, and good times all day long – come join the party in person!","Community, Other","6 hours 30 minutes, In person",Refunds up to 7 days before event,"1275 Mississauga Valley Boulevard, Mississauga, ON L5A 3R8, Canada",CAD 15.0 - CAD 100.0,Jul 12 at 3:30 PM EDT
https://www.eventbrite.ca/e/147th-global-conference-on-international-business-and-marketing-gcibm-tickets-1979652106742,https://cdn.evbuc.com/images/1173936006/1371272017873/1/logo.20260104-113349,147th Global Conference on International Business and Marketing (GCIBM),Global Conference Alliance Inc.,"Global platform exploring international business strategies, marketing innovation, trade trends, & cross-border collaboration opportunities.","Business, Finance","2 days 4 hours, In person",No Refunds,"80 Cooperage St,, Toronto, ON M5A 0J3, Canada",500.00 USD,Mar 27 at 1:00 PM EDT
https://www.eventbrite.com/e/alt-2026-tickets-1978622752917,https://cdn.evbuc.com/images/1173277268/289016510206/1/logo.20251219-165949,ALT 2026,Association for Algorithmic Learning Theory,The 37th International Conference on Algorithmic Learning Theory,"Science & Tech, Other",In person,Refunds up to 7 days before event,"222 College Street, Toronto, ON M5T 3J1, Canada",200.00 USD - 500.00 USD,
https://www.eventbrite.ca/e/127th-global-conference-on-african-business-and-technology-gcabt-tickets-1978722469171,https://cdn.evbuc.com/images/1173321400/1371272017873/1/logo.20251220-113258,127th Global Conference on African Business and Technology (GCABT),Global Conference Alliance Inc.,"Exploring African business trends, technology innovations, networking opportunities, and strategies for growth and sustainable development.","Business, Other","2 days 4 hours, In person",No Refunds,"RESIDENCE & CONFERENCE CENTRE, TORONTO DOWNTOWN, 80 Cooperage St,, Toronto, ON M5A 0J3, Canada",500.00 USD,Apr 17 at 1:00 PM EDT
https://www.eventbrite.ca/e/169th-global-conference-on-business-management-and-economics-gcbme-tickets-1978250287864,https://cdn.evbuc.com/images/1173121838/1371272017873/1/logo.20251217-113401,169th Global Conference on Business Management and Economics (GCBME),Global Conference Alliance Inc.,"Global event discussing business strategy, management practices, economic trends, innovation, leadership, and solutions for professionals.","Business, Finance","2 days 4 hours, In person",No Refunds,"RESIDENCE & CONFERENCE CENTRE, TORONTO DOWNTOWN, 80 Cooperage St,, Toronto, ON M5A 0J3, Canada",500.00 USD,Apr 17 at 1:00 PM EDT
https://www.eventbrite.ca/e/toronto-singles-pub-crawl-2026-tickets-1982054740083,https://img.evbuc.com/https%3A%2F%2Fcdn.evbuc.com%2Fimages%2F1176310240%2F172835840800%2F1%2Foriginal.20260131-014440?w=1000&auto=format%2Ccompress&q=75&sharp=10&rect=0%2C100%2C1200%2C600&s=6b88b9aee601505db2b1055e459b0910,Toronto Singles Pub Crawl 2026,Rai,Check out Toronto best pub crawl of the season!,"Home & Lifestyle, Dating","4 hours, In person",Refunds up to 7 days before event,"Toronto Reference Library 789 Yonge St 2nd floor, Toronto, ON M4W 2G8, Canada",CAD 38.25,Mar 14 at 7:00 PM
https://www.eventbrite.ca/e/green-summit-toronto-2026-tickets-1628919194159,https://img.evbuc.com/https%3A%2F%2Fcdn.evbuc.com%2Fimages%2F1172180577%2F42573408262%2F1%2Foriginal.20251202-203540?w=1000&auto=format%2Ccompress&q=75&sharp=10&rect=0%2C27%2C1280%2C640&s=3e8a1608ab6c4a4b4d93acc5f16b3af9,Green Summit Toronto 2026,IWB - Immigrant Women In Business,"The only way forward, if we are going to improve the quality of the environment, is to get everybody involved.","Business, Environment & Sustainability","3 hours 30 minutes, In person",Refunds up to 7 days before event,"55 John Street, Toronto, ON M5V 0C4, Canada",CAD 0.0 - CAD 1041.01,Jun 5 at 6:00 PM EDT
https://www.eventbrite.ca/e/16th-african-economic-summit-friends-of-africa-2026-tickets-1803110374669,https://img.evbuc.com/https%3A%2F%2Fcdn.evbuc.com%2Fimages%2F1069067813%2F304237656579%2F1%2Foriginal.20250708-161714?w=1000&auto=format%2Ccompress&q=75&sharp=10&rect=0%2C45%2C1004%2C502&s=ba39733a999e09a9f4717ab73185d680,16th African Economic Summit (Friends of Africa-2026),Casa Foundation for Int'l Development,African Economic Summit(Friends of Africa2026) 16th Year Theme: Scaling Strategic and Global Partnerships,"Business, Startups","3 days 4 hours, In person",,"1 Harbour Square, Toronto, ON M5J 1A6, Canada",From CA$140,Sep 30 at 2:00 PM EDT
https://www.eventbrite.com/e/digimarcon-canada-2026-digital-marketing-conference-exhibition-tickets-1653291562569,https://cdn.evbuc.com/images/1111172623/1423485612353/1/logo.20250902-023025,DigiMarCon Canada 2026 - Digital Marketing Conference & Exhibition,DigiMarCon - Digital Marketing Conferences,"DigiMarCon Canada 2026 - Digital Marketing, Media and Advertising Conference & Exhibition - April 15 - 16, 2026 - Toronto, Ontario, Canada","Business, Sales & Marketing","1 day 8 hours, In person",No Refunds,"525 Bay Street, Toronto, ON M5G 2L2, Canada",101.69 CAD - 997.00 CAD,Apr 15 at 9:00 AM EDT
https://www.eventbrite.ca/e/ontario-multicultural-and-business-conference-2026-tickets-1974530043513,https://img.evbuc.com/https%3A%2F%2Fcdn.evbuc.com%2Fimages%2F1177442172%2F411159748459%2F1%2Foriginal.20260213-041938?w=1000&auto=format%2Ccompress&q=75&sharp=10&rect=0%2C37%2C1862%2C931&s=1533746ed4ab6bdb8e53d7d16a964363,ONTARIO MULTICULTURAL AND BUSINESS CONFERENCE 2026,ALLIANCE CREATIVE COMMUNITY PROJECT,"Get ready to dive into a world of culture, business, and connections at the Ontario Multicultural and Business Conference 2026!","Business, Startups","2 hours, ages 16+, In person",No Refunds,"372 Queen Street East, Toronto, ON M5A 1T1, Canada",500.00 CAD,Mar 27 at 3:00 PM
https://www.eventbrite.ca/e/international-conference-on-healthcare-social-work-2026-tickets-1636203000219,https://cdn.evbuc.com/images/1123845673/1732388864073/1/logo.20250915-001258,INTERNATIONAL CONFERENCE ON HEALTHCARE & SOCIAL WORK 2026,GLOBAL EVENTS CANADA,"Join us for a game-changing conference on healthcare and social work, where innovation and collaboration take center stage!","Health, Medical","Paid parking, Parking available, 1 day 7 hours, all ages, In person",No Refunds,"350 Victoria Street, Toronto, ON M5B 2K3, Canada",215.44 CAD - 429.38 CAD,Jun 19 at 9:00 AM EDT
https://www.eventbrite.ca/e/125th-global-conference-on-african-business-and-technology-gcabt-tickets-1981514274536,https://cdn.evbuc.com/images/1175758676/1371272017873/1/logo.20260125-100707,125th Global Conference on African Business and Technology (GCABT),Global Conference Alliance Inc.,"Highlights African business growth, digital innovation, entrepreneurship, technology solutions, and sustainable development opportunities.","Business, Other","2 days 4 hours, In person",No Refunds,"RESIDENCE & CONFERENCE CENTRE, TORONTO DOWNTOWN 80 Cooperage St, Toronto, ON M5A 0J3, Canada",500.00 USD,Jun 5 at 1:00 PM EDT
https://www.eventbrite.ca/e/167th-global-conference-on-business-management-and-economics-gcbme-tickets-1981513229410,https://cdn.evbuc.com/images/1175756612/1371272017873/1/logo.20260125-071742,167th Global Conference on Business Management and Economics (GCBME),Global Conference Alliance Inc.,"Focuses on modern business strategies, economic trends, leadership skills, research insights, and real-world applications.","Business, Finance","2 days 4 hours, In person",No Refunds,"RESIDENCE & CONFERENCE CENTRE, TORONTO DOWNTOWN 80 Cooperage St, Toronto, ON M5A 0J3, Canada",500.00 USD,Jun 5 at 1:00 PM EDT
https://www.eventbrite.com/e/workcongress-2026-virtual-future-of-work-expo-toronto-tickets-1979292207273,https://cdn.evbuc.com/images/1173697665/1532358464633/1/logo.20251230-070526,WorkCongress 2026 – Virtual Future of Work Expo - Toronto,No Worker Left Behind,"Experience workcongress virtual networking in Toronto on 1 May 2026, 9 AM EDT. Connect with professionals!","Business, Career","8 hours, In person",Refunds up to 7 days before event,"TBD, Toronto, ON M5H2N2, Canada",USD 0.0,May 1 at 9:00 AM EDT
https://www.eventbrite.ca/e/124th-global-conference-on-african-economy-and-culture-gcaec-tickets-1978767918110,https://cdn.evbuc.com/images/1173349086/1371272017873/1/logo.20251221-070914,124th Global Conference on African Economy and Culture (GCAEC),Global Conference Alliance Inc.,"Global event connecting African economy, culture, innovation, business leaders, investors, policymakers, experts, and diaspora worldwide.","Community, Other","2 days 4 hours, In person",No Refunds,"RESIDENCE & CONFERENCE CENTRE, TORONTO DOWNTOWN, 80 Cooperage St,, Toronto, ON M5A 0J3, Canada",500.00 USD,Apr 17 at 1:00 PM EDT
https://www.eventbrite.ca/e/170th-global-conference-on-business-management-and-economics-gcbme-tickets-1979651388594,https://cdn.evbuc.com/images/1173935334/1371272017873/1/logo.20260104-105946,170th Global Conference on Business Management and Economics (GCBME),Global Conference Alliance Inc.,"Global event focusing on business management, economic research, strategic thinking, innovation, and professional networking.","Business, Finance","2 days 4 hours, In person",No Refunds,"80 Cooperage St,, Toronto, ON M5A 0J3, Canada",500.00 USD,Mar 27 at 1:00 PM EDT
https://www.eventbrite.ca/e/141st-global-conference-on-human-resource-management-gchrm-tickets-1978770639249,https://cdn.evbuc.com/images/1173350994/1371272017873/1/logo.20251221-103437,141st Global Conference on Human Resource Management (GCHRM),Global Conference Alliance Inc.,"Explore global HR strategies, leadership insights, workforce development, and innovative practices in a collaborative international event","Business, Other","2 days 4 hours, In person",No Refunds,"RESIDENCE & CONFERENCE CENTRE, TORONTO DOWNTOWN, 80 Cooperage St,, Toronto, ON M5A 0J3, Canada",500.00 USD,Apr 17 at 1:00 PM EDT
https://www.eventbrite.com/e/markham-lunarfest-artist-market-tickets-1982417280451,https://cdn.evbstatic.com/s3-build/prod/21894412222-rc2026-02-11_20.04-py27-de056fe/django/images/logos/eb_orange_on_white_1200x630.png,Markham LunarFest Artist Market,Markham Fair,Varley Art Gallery hosts LunarFest artist markets and cultural art events featuring local artists and crafts in Unionville,"Community, City & Town","6 hours, In person",Refunds up to 7 days before event,"216 Main Street Unionville, Markham, ON L3R 2H1, Canada",Free,Feb 21 at 12:00 PM
https://www.eventbrite.ca/e/144th-global-conference-on-international-business-and-marketing-gcibm-tickets-1981514150164,https://cdn.evbuc.com/images/1175758374/1371272017873/1/logo.20260125-094011,144th Global Conference on International Business and Marketing (GCIBM),Global Conference Alliance Inc.,"Brings experts together to explore international markets, branding strategies, trade insights, and global business development.","Business, Sales & Marketing","2 days 4 hours, In person",No Refunds,"RESIDENCE & CONFERENCE CENTRE, TORONTO DOWNTOWN 80 Cooperage St, Toronto, ON M5A 0J3, Canada",500.00 USD,Jun 5 at 1:00 PM EDT
https://www.eventbrite.com/e/2026-lunar-new-year-scan-tickets-1980758895176,https://cdn.evbuc.com/images/1175491722/2589853768691/1/logo.20260121-212843,2026 Lunar New Year | SCAN,Schulich Chinese Alumni Network,Gallop into 2026 with a night of tradition and connection as we welcome the Year of the Horse.,"Community, Nationality","3 hours, In person",No Refunds,"648 Silver Star Boulevard, Toronto, ON M1V 5N1, Canada",CAD 43.0 - CAD 58.0,Feb 21 at 6:00 PM EST
https://www.eventbrite.com/e/bed-by-10-festival-toronto-tickets-1907530518129,https://img.evbuc.com/https%3A%2F%2Fcdn.evbuc.com%2Fimages%2F1164454903%2F2550823234151%2F1%2Foriginal.20251028-150352?w=1000&auto=format%2Ccompress&q=75&sharp=10&rect=0%2C0%2C2000%2C1000&s=c70b5f70cfe543b58544975a6beae777,Bed By 10 Festival - Toronto,Bed By 10,"The ultimate daytime festival experience for ravers 30+ who still want big tunes, huge vibes, and to be home by 10pm!","Music, Indie","7 hours, In person",No Refunds,"11 Polson Street #First Floor, Toronto, ON M5A 1A4, Canada",CAD 97.18,Apr 11 at 2:00 PM EDT
https://www.eventbrite.ca/e/the-small-business-show-2026-tickets-1977571099393,https://cdn.evbuc.com/images/1172743723/316041927084/1/logo.20251211-041341,The Small Business Show 2026,CanadianSME Business Magazine,"The Future of Growth is Now Mastering Technology, Capital, and Innovation","Business, Startups","10 hours, In person",No Refunds,"255 Front Street West, Toronto, ON M5V 2W6, Canada",1751.50 CAD - 960.50 CAD,May 22 at 8:00 AM EDT
https://www.eventbrite.ca/e/code-create-connect-the-acse-2026-educators-conference-tickets-1980282814205,https://cdn.evbuc.com/images/1175205296/1400141902273/1/logo.20260119-013725,"Code, Create, Connect: The ACSE 2026 Educators’ Conference",Association of Computer Studies Educators (ACSE),ACSE is back! Join Ontario’s premier community of Computer Science and Technology educators for a day of hands-on learning and innovation.,"Science & Tech, Robotics","Free parking, 6 hours 30 minutes, In person, Doors at 8:45 AM",Refunds up to 7 days before event,"1 Saint Joan of Arc Avenue, Vaughan, ON L6A 1W9, Canada",60.00 CAD - 85.00 CAD,Mar 7 at 8:45 AM EST
https://www.eventbrite.ca/e/139th-global-conference-on-human-resource-management-gchrm-tickets-1981563790640,https://cdn.evbuc.com/images/1175821160/1371272017873/1/logo.20260126-094106,139th Global Conference on Human Resource Management (GCHRM),Global Conference Alliance Inc.,"International forum sharing practical HR strategies on leadership, hiring, employee well-being, innovation, and excellence.","Business, Other","2 days 4 hours, In person",No Refunds,"RESIDENCE & CONFERENCE CENTRE, TORONTO DOWNTOWN 80 Cooperage St, Toronto, ON M5A 0J3, Canada",500.00 USD,Jun 5 at 1:00 PM EDT
https://www.eventbrite.com/e/intuitive-depth-pink-moon-circle-tickets-1978858791916,https://cdn.evbuc.com/images/1173428363/2301960490453/1/logo.20251223-001534,Intuitive Depth: Pink Moon Circle,,"Honour the Pink Moon with reflection, release, and intuitive connection, held in a safe and supportive community space.","Spirituality, Other","2 hours, In person",Refunds up to 7 days before event,"257 Danforth Avenue, Toronto, ON M4K 1N2, Canada",48.00 CAD,Apr 2 at 7:00 PM EDT
https://www.eventbrite.ca/e/the-applaud-2026-tickets-1980925139417,https://cdn.evbuc.com/images/1176153731/1538961806713/1/logo.20260129-124246,The Applaud 2026,RUBICORN EVENTS,"The Applaud is an elevated celebration for mothers & aspiring mothers, an immersive evening of live music, comedy, exquisite dining, curate","Community, Other","Free parking, 7 hours, In person",Refunds up to 7 days before event,"17 Vinyl Court, Vaughan, ON L4L 4A3, Canada",CAD 129.13 - CAD 1566.9,May 3 at 3:00 PM EDT
https://www.eventbrite.ca/e/149th-global-conference-on-digital-marketing-and-technology-gcdmt-tickets-1979707708047,https://cdn.evbuc.com/images/1173988592/1371272017873/1/logo.20260105-100406,149th Global Conference on Digital Marketing and Technology (GCDMT),Global Conference Alliance Inc.,"Global event exploring digital marketing strategies, emerging technologies, data-driven growth, innovation, and business transformation.","Science & Tech, Other","2 days 4 hours, In person",No Refunds,"80 Cooperage St,, Toronto, ON M5A 0J3, Canada",500.00 USD,Mar 27 at 1:00 PM EDT
https://www.eventbrite.ca/e/2026-acce-chinese-canadian-entrepreneur-awards-registration-1977913382170,https://img.evbuc.com/https%3A%2F%2Fcdn.evbuc.com%2Fimages%2F1172982699%2F67356372085%2F1%2Foriginal.20251215-145514?w=1000&auto=format%2Ccompress&q=75&sharp=10&rect=0%2C0%2C1080%2C540&s=746b8a182243dd478f6eac5ef85c39cc,2026 ACCE Chinese Canadian Entrepreneur Awards,Association of Chinese Canadian Entrepreneurs (ACCE),The 29th ACCE Chinese Canadian Entrepreneur Awards,"Business, Non Profit","5 hours 30 minutes, In person",No Refunds,"255 Front Street West, Toronto, ON M5V 2W6, Canada",CAD 410.19 - CAD 438.44,Mar 28 at 6:00 PM EDT
https://www.eventbrite.ca/e/tandem-lunar-new-year-party-2026-tickets-1982097475907,https://img.evbuc.com/https%3A%2F%2Fcdn.evbuc.com%2Fimages%2F1176623845%2F2983356221272%2F1%2Foriginal.20260203-234748?w=1000&auto=format%2Ccompress&q=75&sharp=10&rect=0%2C0%2C2160%2C1080&s=29ed76ae0d782ec4b215a5308cd3375b,Tandem Lunar New Year Party 2026✨,Tandem Canada,"Join us at the Tandem Lunar New Year Party for great company, festive fun, and joyful celebrations as we welcome the New Year together!","Community, LGBT","8 hours, In person",Refunds up to 7 days before event,"4841 Yonge Street, Toronto, ON M2N 5X2, Canada",CAD 0.0,Feb 21 at 3:00 PM EST
https://www.eventbrite.ca/e/122nd-global-conference-on-african-economy-and-culture-gcaec-tickets-1981514389881,https://cdn.evbuc.com/images/1175758981/1371272017873/1/logo.20260125-102924,122nd Global Conference on African Economy and Culture (GCAEC),Global Conference Alliance Inc.,"Discovering Africa’s economy, culture, technology, innovation, business growth, education, and opportunities for development.","Community, Other","2 days 4 hours, In person",No Refunds,"RESIDENCE & CONFERENCE CENTRE, TORONTO DOWNTOWN 80 Cooperage St, Toronto, ON M5A 0J3, Canada",500.00 USD,Jun 5 at 1:00 PM EDT
https://www.eventbrite.ca/e/hiroshima-appeals-a-poster-exhibition-of-global-messages-tickets-1981507274599,https://cdn.evbuc.com/images/1174979172/1873676411943/1/logo.20260115-182916,Hiroshima Appeals: A Poster Exhibition of Global Messages,"The Japan Foundation, Toronto","Book your visit to the Hiroshima Appeals Poster Exhibition at The Japan Foundation, Toronto.","Community, Historic","2 hours 30 minutes, In person",Refunds up to 7 days before event,"2 Bloor Street East, Suite 300, Toronto, ON M4W 1A8, Canada",CAD 0.0,Feb 17 at 11:30 AM
https://www.eventbrite.com/e/eras-end-stories-live-on-the-life-and-times-of-the-story-arts-centre-tickets-1977555747475,https://cdn.evbuc.com/images/1175993296/150798904550/1/logo.20260127-205517,"Eras End, Stories Live On: The Life and Times of the Story Arts Centre",,"Eras End, Stories Live On: The Life and Times of the Story Arts Centre is an exhibition celebrating the legacy of 951 Carlaw.","Arts, Literary Arts","1 hour 30 minutes, In person",Refunds up to 7 days before event,"951 Carlaw Avenue, Toronto, ON M4K 3M2, Canada",Free,Feb 19 at 6:00 PM EST
https://www.eventbrite.com/e/2026-cameroon-canada-international-economic-forum-forecicc-2026-tickets-1980014295057,https://img.evbuc.com/https%3A%2F%2Fcdn.evbuc.com%2Fimages%2F1174229180%2F2786007822331%2F1%2Foriginal.png?w=1000&auto=format%2Ccompress&q=75&sharp=10&rect=0%2C0%2C940%2C470&s=0c22f32cd33bb00e38cafcb697588886,2026 Cameroon-Canada International Economic Forum (FORECICC 2026),"ACXED Consulting, Inc.","Join us face-to-face at FORECICC 2026, the largest Cameroon-Canada business platform, to boost ties and explore new economic opportunities!","Business, Startups","Free parking, 10 days 11 hours, all ages, In person",Refunds up to 7 days before event,"5835 Kennedy Road, Mississauga, ON L4Z 2G3, Canada",Free,Jun 10 at 10:00 AM EDT
https://www.eventbrite.ca/e/dance-revolt-out-of-many-one-people-registration-1978623593431,https://img.evbuc.com/https%3A%2F%2Fcdn.evbuc.com%2Fimages%2F1173273555%2F156639894259%2F1%2Foriginal.20251219-160353?w=1000&auto=format%2Ccompress&q=75&sharp=10&rect=0%2C0%2C1080%2C540&s=2f78dfee6ec91a33d4a11dd42b4e8e76,"Dance Revolt: Out of Many, One People",Just BGRAPHIC Inc.,"This spring edition centres Jamaica: Out of Many, One People, grounding the day in movement, history, and community responsibility","Arts, Dance",In person,Refunds up to 7 days before event,"15 Library Lane, Toronto, ON M3J 2S5, Canada",49.64 CAD - 50.85 CAD,May 15 at 9:00 AM EDT
https://www.eventbrite.com/e/power-of-collaboration-episode-2-feb-2026-tickets-1982198477004,https://img.evbuc.com/https%3A%2F%2Fcdn.evbuc.com%2Fimages%2F1176467038%2F2988539887703%2F1%2Foriginal.png?w=1000&auto=format%2Ccompress&q=75&sharp=10&rect=0%2C0%2C940%2C470&s=5513b5918e0ee571f6476b90084655fa,Power of Collaboration - Episode 2 - Feb 2026,Dream Home + Life,Join us in Feb 2026 to unlock new ideas and create magic through teamwork and collab fun!,"Business, Startups","Free parking, 4 hours, In person",Refunds up to 7 days before event,"60 Pippin Road Unit 34, Vaughan, ON L4K 4M8, Canada",CAD 0.0,Feb 27 at 4:00 PM EST
https://www.eventbrite.ca/e/146th-global-conference-on-business-management-and-economics-gcbme-tickets-1983157295857,https://cdn.evbuc.com/images/1177527257/1371272017873/1/logo.20260214-115935,146th Global Conference on Business Management and Economics (GCBME),Global Conference Alliance Inc.,"International forum discussing business strategies, economic trends, leadership, innovation, and global market development.","Business, Finance","2 days 4 hours, In person",No Refunds,"RESIDENCE & CONFERENCE CENTRE, TORONTO DOWNTOWN 80 Cooperage St, Toronto, ON M5A 0J3, Canada",500.00 USD,Jul 31 at 1:00 PM EDT
https://www.eventbrite.ca/e/146th-global-conference-on-digital-marketing-and-technology-gcdmt-tickets-1981563076504,https://cdn.evbuc.com/images/1175820357/1371272017873/1/logo.20260126-092225,146th Global Conference on Digital Marketing and Technology (GCDMT),Global Conference Alliance Inc.,"A global platform sharing insights on digital marketing trends, technology innovation, tools, and strategies.","Science & Tech, Other","2 days 4 hours, In person",No Refunds,"RESIDENCE & CONFERENCE CENTRE, TORONTO DOWNTOWN 80 Cooperage St, Toronto, ON M5A 0J3, Canada",500.00 USD,Jun 5 at 1:00 PM EDT
https://www.eventbrite.ca/e/merrittville-speedway-2026-season-opener-tickets-1981582690169,https://img.evbuc.com/https%3A%2F%2Fcdn.evbuc.com%2Fimages%2F1175845958%2F517756482667%2F1%2Foriginal.20260126-154951?w=1000&auto=format%2Ccompress&q=75&sharp=10&rect=39%2C0%2C604%2C302&s=4181bd913a0049750938892ce23e1a2f,MERRITTVILLE SPEEDWAY 2026 SEASON OPENER,Merrittville Speedway,Get ready to kick off the 2026 season with high-speed thrills at Merrittville Speedway’s epic opener!,"Sports & Fitness, Motorsports","Free parking, 3 hours 30 minutes, all ages, In person, Doors at 5:30 PM",No Refunds,"2371 Merrittville Highway, Thorold, ON L2V 3Y9, Canada",17.49 CAD - 9.07 CAD,Apr 18 at 7:00 PM EDT
https://www.eventbrite.ca/e/142nd-global-conference-on-human-resource-management-gchrm-tickets-1979850880279,https://cdn.evbuc.com/images/1174084111/1371272017873/1/logo.20260106-092804,142nd Global Conference on Human Resource Management (GCHRM),Global Conference Alliance Inc.,"International event focused on modern HR practices, workforce development, leadership, diversity, and employee well-being.","Business, Finance","2 days 4 hours, In person",No Refunds,"80 Cooperage St,, Toronto, ON M5A 0J3, Canada",500.00 USD,Mar 27 at 1:00 PM EDT
https://www.eventbrite.com/e/2026-edition-of-the-pan-afrikan-drum-festival-in-canada-4th-edition-tickets-1982626849277,https://cdn.evbuc.com/images/1177003661/291111643189/1/logo.20260208-190109,2026 Edition Of The Pan-Afrikan Drum Festival In Canada (4th Edition),,"“A Celebration of African Identity, Rhythm, and Unity. The Pan-Afrikan Drum Festival — bringing Africa together in Canada.”","Community, Nationality","5 hours 30 minutes, In person",Refunds up to 7 days before event,"55 Guided Court, Toronto, ON M9V 5G2, Canada",,Jul 24 at 6:00 PM
https://www.eventbrite.ca/e/5th-international-conference-on-global-entrepreneurship-summit-2026-tickets-1635936984559,https://cdn.evbuc.com/images/1111769993/742638119523/1/logo.20250902-155909,5th International Conference on Global Entrepreneurship Summit 2026,Scitechseries Publishing Limited,"Join us at the 5th International Conference on Global Entrepreneurship Summit 2026 at Toronto, Canada during August 19-20, 2026","Business, Startups","Free parking, 1 day 9 hours, all ages, In person, Doors at 8:00 AM",Refunds up to 7 days before event,"950 Dixon Road, Toronto, ON M9W 5N4, Canada",692.53 CAD - 799.03 CAD,Aug 19 at 9:00 AM EDT
https://www.eventbrite.ca/e/the-5th-international-summit-on-ending-gender-based-violence-2026isegbv26-tickets-1980562089525,https://img.evbuc.com/https%3A%2F%2Fcdn.evbuc.com%2Fimages%2F1174854775%2F461552895388%2F1%2Foriginal.jpg?w=1000&auto=format%2Ccompress&q=75&sharp=10&rect=0%2C0%2C2160%2C1080&s=e62d0e66af485c0a6a5fb2ee6667b72d,The 5th International Summit on Ending Gender-Based Violence 2026(ISEGBV26),The Centre for Social Justice Initiatives,The International Summit on Ending Gender-Based Violence 2026 is a global convening and the fifth edition,"Charity & Causes, Human Rights","1 day 12 hours, In person",Refunds up to 7 days before event,"145 Richmond Street West, Toronto, ON M5H 2L2, Canada",2131.36 CAD - 746.84 CAD,Nov 27 at 7:00 AM EST
https://www.eventbrite.ca/e/call-for-papers-corporate-governance-academic-forum-tickets-1981601793307,https://img.evbuc.com/https%3A%2F%2Fcdn.evbuc.com%2Fimages%2F1175654779%2F1141869079913%2F1%2Foriginal.20260123-160925?w=1000&auto=format%2Ccompress&q=75&sharp=10&rect=0%2C402%2C5142%2C2571&s=e281dacff9b509b72670c4e365bb1632,Call for Papers: Corporate Governance Academic Forum,Rotman Academic Centre Events,"The Johnston Centre welcomes submissions from all disciplines in any area related to corporate governance, by Sunday, May 10, 2026.","Business, Other","23 hours 59 minutes, In person",Refunds up to 1 day before event,"105 Saint George Street, Toronto, ON M5S 3E6, Canada",141.25 CAD,May 10 at 12:00 AM EDT
https://www.eventbrite.ca/e/the-orchestrator-era-reimagining-talent-in-the-age-of-ai-20252030-tickets-1980314533077,https://img.evbuc.com/https%3A%2F%2Fcdn.evbuc.com%2Fimages%2F1174548731%2F521824531057%2F1%2Foriginal.20260111-163858?w=1000&auto=format%2Ccompress&q=75&sharp=10&rect=0%2C61%2C990%2C495&s=9a65aa93d5d414907cbf2c78ef58e35d,The Orchestrator Era: Reimagining Talent in the Age of AI (2025–2030),ETOP: Event Toronto Organizers Pro,"The landscape of Bay Street is shifting. By 2030, will AI be your co-pilot, your competitor, or your catalyst?","Science & Tech, Science","2 hours, In person",No Refunds,"170 University Avenue #Unit 102, Toronto, ON M5H 3B3, Canada",22.63 CAD,Feb 20 at 1:00 PM EST
https://www.eventbrite.com/e/toronto-art-and-craft-2026-tickets-1980306194135,https://cdn.evbstatic.com/s3-build/prod/21894412222-rc2026-02-11_20.04-py27-de056fe/django/images/logos/eb_orange_on_white_1200x630.png,Toronto Art and Craft 2026,Aurora Event Collective,"Showcase your products, meet ready-to-shop customers, and grow your brand at our vibrant vendor market!","Arts, Craft","1 day 8 hours, In person",Refunds up to 7 days before event,"317 Dundas Street West, Toronto, ON M5T 1G4, Canada",Free,Mar 14 at 10:00 AM EDT
https://www.eventbrite.ca/e/demystifying-profile-drafts-tickets-1981330550011,https://cdn.evbuc.com/images/1175761396/1968702087783/1/logo.20260125-124416,Demystifying Profile Drafts,London District Weavers & Spinners Guild,"Weavers, learn about interpreting and using a profile draft.","Hobbies, Other","2 hours, In person",Refunds up to 30 days before event,"1731 Churchill Avenue, London, ON N5W 5P4, Canada",22.63 CAD - 27.96 CAD,Feb 22 at 1:30 PM EST
https://www.eventbrite.ca/e/10th-international-conference-on-machine-operations-engineering-2026-tickets-1979389778110,https://img.evbuc.com/https%3A%2F%2Fcdn.evbuc.com%2Fimages%2F951930463%2F1917235214013%2F1%2Foriginal.png?w=1000&auto=format%2Ccompress&q=75&sharp=10&rect=0%2C0%2C940%2C470&s=70df905d54655d644455837365a5b172,10th International Conference on Machine Operations & Engineering 2026,GlobalTech Zone,Join us at the 2026 International Conference on Machine Operations & Engineering Innovation for cutting-edge tech discussions and networking,"Science & Tech, Robotics","12 hours 30 minutes, In person",No Refunds,"77 Ryerson Avenue,, Toronto, ON M5T 2V4, Canada",107.54 GBP,Apr 5 at 8:00 AM PDT
https://www.eventbrite.ca/e/12th-international-conference-on-machine-operations-engineering-2026-tickets-1979389922542,https://img.evbuc.com/https%3A%2F%2Fcdn.evbuc.com%2Fimages%2F951930463%2F1917235214013%2F1%2Foriginal.png?w=1000&auto=format%2Ccompress&q=75&sharp=10&rect=0%2C0%2C940%2C470&s=70df905d54655d644455837365a5b172,12th International Conference on Machine Operations & Engineering 2026,GlobalTech Zone,Join us at the 2026 International Conference on Machine Operations & Engineering Innovation for cutting-edge tech discussions and networking,,"12 hours 30 minutes, In person",No Refunds,"77 Ryerson Avenue,, Toronto, ON M5T 2V4, Canada",107.54 GBP,May 3 at 8:00 AM PDT
https://www.eventbrite.ca/e/11th-international-conference-on-machine-operations-engineering-2026-tickets-1979389816224,https://img.evbuc.com/https%3A%2F%2Fcdn.evbuc.com%2Fimages%2F951930463%2F1917235214013%2F1%2Foriginal.png?w=1000&auto=format%2Ccompress&q=75&sharp=10&rect=0%2C0%2C940%2C470&s=70df905d54655d644455837365a5b172,11th International Conference on Machine Operations & Engineering 2026,GlobalTech Zone,Join us at the 2026 International Conference on Machine Operations & Engineering Innovation for cutting-edge tech discussions and networking,"Science & Tech, Robotics","12 hours 30 minutes, In person",No Refunds,"77 Ryerson Avenue,, Toronto, ON M5T 2V4, Canada",107.54 GBP,Apr 6 at 8:00 AM PDT
https://www.eventbrite.ca/e/leaf-evening-for-equality-2026-tickets-1981582040225,https://img.evbuc.com/https%3A%2F%2Fcdn.evbuc.com%2Fimages%2F1176044370%2F2986168565837%2F1%2Foriginal.20260128-113756?w=1000&auto=format%2Ccompress&q=75&sharp=10&rect=0%2C0%2C2160%2C1080&s=e2d330c167d05b9cb6430d19f4d5d5a5,LEAF Evening for Equality 2026,Women's Legal Education and Action Fund (LEAF),Join this celebration and fundraising dinner to help LEAF directly support our mission to advance gender equality rights in Canada.,"Charity & Causes, Human Rights","3 hours 15 minutes, In person",Refunds up to 10 days before event,"444 Yonge Street #7, Toronto, ON M5G 2B3, Canada",CAD 342.17 - CAD 420.99,Apr 23 at 5:45 PM EDT
https://www.eventbrite.com/e/intuitive-depth-flower-moon-circle-tickets-1978858884192,https://cdn.evbuc.com/images/1173428548/2301960490453/1/logo.20251223-002111,Intuitive Depth: Flower Moon Circle,,"Honour the Flower Moon with reflection, release, and intuitive connection, held in a safe and supportive community space.","Spirituality, Other","2 hours, In person",Refunds up to 7 days before event,"257 Danforth Avenue, Toronto, ON M4K 1N2, Canada",48.00 CAD,May 3 at 4:00 PM EDT
https://www.eventbrite.ca/e/woodstock-wedding-expo-spring-2026-tickets-1907965499169,https://img.evbuc.com/https%3A%2F%2Fcdn.evbuc.com%2Fimages%2F1174237136%2F466519136421%2F1%2Foriginal.20260107-192506?w=1000&auto=format%2Ccompress&q=75&sharp=10&rect=0%2C0%2C2160%2C1080&s=4079c7dc49065c3bbc30dc8dba713e07,Woodstock Wedding Expo Spring 2026,The Wedding Ring,"Plan your wedding at the Woodstock Wedding Expo! Meet local wedding pros, see the latest in fashion and decor, win great prizes and more!",Other,"4 hours, In person",Refunds up to 7 days before event,"595838 Hwy 59 N R.R. # 6, Woodstock, ON N4S 7W1, Canada",Free,May 3 at 2:00 PM
https://www.eventbrite.ca/e/senior-drama-grades-8-12-mondays-500-600pm-registration-1689675277239,https://img.evbuc.com/https%3A%2F%2Fcdn.evbuc.com%2Fimages%2F1081883693%2F150032373129%2F1%2Foriginal.20250726-190109?w=1000&auto=format%2Ccompress&q=75&sharp=10&rect=786%2C478%2C2812%2C1406&s=7ad62339055e5520653e9431e52ff1a7,"Senior Drama (Grades 8-12)-Mondays, 5:00-6:00pm",Centre Stage Theatre School,"Classes include advanced acting & characterization techniques, physical theatre and stage movement, voice and speech, script work, & improv.","Arts, Theatre",In person,Refunds up to 7 days before event,"3505 Mainway, Burlington, ON L7M 1A9, Canada",100.78 CAD,Sep 15 at 5:00 PM EDT
https://www.eventbrite.com/e/intuitive-depth-blue-moon-circle-tickets-1978858940360,https://cdn.evbuc.com/images/1173428597/2301960490453/1/logo.20251223-002234,Intuitive Depth: Blue Moon Circle,,"Honour the Blue Moon with reflection, release, and intuitive connection, held in a safe and supportive community space.","Spirituality, Other","2 hours, In person",Refunds up to 7 days before event,"257 Danforth Avenue, Toronto, ON M4K 1N2, Canada",48.00 CAD,May 31 at 4:00 PM EDT
https://www.eventbrite.ca/e/wizards-lens-photography-community-2026-kickoff-event-tickets-1982612785211,https://img.evbuc.com/https%3A%2F%2Fcdn.evbuc.com%2Fimages%2F1176989561%2F1953920113243%2F1%2Foriginal.20260208-134027?w=1000&auto=format%2Ccompress&q=75&sharp=10&rect=0%2C80%2C2752%2C1376&s=feb5011fecc11547679cf178238e95d2,Wizard’s Lens Photography Community | 2026 Kickoff Event,Wizard's Lens,"Mar 1, 2026 | Wizard's Lens kickoff: talk + 5 sets + 3 models + raffle. Shoot, learn lighting, meet creators in North York.","Film & Media, Other","5 hours 30 minutes, In person",No Refunds,"3802 Victoria Park Avenue, Toronto, ON M2H 3H7, Canada",CAD 27.96 - CAD 38.61,Mar 1 at 1:30 PM EST
https://www.eventbrite.ca/e/global-synergy-summit-2026-gss26-tickets-1429448030539,https://img.evbuc.com/https%3A%2F%2Fcdn.evbuc.com%2Fimages%2F1059097143%2F279320659042%2F1%2Foriginal.20250624-005203?w=1000&auto=format%2Ccompress&q=75&sharp=10&rect=0%2C52%2C1640%2C820&s=f3bdc9b216a6e6c5a62a9fc609710a3c,Global Synergy Summit 2026 (GSS26),ELGON INTERNATIONAL SOLUTIONS INC,"The Global Synergy Summit 2026 — a bold platform designed to connect, inspire, and empower small business innovators from around the world.","Business, Other","2 days 8 hours, In person",No Refunds,"53 Bakersfield Street, Toronto, ON M3J 1Z4, Canada",107.83 CAD - 81.21 CAD,Jul 3 at 9:00 AM EDT
https://www.eventbrite.com/e/money-matters-tickets-1980675021307,https://img.evbuc.com/https%3A%2F%2Fcdn.evbuc.com%2Fimages%2F1174999789%2F1391238703103%2F1%2Foriginal.20260115-213021?w=1000&auto=format%2Ccompress&q=75&sharp=10&rect=0%2C0%2C960%2C480&s=8f35107c7f43ca72da58431ff811cac1,Money Matters,Proclaim Production,"Money Matters is a free, in-person financial education workshop hosted by Proclaim Community Hub. Taking place on Sat, February 21, 2025","Business, Finance","2 hours, In person",Refunds up to 7 days before event,"140 Wendell Avenue #unit 8, Toronto, ON M9N 3R2, Canada",Free,Feb 21 at 10:00 AM EST
https://www.eventbrite.ca/e/barrie-simcoe-county-wedding-expo-spring-2026-tickets-1693379225849,https://cdn.evbuc.com/images/1174237119/466519136421/1/logo.20260107-192458,Barrie-Simcoe County Wedding Expo Spring 2026,The Wedding Ring,"Plan your perfect wedding at the Barrie-Simcoe Wedding Expo! Pre-book FREE, or go VIP for $33.90 to skip the line, get perks & win prizes!",Other,"4 hours, In person",No Refunds,"6015 Ontario 89, New Tecumseth, ON L9R 1A4, Canada",13.54 CAD - 37.61 CAD,Mar 22 at 11:00 AM EDT
https://www.eventbrite.com/e/2026-portfolio-reviews-co-hosted-by-ffoto-and-stephen-bulger-gallery-tickets-1982055056028,https://cdn.evbuc.com/images/1176310478/63328281455/1/logo.20260131-015228,"2026 Portfolio Reviews, co-hosted by FFOTO and Stephen Bulger Gallery",FFOTO,Details will be announced in March 2026 - receive info directly by contacting info@bulgergallery.com,"Arts, Fine Art",In person,Refunds up to 7 days before event,"1356 Dundas Street West, Toronto, ON M6J 1Y2, Canada",362.54 CAD,Mar 26 at 12:00 PM
https://www.eventbrite.ca/e/2026-festival-pass-tickets-1980640371669,https://cdn.evbuc.com/images/1176176420/248401714930/1/logo.20260129-165750,2026 Festival Pass,Toronto Bach Festival,"The Toronto Bach Festival returns to present the timeless music of J.S. Bach - featuring 4 concerts and a special lecture. MAY 22 - 24, 2026","Music, Classical","No parking, In person",No Refunds,"310 Danforth Ave, Toronto, ON M4K1N6, Canada",CAD 183.0,May 22 at 8:00 PM EDT
https://www.eventbrite.ca/e/kick-starting-the-year-of-the-horse-tickets-1980733527300,https://img.evbuc.com/https%3A%2F%2Fcdn.evbuc.com%2Fimages%2F1175586384%2F214874616650%2F1%2Foriginal.20260122-195736?w=1000&auto=format%2Ccompress&q=75&sharp=10&rect=0%2C0%2C2160%2C1080&s=e33ce4690fcf50f5472d1795e49aa820,Kick-Starting the Year of the Horse,Ascend Toronto,Join us in person for an festive evening with your networks and kickstart the year of the horse with a stable celebration.,,,Refunds up to 7 days before event,"40 King Street West, Toronto, ON M5H 3Y2, Canada",CAD 40.0 - CAD 50.0,Feb 25 at 5:15 PM EST
https://www.eventbrite.ca/e/pin-loom-weaving-tickets-1977395013716,https://cdn.evbuc.com/images/1172628533/1968702087783/1/logo.20251209-185556,Pin Loom Weaving,London District Weavers & Spinners Guild,Easy and fun introduction to weaving!,"Hobbies, Other","2 hours 30 minutes, In person",Refunds up to 30 days before event,"1731 Churchill Avenue, London, ON N5W 5P4, Canada",27.96 CAD - 49.26 CAD,Mar 22 at 10:00 AM EDT
https://www.eventbrite.ca/e/black-future-lawyers-annual-conference-2026-tickets-1981946077069,https://img.evbuc.com/https%3A%2F%2Fcdn.evbuc.com%2Fimages%2F1176300399%2F363208589621%2F1%2Foriginal.20260130-223714?w=1000&auto=format%2Ccompress&q=75&sharp=10&rect=0%2C0%2C2160%2C1080&s=11ae1b3e5df038a201f27af643f8d11c,Black Future Lawyers Annual Conference 2026,Black Future Lawyers,"BFL undergraduate students will engage in a fun and interactive program on the law school experience, admissions and the legal profession.","Family & Education, Education",In person,Refunds up to 7 days before event,"Faculty of Law 78 Queen's Park, Toronto, ON M5S 2C5, Canada",Free,
https://www.eventbrite.com/e/solar-drinks-toronto-tickets-1980595105276,https://img.evbuc.com/https%3A%2F%2Fcdn.evbuc.com%2Fimages%2F939701983%2F2185466490983%2F1%2Foriginal.20250120-025318?w=1000&auto=format%2Ccompress&q=75&sharp=10&rect=0%2C29%2C932%2C466&s=40f77d4c30b0c0f77027b3fb751ca69b,Solar Drinks Toronto,Solar Drinks Toronto,"The first Solar Drinks of 2026 is here! Chat with local colleagues, new and old at C'est What in the St. Lawrence neighbourhood.","Food & Drink, Other","4 hours, In person",Refunds up to 7 days before event,"67 Front Street East, Toronto, ON M5E 1B5, Canada",CAD 0.0,Feb 17 at 5:00 PM EST
https://www.eventbrite.com/e/toronto-innovation-summit-2026-tickets-1751025828389,https://img.evbuc.com/https%3A%2F%2Fcdn.evbuc.com%2Fimages%2F1137470643%2F2901830495181%2F1%2Foriginal.png?w=1000&auto=format%2Ccompress&q=75&sharp=10&rect=0%2C0%2C940%2C470&s=0dbc11980b3e4044ae783e74ab1ffe5e,Toronto Innovation Summit 2026,Mr Andrew,Get ready for the ultimate gathering of forward-thinkers and game-changers at the Toronto Innovation Summit 2026!,,,Refunds up to 7 days before event,"Jarvis St, Toronto, ON M5B 0C3, Canada",Free,Apr 25 at 10:00 AM EDT
https://www.eventbrite.ca/e/plant-based-batch-prep-cooking-club-tickets-1982614732034,https://img.evbuc.com/https%3A%2F%2Fcdn.evbuc.com%2Fimages%2F1176990736%2F278779488179%2F1%2Foriginal.20260208-141524?w=1000&auto=format%2Ccompress&q=75&sharp=10&rect=18%2C571%2C8174%2C4087&s=3cd4fb884271effa159fb724b4dfdcda,Plant Based Batch Prep Cooking Club,Animal Liberation Kitchen,4 weeks.Cook once. Eat well all week. Build community. Join our hands-on batch cooking club where we cook together and prep 5 meals weekly.,"Food & Drink, Food","2 hours, In person",No Refunds,"100 Broadview Avenue, Toronto, ON M4M, Canada",125.00 CAD - 250.00 CAD,Feb 21 at 2:00 PM
https://www.eventbrite.ca/e/canada-global-exchange-forum-and-convention-tickets-1983123913008,https://cdn.evbuc.com/images/1177495910/2622544785081/1/logo.20260213-200100,Canada Global Exchange Forum and Convention,Yes Youth and Women Can,The world is converging for a revolution—join the movement at CAGLEF 2026,"Business, Investment","7 hours, In person",Refunds up to 7 days before event,"90 Biscayne Crescent, Brampton, ON L6W 4S1, Canada",1362.00 CAD - 680.00 CAD,Jul 2 at 9:00 AM EDT
https://www.eventbrite.com/e/global-women-entrepreneurs-summit-toronto-2026-registration-1981692696200,https://img.evbuc.com/https%3A%2F%2Fcdn.evbuc.com%2Fimages%2F701864679%2F1873170323953%2F1%2Foriginal.20240221-100656?w=1000&auto=format%2Ccompress&q=75&sharp=10&rect=0%2C50%2C600%2C300&s=debd7174b5526eb1eb54265e85fedf63,Global Women Entrepreneurs Summit Toronto - 2026,IMPACT GLOBAL EVENTS,"This is the best and greatest gathering of women entrepreneurs in 2026. We hope to inspire, motivate ang encourage on another for success.","Business, Startups","2 days 9 hours, In person",Refunds up to 7 days before event,"30 Carlton Street, Toronto, ON M5B 2E9, Canada",107.83 CAD - 130.00 CAD,Jul 8 at 9:00 AM EDT
https://www.eventbrite.com/e/advancing-the-future-of-interventional-brachytherapy-tickets-1949526228429,https://cdn.evbuc.com/images/1176423656/20274196848/1/logo.20260202-051059,Advancing The Future of Interventional Brachytherapy,Curietherapies,"This year’s theme reflects our continued commitment to the evolution of image-guided brachytherapy, personalized cancer care.","Health, Medical","2 days 10 hours, In person",Refunds up to 7 days before event,"33 Gerrard Street West, Toronto, ON M5G 1Z4, Canada",134.75 CAD - 81.41 CAD,Jun 4 at 7:30 AM EDT
https://www.eventbrite.ca/e/off-centre-music-salon-30th-anniversary-season-pass-tickets-1413238246639,https://cdn.evbuc.com/images/1070228223/488751972437/1/logo.20250709-203745,Off Centre Music Salon: 30th Anniversary Season Pass,Off Centre Music Salon,5 shows for the price of 4!,"Music, Classical",In person,Refunds up to 7 days before event,"427 Bloor Street West, Toronto, ON M5S 1X7, Canada",CAD 49.26 - CAD 198.36,Oct 19 at 3:00 PM EDT
https://www.eventbrite.ca/e/2026-skates-sounds-tickets-1980611232513,https://cdn.evbuc.com/images/1174921348/2988654215434/1/logo.20260115-033108,2026 Skates & Sounds,Downtown Yonge BIA,"Every Friday night, College Park transforms into an open-air dancefloor, blending music, skating, and winter vibes!",Other,"4 hours, In person",Refunds up to 7 days before event,"33 College Street, Toronto, ON M5G 2B3, Canada",CAD 0.0,Feb 20 at 4:00 PM
https://www.eventbrite.ca/e/phyllo-dough-from-scratch-tickets-1979625244396,https://img.evbuc.com/https%3A%2F%2Fcdn.evbuc.com%2Fimages%2F709453719%2F32397978383%2F1%2Foriginal.20240301-200531?w=1000&auto=format%2Ccompress&q=75&sharp=10&rect=0%2C50%2C720%2C360&s=6e7acfa82ee164f82e70fabd031c27c9,Phyllo Dough From Scratch,Peter Minaki,Join me for my very popular cooking class where I unlock the secrets to making phyllo pastry from scratch.,,,Refunds up to 7 days before event,"95 Front St E, Toronto, ON M5E 1C3, Canada",126.20 CAD,Feb 22 at 2:00 PM EST
https://www.eventbrite.ca/e/the-9th-annual-western-tethyan-europe-session-pdac-2026-tickets-1981601861511,https://cdn.evbuc.com/images/1176087710/339958043153/1/logo.20260128-190653,The 9th Annual Western Tethyan & Europe Session - PDAC 2026,Mundoro Capital Inc.,The Western Tethyan & Europe Session is dedicated to highlighting mineral industry developments in Europe.,"Science & Tech, Other","4 hours, In person",Refunds up to 7 days before event,"255 Front Street, W, Toronto, ON M5V 2W6, Canada",Free,Mar 1 at 8:00 AM EST
https://www.eventbrite.com/e/pmp-live-instructor-led-certification-training-bootcamp-tonawanda-ny-tickets-1251087228579,https://cdn.evbuc.com/images/888704913/2032768092403/1/logo.20241031-082102,"PMP Live Instructor Led Certification Training Bootcamp Tonawanda, NY",Shine BrightX is a Leading Training Providers,Join our PMP Online Certification Training Bootcamp Course to boost your project management skills!,"Business, Career","8 hours, In person",Refunds up to 7 days before event,"Tonawanda, Tonawanda, NY 14150, United States",482.02 USD,Feb 21 at 9:00 AM
https://www.eventbrite.ca/e/fifa-world-cup-2026tm-100-days-to-go-tickets-1982526764922,https://cdn.evbuc.com/images/1176919015/2282841296423/1/logo.20260206-223327,FIFA World Cup 2026™ 100 Days to Go,City of Toronto,"100 Days to Go is an all-ages, community-driven celebration counting down to the FIFA World Cup 2026™","Sports & Fitness, Football","Paid parking, Parking available, 4 hours, all ages, In person",Refunds up to 7 days before event,"11 Polson Street, Toronto, ON M5A 1A4, Canada",USD 0.0,Mar 3 at 5:30 PM EST
https://www.eventbrite.ca/e/123rd-global-conference-on-international-business-and-marketing-gcibm-tickets-1983192120017,https://cdn.evbuc.com/images/1177561618/1371272017873/1/logo.20260215-112834,123rd Global Conference on International Business and Marketing (GCIBM),Global Conference Alliance Inc.,"Global gathering covering international trade, digital marketing strategies, branding, innovation, and market expansion.","Business, Sales & Marketing","2 days 4 hours, In person",No Refunds,"RESIDENCE & CONFERENCE CENTRE, TORONTO DOWNTOWN 80 Cooperage St, Toronto, ON M5A 0J3, Canada",500.00 USD,Jul 31 at 1:00 PM EDT
https://www.eventbrite.ca/e/125th-global-conference-on-digital-marketing-and-technology-gcdmt-tickets-1983335409600,https://cdn.evbuc.com/images/1177701610/1371272017873/1/logo.20260217-055116,125th Global Conference on Digital Marketing and Technology (GCDMT),Global Conference Alliance Inc.,"Unites professionals to discuss digital marketing strategies, technology trends, data insights, & innovative approaches for business growth.","Science & Tech, Other","2 days 4 hours, In person",No Refunds,"RESIDENCE & CONFERENCE CENTRE, TORONTO DOWNTOWN 80 Cooperage St, Toronto, ON M5A 0J3, Canada",500.00 USD,Jul 31 at 1:00 PM EDT
https://www.eventbrite.ca/e/106th-global-conference-on-african-business-and-technology-gcabt-tickets-1983192262443,https://cdn.evbuc.com/images/1177562377/1371272017873/1/logo.20260215-115730,106th Global Conference on African Business and Technology (GCABT),Global Conference Alliance Inc.,Connects African business leaders and technology experts to share innovation and growth strategies.,"Business, Other","2 days 4 hours, In person",No Refunds,"RESIDENCE & CONFERENCE CENTRE, TORONTO DOWNTOWN 80 Cooperage St, Toronto, ON M5A 0J3, Canada",500.00 USD,Jul 31 at 1:00 PM EDT
https://www.eventbrite.ca/e/10th-global-conference-on-international-business-and-marketing-gcibm-2026-tickets-1979392748996,https://img.evbuc.com/https%3A%2F%2Fcdn.evbuc.com%2Fimages%2F988012193%2F1917235214013%2F1%2Foriginal.png?w=1000&auto=format%2Ccompress&q=75&sharp=10&rect=0%2C0%2C940%2C470&s=e797961b41f5b0ac9d8b028b03611742,10th Global Conference on International Business and Marketing (GCIBM) 2026,GlobalTech Zone,Get ready to network with top business and marketing professionals from around the world at the Global Conference on International Business,"Business, Sales & Marketing","12 hours, In person",No Refunds,"181 Wellington Street West 181 Wellington Street West,, Toronto, ON M5V 3G7, Canada",118.24 GBP,May 22 at 8:00 AM EDT
https://www.eventbrite.com/e/womens-history-month-concert-ladies-first-jazz-big-band-zach-carr-tickets-1979546182921,https://cdn.evbuc.com/images/1173857408/291738814873/1/logo.20260102-193807,Women's History Month Concert - Ladies First Jazz Big Band & Zach Carr,JenniferMay,Celebrate Women's History Month with The Ladies First Jazz Big Band and Vocalist Zach Carr! Support Zonta Club of Buffalo Basket Raffle.,"Music, Blues & Jazz","Free parking, 2 hours, under 21 with parent or legal guardian, In person, Doors at 1:30 PM",Refunds up to 7 days before event,"2425 Niagara Falls Boulevard, Amherst, NY 14228, United States",USD 28.52,Mar 22 at 2:00 PM
https://www.eventbrite.ca/e/111th-global-conference-on-international-business-and-marketing-gcibm-tickets-1982609536494,https://cdn.evbuc.com/images/1176985390/1371272017873/1/logo.20260208-100925,111th Global Conference on International Business and Marketing (GCIBM),Global Conference Alliance Inc.,"International experts discuss marketing trends, global business strategies, innovation, branding, trade, growth, and solutions.","Business, Sales & Marketing","2 days 4 hours, In person",No Refunds,"4342 Queen St, Niagara Falls, ON L2E 7J7, Canada",500.00 USD,Jul 10 at 1:00 PM EDT
https://www.eventbrite.ca/e/101st-global-conference-on-african-economy-and-culture-gcaec-tickets-1983334508906,https://cdn.evbuc.com/images/1177700566/1371272017873/1/logo.20260217-052621,101st Global Conference on African Economy and Culture (GCAEC),Global Conference Alliance Inc.,"International forum highlighting African economy growth, trade opportunities, and cultural development strategies.","Community, Other","2 days 4 hours, In person",No Refunds,"RESIDENCE & CONFERENCE CENTRE, TORONTO DOWNTOWN 80 Cooperage St, Toronto, ON M5A 0J3, Canada",500.00 USD,Jul 31 at 1:00 PM EDT
https://www.eventbrite.ca/e/industry-connect-2026-tickets-1981602518476,https://cdn.evbuc.com/images/1175884326/560644062845/1/logo.20260126-211228,Industry Connect – 2026,Richmond Hill Board Of Trade,"Industry Connect – 2026 Connecting Industries. Strengthening Business. Join us on Wednesday, February 25, 2026, at the Richmond Hill Country","Business, Other","5 hours, In person",Refunds up to 7 days before event,"8905 Bathurst Street, Richmond Hill, ON L4C 0H4, Canada",110.00 CAD,Feb 25 at 10:00 AM EST
https://www.eventbrite.ca/e/4th-global-conference-on-environmental-education-lifelong-learning-eell-tickets-1854991673029,https://cdn.evbuc.com/images/1170741752/956599648993/1/logo.20251111-234101,4th Global Conference on Environmental Education & Lifelong Learning (EELL),Pan African Centre for Climate Policy,"Join us in Canada on October 15-16, 2026, for the 4th Global Conference on EELL - Empowering Women for a Sustainable Future!",Other,"7 hours, In person",Refunds up to 7 days before event,"4220 Steeles Avenue West #Unit A1-A6, Vaughan, ON L4L 3S8, Canada",395.38 CAD - 587.09 CAD,Oct 15 at 9:00 AM
https://www.eventbrite.ca/e/masters-phd-grad-diploma-info-table-yorks-spring-open-house-keele-tickets-1974425246061,https://img.evbuc.com/https%3A%2F%2Fcdn.evbuc.com%2Fimages%2F1115979513%2F2404406890273%2F1%2Foriginal.20250906-015051?w=1000&auto=format%2Ccompress&q=75&sharp=10&rect=0%2C0%2C1080%2C540&s=7c492b4888178f0bf9038350ac05148a,"Master's, PhD & Grad Diploma Info Table @ York's Spring Open House (Keele)",Faculty of Graduate Studies | York University,Come meet the Graduate Recruitment Team at York University during the 2026 Keele Spring Open House,"Business, Career","4 hours 30 minutes, In person",Refunds up to 7 days before event,"15 Library Lane, Toronto, ON M3J 2S5, Canada",CAD 0.0,Mar 21 at 9:30 AM EDT
https://www.eventbrite.ca/e/one-wednesday-legacy-2026-tickets-1982363892767,https://cdn.evbuc.com/images/1176697986/236809481366/1/logo.20260204-182620,ONE WEDNESDAY Legacy 2026,Sito Entertainment Group,The Legacy Returns. A midweek tradition built on caribbean culture and connection celebrating 10 years of greatness and unmatched energy.,"Music, Reggae","Free parking, 6 hours, ages 21+, In person",No Refunds,"4120 Steeles Avenue West #Áurea, Vaughan, ON L4L 4V2, Canada",CAD 0.0 - CAD 115.29,Feb 18 at 8:00 PM
https://www.eventbrite.com/e/pmp-program-in-person-training-in-buffalo-ny-tickets-1869776665339,https://cdn.evbuc.com/images/1161470093/352227447965/1/logo.20251024-094727,"PMP Program In-Person Training In Buffalo, NY",Learners Ink,"Professionals undergoing the PMP course gain insights into project governance, including ethical considerations, compliance, and regulatory.",,,Refunds up to 7 days before event,"50 Fountain Plaza, Buffalo, NY 14202, United States",1699.00 USD,Feb 24 at 9:00 AM
https://www.eventbrite.com/e/4-day-project-management-professional-in-person-training-in-buffalo-ny-tickets-1861458645919,https://cdn.evbuc.com/images/1160357803/352227447965/1/logo.20251023-040000,"4 Day Project Management Professional In-Person Training In Buffalo, NY",Learners Ink,"Professionals undergoing the PMP course gain insights into project governance, including ethical considerations, compliance, and regulatory.",,,Refunds up to 7 days before event,"50 Fountain Plaza, Buffalo, NY 14202, United States",1699.00 USD,Feb 24 at 9:00 AM
https://www.eventbrite.ca/e/113th-global-conference-on-digital-marketing-and-technology-gcdmt-tickets-1982656546101,https://cdn.evbuc.com/images/1177038637/1371272017873/1/logo.20260209-072348,113th Global Conference on Digital Marketing and Technology (GCDMT),Global Conference Alliance Inc.,"Experts discuss digital marketing trends, emerging technologies, data-driven strategies, innovation, networking, and global collaboration.","Science & Tech, Other","2 days 4 hours, In person",No Refunds,"4342 Queen St, Niagara Falls, ON L2E 7J7, Canada",500.00 USD,Jul 10 at 1:00 PM EDT
https://www.eventbrite.com/e/pmp-certification-4-days-classroom-training-in-buffalo-ny-tickets-1964696010656,https://cdn.evbuc.com/images/1170384097/352227447965/1/logo.20251107-062246,"PMP Certification 4 Days Classroom Training in Buffalo, NY",Learners Ink,"Professionals undergoing the PMP course gain insights into project governance, including ethical considerations, compliance, and regulatory.",,,Refunds up to 7 days before event,"50 Fountain Plaza, Buffalo, NY 14202, United States",1699.00 USD,Feb 24 at 9:00 AM
https://www.eventbrite.com/e/pmp-live-instructor-led-certification-training-bootcamp-kenmore-ny-tickets-1251178381219,https://cdn.evbuc.com/images/888704913/2032768092403/1/logo.20241031-082102,"PMP Live Instructor Led Certification Training Bootcamp Kenmore, NY",Shine BrightX is a Leading Training Providers,Join our PMP Online Certification Training Bootcamp Course to boost your project management skills!,"Business, Career","8 hours, In person",Refunds up to 7 days before event,"Kenmore, Kenmore, NY 14217, United States",482.02 USD,Feb 21 at 9:00 AM
https://www.eventbrite.com/e/4-day-pmp-in-person-training-in-buffalo-ny-tickets-1981089529111,https://cdn.evbuc.com/images/1175042954/352227447965/1/logo.20260116-114940,"4 Day PMP In-Person Training In Buffalo, NY",Learners Ink,"Professionals undergoing the PMP course gain insights into project governance, including ethical considerations, compliance, and regulatory.",,,Refunds up to 7 days before event,"50 Fountain Plaza, Buffalo, NY 14202, United States",1141.45 USD - 2399.00 USD,Feb 24 at 9:00 AM
https://www.eventbrite.com/e/pmp-live-instructor-led-certification-training-in-buffalo-ny-tickets-1982658645380,https://cdn.evbuc.com/images/1175534943/352227447965/1/logo.20260122-101951,"PMP Live Instructor Led Certification Training In Buffalo, NY",Learners Ink,"Professionals undergoing the PMP course gain insights into project governance, including ethical considerations, compliance, and regulatory.",,,Refunds up to 7 days before event,"50 Fountain Plaza, Buffalo, NY 14202, United States",1387.97 USD - 695.44 USD,Feb 24 at 9:00 AM
https://www.eventbrite.com/e/4-day-pmp-live-instructor-led-certification-training-in-buffalo-ny-tickets-1982954985742,https://cdn.evbuc.com/images/1175534943/352227447965/1/logo.20260122-101951,"4 Day PMP Live Instructor Led Certification Training In Buffalo, NY",Learners Ink,"Professionals undergoing the PMP course gain insights into project governance, including ethical considerations, compliance, and regulatory.",,,Refunds up to 7 days before event,"50 Fountain Plaza, Buffalo, NY 14202, United States",1387.97 USD - 695.44 USD,Feb 24 at 9:00 AM
https://www.eventbrite.com/e/confirmed-pmp-in-person-training-in-buffalo-ny-tickets-1977128443397,https://cdn.evbuc.com/images/1172434434/352227447965/1/logo.20251206-072947,"Confirmed PMP In-Person Training in Buffalo, NY",Learners Ink,"Professionals undergoing the PMP course gain insights into project governance, including ethical considerations, compliance, and regulatory.",,,Refunds up to 7 days before event,"50 Fountain Plaza, Buffalo, NY 14202, United States",1699.00 USD,Feb 24 at 9:00 AM
https://www.eventbrite.ca/e/interfaith-iftar-panel-event-tickets-1982802696240,https://img.evbuc.com/https%3A%2F%2Fcdn.evbuc.com%2Fimages%2F1177198624%2F175987490994%2F1%2Foriginal.20260210-184444?w=1000&auto=format%2Ccompress&q=75&sharp=10&rect=0%2C130%2C1080%2C540&s=390af45b05a1a17677c34e68385f9352,Interfaith Iftar & Panel Event,Canadian Council of Muslim Women,International Women's Day – Living the Continuum of Faith in Practice,"Community, Other","3 hours, In person",Refunds up to 7 days before event,"24 Ferrand Drive, Toronto, ON M3C 3V4, Canada",CAD 0.0,Mar 8 at 5:30 PM EDT
https://www.eventbrite.com/e/pmp-certification-4-days-in-person-training-in-buffalo-ny-tickets-1972977427597,https://cdn.evbuc.com/images/1171215991/352227447965/1/logo.20251118-064628,"PMP Certification 4 Days In-Person Training in Buffalo, NY",Learners Ink,"Professionals undergoing the PMP course gain insights into project governance, including ethical considerations, compliance, and regulatory.",,,Refunds up to 7 days before event,"50 Fountain Plaza, Buffalo, NY 14202, United States",1699.00 USD,Feb 24 at 9:00 AM
https://www.eventbrite.com/e/project-management-professional-in-person-training-in-buffalo-ny-tickets-1975976450756,https://cdn.evbuc.com/images/1171867011/352227447965/1/logo.20251127-111052,"Project Management Professional In-Person Training in Buffalo, NY",Learners Ink,"Professionals undergoing the PMP course gain insights into project governance, including ethical considerations, compliance, and regulatory.",,,Refunds up to 7 days before event,"50 Fountain Plaza, Buffalo, NY 14202, United States",1699.00 USD,Feb 24 at 9:00 AM
https://www.eventbrite.com/e/international-pastors-and-leaders-renewal-retreat-canada-2026-tickets-1486878827599,https://img.evbuc.com/https%3A%2F%2Fcdn.evbuc.com%2Fimages%2F1154517213%2F504519685179%2F1%2Foriginal.20251015-235144?w=1000&auto=format%2Ccompress&q=75&sharp=10&rect=0%2C437%2C1250%2C625&s=8dbf650b70c2ae85f4c770a984851f4b,International Pastors And Leaders Renewal Retreat Canada 2026,Peace House Foundation U.S.A,Registration is now open for the 2026 Pastors And Leaders Renewal Retreat Canada.,Spirituality,"3 days, In person",No Refunds,"Redstone Hts NE, Calgary AB T3N OT6, Calgary, AB T3N OT6, Canada",108.55 USD,Apr 9 at 12:00 PM GMT
https://www.eventbrite.ca/e/tech-innovators-summer-camp-exploring-the-future-august-2026-tickets-1980904574908,https://cdn.evbuc.com/images/1175276810/1175380791233/1/logo.20260119-210033,Tech Innovators Summer Camp: Exploring the Future - August 2026,CIFAL York,"The Tech Innovators Summer Camp offers high school students a dynamic, hands-on introduction to emerging technologies.","Science & Tech, High Tech","3 days 20 hours, In person",Refunds up to 7 days before event,"111 Ian Macdonald Boulevard, Toronto, ON M3J 1P3, Canada",160.89 CAD - 639.69 CAD,Aug 10 at 8:30 AM EDT
https://www.eventbrite.com/e/4-day-pmp-program-in-person-training-in-buffalo-ny-tickets-1980763311385,https://cdn.evbuc.com/images/1175042954/352227447965/1/logo.20260116-114940,"4 Day PMP Program In-Person Training In Buffalo, NY",Learners Ink,"Professionals undergoing the PMP course gain insights into project governance, including ethical considerations, compliance, and regulatory.",,,Refunds up to 7 days before event,"50 Fountain Plaza, Buffalo, NY 14202, United States",1141.45 USD - 2399.00 USD,Feb 24 at 9:00 AM
https://www.eventbrite.com/e/confirmed-pmp-4-days-classroom-training-in-buffalo-ny-tickets-1979503366857,https://cdn.evbuc.com/images/1173826576/352227447965/1/logo.20260102-070052,"Confirmed PMP 4 Days Classroom Training in Buffalo, NY",Learners Ink,"Professionals undergoing the PMP course gain insights into project governance, including ethical considerations, compliance, and regulatory.",,,Refunds up to 7 days before event,"50 Fountain Plaza, Buffalo, NY 14202, United States",1699.00 USD,Feb 24 at 9:00 AM
https://www.eventbrite.com/e/pmp-certification-program-in-person-training-in-buffalo-ny-tickets-1979044423144,https://cdn.evbuc.com/images/1173531390/352227447965/1/logo.20251226-100104,"PMP Certification Program In-Person Training In Buffalo, NY",Learners Ink,"Professionals undergoing the PMP course gain insights into project governance, including ethical considerations, compliance, and regulatory.",,,Refunds up to 7 days before event,"50 Fountain Plaza, Buffalo, NY 14202, United States",1699.00 USD,Feb 24 at 9:00 AM
https://www.eventbrite.com/e/confirmed-pmp-4-days-in-person-training-in-buffalo-ny-tickets-1978115140635,https://cdn.evbuc.com/images/1173050314/352227447965/1/logo.20251216-120833,"Confirmed PMP 4 days In-Person Training in Buffalo, NY",Learners Ink,"Professionals undergoing the PMP course gain insights into project governance, including ethical considerations, compliance, and regulatory.",,,Refunds up to 7 days before event,"50 Fountain Plaza, Buffalo, NY 14202, United States",1699.00 USD,Feb 24 at 9:00 AM
https://www.eventbrite.ca/e/94th-global-conference-on-african-business-and-technology-gcabt-tickets-1982609697977,https://cdn.evbuc.com/images/1176985716/1371272017873/1/logo.20260208-102930,94th Global Conference on African Business and Technology (GCABT),Global Conference Alliance Inc.,"Exploring African business growth, digital innovation, technology trends, entrepreneurship, investment opportunities, and development.","Business, Other","2 days 4 hours, In person",No Refunds,"4342 Queen St, Niagara Falls, ON L2E 7J7, Canada",500.00 USD,Jul 10 at 1:00 PM EDT
https://www.eventbrite.ca/e/89th-global-conference-on-african-economy-and-culture-gcaec-tickets-1982609824355,https://cdn.evbuc.com/images/1176986090/1371272017873/1/logo.20260208-104934,89th Global Conference on African Economy and Culture (GCAEC),Global Conference Alliance Inc.,Explores African economic growth cultural heritage innovation policy dialogue networking opportunities global collaboration perspectives.,"Community, Other","2 days 4 hours, In person",No Refunds,"4342 Queen St, Niagara Falls, ON L2E 7J7, Canada",500.00 USD,Jul 10 at 1:00 PM EDT
https://www.eventbrite.ca/e/buddhist-philosophy-course-10-weeks-spring-session-2026-tickets-1981865678595,https://img.evbuc.com/https%3A%2F%2Fcdn.evbuc.com%2Fimages%2F1176072476%2F111200008133%2F1%2Foriginal.20260128-170547?w=1000&auto=format%2Ccompress&q=75&sharp=10&rect=0%2C120%2C1920%2C960&s=a629ef7f59d1dbdf46e098349664a9e7,Buddhist Philosophy Course | 10 weeks - Spring Session 2026,Paramita Centre : Meditation & Buddhism in Toronto,Buddhist Philosophy (Lamrim Introduction) Course | 10 weeks - Spring Session,"Spirituality, Buddhism","63 days 2 hours, In person",Refunds up to 7 days before event,"1834 Danforth Avenue, Toronto, ON M4C 1H8, Canada",183.35 CAD,Mar 30 at 7:00 PM EDT
https://www.eventbrite.ca/e/bass-station-annex-social-march-20-tickets-1983323382627,https://img.evbuc.com/https%3A%2F%2Fcdn.evbuc.com%2Fimages%2F1177680648%2F267394652307%2F1%2Foriginal.20260216-234103?w=1000&auto=format%2Ccompress&q=75&sharp=10&rect=0%2C0%2C1242%2C621&s=c9e7dbc118c91d460df9a3a60c3666fd,Bass Station @ Annex Social March 20,Jungle Empire,Bass Station @ Annex Social March 20,"Music, Electronic & EDM","5 hours, In person",Refunds up to 7 days before event,"1078 Bathurst Street, Toronto, ON M5R 3G9, Canada",CAD 11.98 - CAD 17.31,Mar 20 at 9:00 PM EDT
https://www.eventbrite.ca/e/133rd-global-conference-on-business-management-and-economics-gcbme-tickets-1982608844424,https://cdn.evbuc.com/images/1176984789/1371272017873/1/logo.20260208-092936,133rd Global Conference on Business Management and Economics (GCBME),Global Conference Alliance Inc.,"Share research, strategies, and insights on business management, economics, leadership, innovation, and sustainable growth.","Business, Finance","2 days 4 hours, In person",No Refunds,"4342 Queen St, Niagara Falls, ON L2E 7J7, Canada",500.00 USD,Jul 10 at 1:00 PM EDT
https://www.eventbrite.ca/e/the-catholic-imagination-song-story-and-the-meaning-of-our-lives-tickets-1963442000879,https://img.evbuc.com/https%3A%2F%2Fcdn.evbuc.com%2Fimages%2F1170218316%2F300020224774%2F1%2Foriginal.20251105-160559?w=1000&auto=format%2Ccompress&q=75&sharp=10&rect=0%2C0%2C2160%2C1080&s=87bc5f025a7da0e09e78d22b4d13b34c,"The Catholic Imagination: Song, Story, and the Meaning of our Lives",St. Augustine's Seminary of Toronto,Join us at St. Augustine's Seminary for the final Spirit & Life event of the 2025-26 Series!,"Spirituality, Christianity","2 hours, In person",Refunds up to 1 day before event,"2661 Kingston Road, Toronto, ON M1M 1M3, Canada",11.30 CAD,Apr 25 at 9:00 AM EDT
https://www.eventbrite.com/e/jokes-on-me-comedy-tour-zahan-sigara-and-ryan-sim-tickets-1980662192937,https://cdn.evbuc.com/images/1176728707/2776240707791/1/logo.20260204-230805,Jokes on Me Comedy tour - Zahan Sigara and Ryan Sim,Funny People . lol,"Get ready for a night of big laughs, wild stories, and zero filters as the Joke’s On Me Comedy Tour hits Anderson Ale House on February 21.","Arts, Comedy","2 hours, In person",No Refunds,"1030 Elias Street, London, ON N5W 3P6, Canada",CAD 28.25,Feb 21 at 7:00 PM EST
https://www.eventbrite.com/e/2026-black-history-program-african-attire-gala-tickets-1981598492434,https://cdn.evbuc.com/images/1175872229/2990050353465/1/logo.20260126-192848,2026 Black History Program & African Attire Gala,Garden and Highland Community Block Club,Join us in 2026 for an epic Black History Program & African Attire Gala celebrating culture and style live!,"Community, Heritage","4 hours, In person",Refunds up to 7 days before event,"300 3rd Street, Niagara Falls, NY 14303, United States",USD 60.54,Feb 21 at 5:00 PM EST
https://www.eventbrite.ca/e/0221markham-tickets-1983184258503,https://img.evbuc.com/https%3A%2F%2Fcdn.evbuc.com%2Fimages%2F733247409%2F872213371233%2F1%2Foriginal.20240402-012031?w=1000&auto=format%2Ccompress&q=75&sharp=10&rect=0%2C38%2C1544%2C772&s=e0413e50df4c636e015d76c12c42d995,02/21花生喜剧Markham中文脱口秀开放麦,花生喜剧,"02/21花生喜剧Markham中文脱口秀开放麦，来看看有什么新段子吧 7:45PM 入场, 8:00PM演出开始，演出时间：90-100 min","Arts, Comedy","2 hours, In person",No Refunds,"130 Denison Street, Markham, ON L3R 1B6, Canada",CAD 14.11,Feb 21 at 7:45 PM EST
https://www.eventbrite.com/e/toronto-outdoor-art-craft-tickets-1982682783578,https://cdn.evbstatic.com/s3-build/prod/21894412222-rc2026-02-11_20.04-py27-de056fe/django/images/logos/eb_orange_on_white_1200x630.png,Toronto Outdoor Art & Craft,Emily Rose McAllister,"Vendor Participation Approved vendors get their booth paperwork and receipt two weeks before the event—think booth location, setup tips, and","Arts, Craft","1 day 7 hours, In person",Refunds up to 7 days before event,"100 Queen Street West, Toronto, ON M5H 2N2, Canada",CAD 0.0,Jul 25 at 10:00 AM EDT
https://www.eventbrite.com/e/2026-greater-niagara-fishing-expo-single-day-pass-advanced-purchase-tickets-1743621551999,https://cdn.evbuc.com/images/1154349423/288025695717/1/logo.20251015-203142,2026 Greater Niagara Fishing Expo Single Day Pass - Advanced Purchase,Niagara Falls Convention Center (NFCC),"Held in Niagara Falls, NY, this pure fishing show is designed by anglers for anglers with the simple goals of promoting & teaching fishing.",,,Refunds up to 7 days before event,"101 Old Falls Street, Niagara Falls, NY 14303, United States",10.00 USD,Feb 19 at 11:00 AM EST
https://www.eventbrite.ca/e/chartwell-lunar-new-year-show-hosted-by-a1-radio-tickets-1981598818409,https://img.evbuc.com/https%3A%2F%2Fcdn.evbuc.com%2Fimages%2F1175871601%2F1471591432293%2F1%2Foriginal.20260126-192317?w=1000&auto=format%2Ccompress&q=75&sharp=10&rect=0%2C493%2C5964%2C2982&s=c8c9e22529b3af42625a7eda1daa869d,Chartwell Lunar New Year Show - Hosted by A1 Radio,First Capital,"This event will include the Lion Dance, Gu Zheng, Fortune Telling, Games and singing and dancing performances.","Community, Other","2 hours, In person",Refunds up to 7 days before event,"2301 Brimley Road, Toronto, ON M1S 5B8, Canada",CAD 0.0,Feb 21 at 2:00 PM EST
https://www.eventbrite.com/e/the-buffaluv-platinum-preview-winter-2026-tickets-1980664916082,https://cdn.evbuc.com/images/1174991334/1548483112553/1/logo.20260115-201037,The Buffaluv Platinum Preview Winter 2026,Buffaluv Event Group,"Get ready for an exclusive sneak peek of Buffaluv at the Winter Platinum Preview Showcase 2026, live and in person!",Other,"Free parking, 3 hours, all ages, In person, Doors at 11:45 AM",Refunds up to 7 days before event,"55 Chicago Street, Buffalo, NY 14204, United States",USD 0.0 - USD 15.0,Feb 28 at 12:00 PM EST
https://www.eventbrite.com/e/niagara-falls-music-festival-2026-tickets-1982200594337,https://cdn.evbuc.com/images/1176535661/2648457845591/1/logo.20260203-061359,Niagara Falls Music Festival 2026,Faith Factor Ministries & End Time Harvest Church,"Get ready to rock out at the Niagara Falls Music Festival 2026 - it's gonna be a day full of music, fun, and good vibes!","Music, Other","Free parking, 5 hours 30 minutes, all ages, In person, Doors at 2:30 PM",Refunds up to 7 days before event,"9527 McLeod Road, Niagara Falls, ON L2H 0Z4, Canada",CAD 0.0,Jul 18 at 3:00 PM EDT
https://www.eventbrite.ca/e/meditate-for-bliss-in-2026-tickets-1982592052198,https://img.evbuc.com/https%3A%2F%2Fcdn.evbuc.com%2Fimages%2F1176960503%2F274531588582%2F1%2Foriginal.20260207-193638?w=1000&auto=format%2Ccompress&q=75&sharp=10&rect=0%2C0%2C2160%2C1080&s=aabebd374405a210bd4f2ba01fe6278f,Meditate for Bliss in 2026,,"You're Cordially Invited! Science of Spirituality invites you to join us for an enlightening program on: Meditate for Bliss in 2026 Are you prepared to transform your life and deepen your spiritual journey? This informative meditation workshop introduces a simple meditation technique. Through regular meditation, the soul learns to rest in a state of inner bliss - remaining calm and centered regardless of life’s changing circumstances. As we reconnect with our true nature, a gradual and lasting transformation begins to unfold in everyday life. All are Welcome! Program is free of charge! Date: Saturday, February 21, 2026 Time: 02:00 PM - 03:30 PM Venue: London Public Library- Beacock Library Meeting Room B 1280 Huron St London, ON N5Y 4M2 About Us: Science of Spirituality is a global organization committed to improving lives through meditation, under the guidance of Sant Rajinder Singh Ji Maharaj. All Science of Spirituality programs are completely free of charge. Additional Information: * Light refreshments will be served. * Free parking is available. We look forward to seeing you there and sharing this transformative experience with you. For any questions or more information, please contact us at: Email: elontario@sos.org Phone: 647-430-3335 With hope and gratitude",,"1 hour 30 minutes, In person",Refunds up to 7 days before event,"1280 Huron St Meeting Room B, London, ON N5Y 4M2, Canada",Free,Feb 21 at 2:00 PM EST
https://www.eventbrite.ca/e/empathy-excellence-navigating-complexities-of-palliative-care-tickets-1977308638365,https://img.evbuc.com/https%3A%2F%2Fcdn.evbuc.com%2Fimages%2F1176904479%2F147089986598%2F1%2Foriginal.20260206-193903?w=1000&auto=format%2Ccompress&q=75&sharp=10&rect=0%2C0%2C6912%2C3456&s=c3a9d04340a79f2be9e0e21de7066968,Empathy & Excellence - Navigating Complexities of Palliative Care,Scarborough Centre For Healthy Communities,Enjoy a full day of learning from expert speakers in the latest approach in compassionate care and how AI impacts our work.,"Health, Medical","8 hours, In person",No Refunds,"20 Torham Place, Toronto, ON M1X 1E3, Canada",120.00 CAD - 90.00 CAD,Mar 25 at 8:00 AM EDT
https://www.eventbrite.com/e/pmp-live-instructor-led-certification-training-bootcamp-eggertsville-ny-tickets-1251043628169,https://cdn.evbuc.com/images/888704913/2032768092403/1/logo.20241031-082102,"PMP Live Instructor Led Certification Training Bootcamp Eggertsville, NY",Shine BrightX is a Leading Training Providers,Join our PMP Online Certification Training Bootcamp Course to boost your project management skills!,"Business, Career","8 hours, In person",Refunds up to 7 days before event,"Eggertsville, Eggertsville, NY 14226, United States",482.02 USD,Feb 21 at 9:00 AM
https://www.eventbrite.ca/e/summer-2026-international-and-exchange-student-orientation-tickets-1981756223211,https://img.evbuc.com/https%3A%2F%2Fcdn.evbuc.com%2Fimages%2F822593899%2F1582808953163%2F1%2Foriginal.jpg?w=1000&auto=format%2Ccompress&q=75&sharp=10&rect=0%2C0%2C2160%2C1080&s=f7b1441c60d9e3107b2446de5db21637,Summer 2026 International and Exchange Student Orientation,York University,Welcome to York University! We are so excited to meet you!,"Family & Education, Education",In person,Refunds up to 7 days before event,"280N York Lanes (second floor of York Lanes), North York, ON M3J1P3, Canada",USD 0.0,May 1 at 9:00 AM
https://www.eventbrite.ca/e/masters-phd-grad-diploma-info-table-yorks-spring-open-housemarkham-tickets-1974432116611,https://img.evbuc.com/https%3A%2F%2Fcdn.evbuc.com%2Fimages%2F1124626073%2F2404406890273%2F1%2Foriginal.20250915-174921?w=1000&auto=format%2Ccompress&q=75&sharp=10&rect=0%2C0%2C1080%2C540&s=ab3639d8c31a4be09780ba5b46ff42c6,"Master's, PhD & Grad Diploma Info Table @ York's Spring Open House(Markham)",Faculty of Graduate Studies | York University,Come meet the Graduate Recruitment Team at York University during the 2026 Markham Spring Open House,"Business, Career","4 hours 30 minutes, In person",Refunds up to 7 days before event,"1 University Boulevard, Markham, ON L6G 0A1, Canada",CAD 0.0,Mar 28 at 9:30 AM EDT
https://www.eventbrite.ca/e/beyond-borders-edo-language-day-and-canadian-multiculturalism-tickets-1855173496869,https://cdn.evbuc.com/images/1177480976/188709487928/1/logo.20260213-170533,Beyond Borders: Edo Language Day and Canadian Multiculturalism,NEBO TV Canada (Nekpen Obasogie),"Edo Language Day Worldwide on August 13th -16th, 2026 in Toronto, Canada","Community, Language","3 hours, In person",No Refunds,"100 Queen Street West, Toronto, ON M5H 2N2, Canada",Free,Aug 13 at 7:00 PM
https://www.eventbrite.ca/e/ohmyugal-south-asian-wedding-expo-2026-tickets-1981589196630,https://cdn.evbuc.com/images/1175859911/2990034098471/1/logo.20260126-174814,OhmYugal South Asian Wedding Expo 2026,Events By Debonair,Step into a world of elegance and tradition at the OHMYUGAL South Asian Wedding Expo 2026.,"Fashion, Bridal","Free parking, 10 hours, all ages, In person",Refunds up to 7 days before event,"3895 McNicoll Avenue, Toronto, ON M1X 0C1, Canada",Free,Feb 22 at 10:00 AM EST
https://www.eventbrite.com/e/buffalo-cinco-de-mayo-bar-crawl-tickets-1712594449099,https://cdn.evbuc.com/images/1129030253/2161917795983/1/logo.20250919-064704,Buffalo Cinco De Mayo Bar Crawl,PubCrawls.com,Join us for our Official Buffalo Cinco de Mayo Bar Crawl! Enjoy all of the best bars in Buffalo for our annual Pub Crawl!,"Holiday, Other","6 hours, ages 21+, In person",No Refunds,"73 Allen Street, Buffalo, NY 14202, United States",USD 7.13 - USD 30.65,May 2 at 4:00 PM EDT
https://www.eventbrite.com/e/young-artist-summer-camp-session-1-ages-6-12-at-locust-street-art-tickets-1975585143345,https://cdn.evbuc.com/images/1172284973/2344850785503/1/logo.20251204-023245,Young Artist Summer Camp: Session 1 (Ages 6-12) at Locust Street Art,Locust Street Art,"In this jam-packed two week summer camp, young artists will learn about all things visual arts.","Arts, Fine Art","11 days 5 hours, In person",Refunds up to 14 days before event,"138 Locust Street, Buffalo, NY 14204, United States",535.38 USD,Jul 13 at 9:00 AM EDT
https://www.eventbrite.ca/e/volunteer-fair-2026-npo-registration-tickets-1977905811526,https://img.evbuc.com/https%3A%2F%2Fcdn.evbuc.com%2Fimages%2F1172977824%2F2532932338441%2F1%2Foriginal.20251215-132824?w=1000&auto=format%2Ccompress&q=75&sharp=10&rect=0%2C0%2C2160%2C1080&s=56695d4598a46728bd7c9a942cc62ef3,Volunteer Fair 2026 - NPO Registration,,"Connect with community members seeking volunteer placements at the 2026 Volunteer Fair, hosted by YRES, U+, and Ignite Fair.",,"1 hour 30 minutes, In person",Refunds up to 7 days before event,"7755 Bayview Avenue, Markham, ON L3T 6M8, Canada",CAD 0.0,Apr 25 at 2:30 PM EDT
https://www.eventbrite.ca/e/gardencare-seeding-flowers-tickets-1977140434262,https://cdn.evbuc.com/images/1175191511/2156871326253/1/logo.20260118-212632,GardenCare: Seeding Flowers,The Flower Shop and More Ltd.,Join Debra for flower-seeding tips over coffee & pastries!,"Home & Lifestyle, Home & Garden","Free parking, 1 hour 30 minutes, ages 16+, In person, Doors at 9:25 AM",No Refunds,"147 Queen Street East, Saint Marys, ON N4X 1A7, Canada",55.66 CAD,Feb 21 at 9:30 AM EST
https://www.eventbrite.ca/e/jashan-e-eid-bazaar-nuvo-eid-bazaar-2026-tickets-1977850153050,https://img.evbuc.com/https%3A%2F%2Fcdn.evbuc.com%2Fimages%2F1172955443%2F233634265358%2F1%2Foriginal.20251215-012115?w=1000&auto=format%2Ccompress&q=75&sharp=10&rect=0%2C160%2C2560%2C1280&s=08c0c45567add146ab27c5a37ad58867,Jashan e Eid Bazaar Nuvo Eid Bazaar 2026 ✨,"Dream Media Agency & Cocktail Intl Group, Inc.","Eid at Nuvo — GTA’s Big Celebration! ✨ We’re taking over the stunning Nuvo Event Space (7920 Mississauga Rd, Brampton) this March 2026",,,Refunds up to 7 days before event,"7920 Mississauga Road, Brampton, ON L6Y 0J9, Canada",CAD 0.0,Mar 7 at 12:00 PM EST
https://www.eventbrite.com/e/volunteer-fair-2026-npo-registration-tickets-1977035676930,https://img.evbuc.com/https%3A%2F%2Fcdn.evbuc.com%2Fimages%2F1172393926%2F2941672671721%2F1%2Foriginal.20251205-162836?w=1000&auto=format%2Ccompress&q=75&sharp=10&rect=0%2C0%2C2160%2C1080&s=80045c04512faf33ae2b38669b41de1f,Volunteer Fair 2026 - NPO Registration,U+ Education,"Connect with community members seeking volunteer placements at the 2026 Volunteer Fair, hosted by YRES, U+, and Ignite Fair.","Charity & Causes, Other","1 hour 30 minutes, In person",Refunds up to 7 days before event,"7755 Bayview Avenue, Markham, ON L3T 6M8, Canada",Free,Apr 25 at 2:30 PM EDT
https://www.eventbrite.com/e/my-last-day-album-release-show-tickets-1977989443672,https://cdn.evbuc.com/images/1173015511/2293256113363/1/logo.20251215-214644,My Last Day - Album Release Show,Photo City Music Hall,"My Last Day - Album Release Show - w/ Under The Black, Exham Priory, & AJ Savior @ Evening Star Concert Hall (Niagara Falls, NY)",Music,"ages 18+, In person",No Refunds,"8810 Niagara Falls Blvd, Niagara Falls, NY 14304, United States",USD 19.75,Apr 11 at 6:00 PM EDT
https://www.eventbrite.com/e/international-partnership-exchange-forum-ipef-2026-tickets-1982845601571,https://img.evbuc.com/https%3A%2F%2Fcdn.evbuc.com%2Fimages%2F1177231506%2F2564412568241%2F1%2Foriginal.20260211-000547?w=1000&auto=format%2Ccompress&q=75&sharp=10&rect=0%2C131%2C2304%2C1152&s=30519f5209566e42ef7d4f30d011ce0c,International Partnership Exchange Forum (IPEF) 2026,GLOBAL LEADERS HUB INC,"October 6–8, 2026 | Niagara Falls, Ontario, Canada Bridging Emerging Markets with North American Opportunity | Get invitation to attend now","Business, Other","Free parking, 2 days 2 hours, ages 12+, In person, Doors at 9:30 AM",No Refunds,"7150, Niagara Falls, ON L2H 3N3, Canada",214.33 CAD,Oct 6 at 10:00 AM EDT
https://www.eventbrite.com/e/trades-and-talent-connect-2026-tickets-1981432062638,https://img.evbuc.com/https%3A%2F%2Fcdn.evbuc.com%2Fimages%2F1175670746%2F2989735695168%2F1%2Foriginal.20260123-184919?w=1000&auto=format%2Ccompress&q=75&sharp=10&rect=3%2C0%2C1604%2C802&s=e41d8e8b2ba8b941f47473ec6d0caaeb,Trades and Talent Connect 2026,Support Ontario Youth,"Building Futures, One Connection at a Time",,,Refunds up to 7 days before event,"55 Barber Greene Road, Toronto, ON M3C 2A1, Canada",CAD 0.0,Feb 18 at 10:00 AM EST
https://www.eventbrite.ca/e/king-west-valentines-day-club-crawl-toronto-2026-saturday-february-14-tickets-1982143090341,https://cdn.evbuc.com/images/1176635966/1328730326083/1/logo.20260204-024314,"King West Valentine’s Day Club Crawl Toronto 2026 | Saturday, February 14",Toronto Nightclubs,"King West Valentine’s Crawl Toronto: great music, flirty energy, and a packed final venue to close out the night!",,,No Refunds,"590 King Street West, Toronto, ON M5V 1M6, Canada",CAD 15.94 - CAD 25.57,Feb 14 at 8:00 PM EST
https://www.eventbrite.ca/e/asis-toronto-chapter-193-virtual-certification-study-groups-spring-2026-tickets-1967219019042,https://img.evbuc.com/https%3A%2F%2Fcdn.evbuc.com%2Fimages%2F891177023%2F195727366593%2F1%2Foriginal.20241104-150020?w=1000&auto=format%2Ccompress&q=75&sharp=10&rect=0%2C178%2C1200%2C600&s=537a2088cc8ac4f2ba7d8cd65857d18b,ASIS Toronto Chapter 193: Virtual Certification Study Groups - Spring 2026,ASIS International Toronto Chapter,Certification Study Groups - Virtual Platform - We look forward to seeing you online.,,,Refunds up to 7 days before event,"Webinar, Toronto, ON, Canada",215.44 CAD - 322.41 CAD,Jan 22 at 6:30 PM EST
https://www.eventbrite.ca/e/2026-lunar-new-year-festival-at-fo-guang-shan-temple-of-toronto-tickets-1982805358202,https://cdn.evbuc.com/images/1177197489/549900617497/1/logo.20260210-183546,2026 Lunar New Year Festival at Fo Guang Shan Temple of Toronto,Fo Guang Shan Temple of Toronto,Join us at Fo Guang Shan Temple for a fun 2026 Lunar New Year Festival filled with culture and good vibes!,,,Refunds up to 7 days before event,"6525 Millcreek Drive, Mississauga, ON L5N 7K6, Canada",CAD 0.0,Feb 15 at 11:00 AM EST
https://www.eventbrite.ca/e/black-history-month-closing-ceremony-2026-tickets-1977949882343,https://cdn.evbuc.com/images/1174099033/281668319429/1/logo.20260106-140919,Black History Month Closing Ceremony 2026,Wolf Performance Hall,"Join us for the grand finale of Black History Month, hosted by the London Black Heritage Council and London Public Library.",Community,"Paid parking, Parking available, 3 hours 30 minutes, all ages, In person, Doors at 12:30 PM",No Refunds,"251 Dundas Street, London, ON N6A 6H9, Canada",CAD 5.0 - CAD 15.0,Feb 28 at 1:00 PM EST
https://www.eventbrite.com/e/pmp-live-instructor-led-certification-training-bootcamp-dunkirk-ny-tickets-1249095220429,https://cdn.evbuc.com/images/888704913/2032768092403/1/logo.20241031-082102,"PMP Live Instructor Led Certification Training Bootcamp Dunkirk, NY",Shine BrightX is a Leading Training Providers,Join our PMP Online Certification Training Bootcamp Course to boost your project management skills!,"Business, Career","8 hours, In person",Refunds up to 7 days before event,"Dunkirk, Dunkirk, NY 14048, United States",482.02 USD,Feb 21 at 9:00 AM
https://www.eventbrite.com/e/the-biggest-eid-bazaar-in-gta-2026-markham-convention-centre-scarborough-tickets-1977778635138,https://cdn.evbuc.com/images/1172916923/2986375412700/1/logo.20251213-221705,THE BIGGEST EID BAZAAR IN GTA 2026- MARKHAM CONVENTION CENTRE SCARBOROUGH,SHAHZADA ENTERTAINMENT,"ur Eid Bazaar is a festive celebration bringing together shopping, food, and fun for the whole community. The bazaar features a variety of s","Community, City & Town","Free parking, 5 days 14 hours, all ages, In person, Doors at 9:55 AM",Refunds up to 7 days before event,"2901 Markham Road, Markham, ON M1X 0B7, Canada",USD 0.0,Mar 13 at 10:00 AM EDT
https://www.eventbrite.com/e/4-day-pmp-examination-certification-training-course-in-buffalo-ny-tickets-1796920851639,https://cdn.evbuc.com/images/1149158803/352227447965/1/logo.20251009-163503,"4 Day PMP Examination Certification Training Course In Buffalo, NY",Learners Ink,"Professionals undergoing the PMP course gain insights into project governance, including ethical considerations, compliance, and regulatory.",,,Refunds up to 7 days before event,"50 Fountain Plaza, Buffalo, NY 14202, United States",1699.00 USD,Feb 24 at 9:00 AM EST
https://www.eventbrite.com/e/4-day-project-management-classroom-training-in-buffalo-ny-tickets-1756031079229,https://cdn.evbuc.com/images/1139776423/352227447965/1/logo.20250930-091847,"4 Day Project Management Classroom Training In Buffalo, NY",Learners Ink,"Professionals undergoing the PMP course gain insights into project governance, including ethical considerations, compliance, and regulatory.",,,Refunds up to 7 days before event,"50 Fountain Plaza, Buffalo, NY 14202, United States",1699.00 USD,Feb 24 at 9:00 AM EST
https://www.eventbrite.com/e/project-management-professional-training-in-buffalo-ny-tickets-1746424786549,https://cdn.evbuc.com/images/1136228883/352227447965/1/logo.20250926-104509,"Project Management Professional Training in Buffalo, NY",Learners Ink,"Professionals undergoing the PMP course gain insights into project governance, including ethical considerations, compliance, and regulatory.",,,Refunds up to 7 days before event,"50 Fountain Plaza, Buffalo, NY 14202, United States",1699.00 USD,Feb 24 at 9:00 AM EST
https://www.eventbrite.com/e/international-can-africa-business-impact-conference-toronto-2026-tickets-1579807128649,https://cdn.evbuc.com/images/1023259043/1873170323953/1/logo.20250505-095114,International Can-Africa Business Impact Conference - Toronto 2026,IMPACT GLOBAL EVENTS,Join us in Toronto for a conference focusing on the business impact of connecting Canada and Africa - it's gonna be epic!,,,Refunds up to 7 days before event,"30 Baywood Road, Toronto, ON M9V 2Z8, Canada",150.00 CAD - 200.00 CAD,Feb 20 at 9:00 AM EST
https://www.eventbrite.ca/e/2026-winter-holland-bloorview-first-robotics-tickets-1858679744149,https://img.evbuc.com/https%3A%2F%2Fcdn.evbuc.com%2Fimages%2F457007579%2F278393473862%2F1%2Foriginal.20191004-150627?w=1000&auto=format%2Ccompress&q=75&sharp=10&rect=30%2C91%2C1502%2C751&s=4c953f345f1af20885cd559c6e155b83,2026 Winter Holland Bloorview FIRST Robotics,Holland Bloorview FIRST Robotics Program,"Explore robotics through hands-on projects, coding, and teamwork. Build, program, and innovate with cutting-edge tech. Join us!",,,Refunds up to 7 days before event,"150 Kilgour Road, Toronto, ON M4G 1R8, Canada",194.05 CAD,Jan 18 at 12:00 AM EST
https://www.eventbrite.ca/e/taste-and-see-plant-based-cooking-classes-by-paradise-health-tickets-1981081930383,https://img.evbuc.com/https%3A%2F%2Fcdn.evbuc.com%2Fimages%2F760813119%2F1559856804963%2F1%2Foriginal.20240506-183343?w=1000&auto=format%2Ccompress&q=75&sharp=10&rect=0%2C612%2C4992%2C2496&s=f5da9098a1a900ff7079fc0b2b79d6df,Taste and See: Plant-based Cooking Classes by Paradise Health,Paradise Health,Five-part cooking class series for anyone looking to start their plant-based journey,"Health, Personal health","28 days 1 hour, In person",Refunds up to 7 days before event,"17310 Yonge Street Unit 2, Newmarket, ON L3Y 7S1, Canada",53.92 CAD,May 7 at 6:00 PM EDT
https://www.eventbrite.ca/e/mental-health-first-aid-mhfa-in-person-2-day-tickets-1981802428412,https://img.evbuc.com/https%3A%2F%2Fcdn.evbuc.com%2Fimages%2F665829059%2F281105138567%2F1%2Foriginal.20240102-100143?w=1000&auto=format%2Ccompress&q=75&sharp=10&rect=0%2C31%2C1668%2C834&s=02107e2bff191d7a648cacd28f06be76,Mental Health First Aid (MHFA) - In-person 2-Day,"Matthew Rico, RN, Psychotherapist",Official Mental Health First Aid certificate course from Mental Health Commission of Canada. Taught in 28+ countries.,"Health, Mental health","1 day 8 hours, In person",Refunds up to 7 days before event,"99 Thornton Road South Meeting Room #5, Oshawa, ON L1J 5Y1, Canada",156.54 CAD,Feb 21 at 9:00 AM EST
https://www.eventbrite.ca/e/training-of-trainers-course-self-defense-system-for-women-tickets-1982293674743,https://img.evbuc.com/https%3A%2F%2Fcdn.evbuc.com%2Fimages%2F1176577346%2F417907149945%2F1%2Foriginal.20260203-164547?w=1000&auto=format%2Ccompress&q=75&sharp=10&rect=0%2C114%2C4442%2C2221&s=5810dc906645b95756c13c7364088ab2,Training of Trainers Course: Self-Defense System for women,SheFighter - Empowering Women Through Self-Defence,"Are you ready to teach, lead, and carry the SheFighter system forward? We’re officially opening our Training of Trainers (TOT) for the first",,"Paid parking, Parking available",Refunds up to 7 days before event,"14 McCaul Street, Toronto, ON M5T 1V6, Canada",1100.00 CAD - 1850.00 CAD,Feb 14 at 2:00 PM EST
https://www.eventbrite.ca/e/mysc-iftar-give-back-2026-tickets-1981979165036,https://img.evbuc.com/https%3A%2F%2Fcdn.evbuc.com%2Fimages%2F1176227109%2F2621256650821%2F1%2Foriginal.20260130-023218?w=1000&auto=format%2Ccompress&q=75&sharp=10&rect=0%2C0%2C2160%2C1080&s=423abb50381ade46719b46262bdaee6f,MYSC IFTAR GIVE-BACK 2026,MYSC Team,"Join us this Ramadan for a student Iftar focused on mental health; connect, learn, and give back to the community.","Charity & Causes, Education","Free parking, 3 hours, ages 13+, In person",Refunds up to 7 days before event,"951 Pond Mills Road, London, ON N6N 1C3, Canada",CAD 0.0,Feb 20 at 4:00 PM EST
https://www.eventbrite.ca/e/master-your-social-media-the-simple-content-calendar-formula-feb-18-2026-tickets-1978293633512,https://img.evbuc.com/https%3A%2F%2Fcdn.evbuc.com%2Fimages%2F1173136288%2F16319902199%2F1%2Foriginal.20251217-155208?w=1000&auto=format%2Ccompress&q=75&sharp=10&rect=0%2C0%2C2160%2C1080&s=7c4f4b29c41eb11654fdf3f288b4877c,Master Your Social Media: The Simple Content Calendar Formula - Feb 18 2026,Small Business Centre,"Stop stressing about what to post. Learn a simple content calendar system to plan, stay consistent, and save time on social media.","Business, Startups","1 hour 30 minutes, In person",Refunds up to 7 days before event,"900 King Street, London, ON N5W 2X7, Canada",20.00 CAD,Feb 18 at 2:00 PM EST
https://www.eventbrite.ca/e/2026-20-under-40-cocktail-gala-tickets-1980496770153,https://img.evbuc.com/https%3A%2F%2Fcdn.evbuc.com%2Fimages%2F1176055115%2F226356607882%2F1%2Foriginal.20260128-142721?w=1000&auto=format%2Ccompress&q=75&sharp=10&rect=0%2C0%2C1080%2C540&s=9ed2f8f59d594ad814b73054885845a2,2026 20 Under 40 Cocktail Gala,London Inc.,"London's epic after-work party! Mix, mingle, meet and celebrate with London's finest young professionals.","Business, Startups","Free parking, 3 hours 30 minutes, In person",Refunds up to 1 day before event,"100 Kellogg Lane, London, ON N5W 2T5, Canada",CAD 54.58 - CAD 533.83,Mar 12 at 5:30 PM EDT
https://www.eventbrite.com/e/pmp-live-instructor-led-certification-training-bootcamp-fredonia-ny-tickets-1247881159139,https://cdn.evbuc.com/images/888704913/2032768092403/1/logo.20241031-082102,"PMP Live Instructor Led Certification Training Bootcamp Fredonia, NY",Shine BrightX is a Leading Training Providers,Join our PMP Online Certification Training Bootcamp Course to boost your project management skills!,"Business, Career","8 hours, In person",Refunds up to 7 days before event,"Fredonia, Fredonia, NY 14063, United States",482.02 USD,Feb 21 at 9:00 AM
https://www.eventbrite.ca/e/2026-leapin-business-accelerator-info-session-tickets-1981585611908,https://img.evbuc.com/https%3A%2F%2Fcdn.evbuc.com%2Fimages%2F1176783197%2F137663999350%2F1%2Foriginal.20260205-153353?w=1000&auto=format%2Ccompress&q=75&sharp=10&rect=0%2C117%2C2560%2C1280&s=96d003ef35f2b80339943358f9286f72,2026 leapIN Business Accelerator Info Session,LEAP Junction Entrepreneurial Services,"Unlock the secrets to a winning leapIN application! Learn what to expect, how to apply, & what makes founders stand out.","Business, Startups","1 hour 30 minutes, In person",Refunds up to 7 days before event,"1001 Fanshawe College Blvd, London, ON N5Y 5R6, Canada",Free,Feb 18 at 1:00 PM EST
https://www.eventbrite.com/e/pisces-bash-2026-tickets-1980709272754,https://cdn.evbuc.com/images/1175045733/2985621916894/1/logo.20260116-124107,Pisces Bash 2026,The Rose Buffalo,"Come celebrate with us — good energy, good people, and a real celebration for Dodee’s 50th Birthday!","Holiday, Other","Free parking, 4 hours, ages 21+, In person",No Refunds,"199 Scott Street, Buffalo, NY 14204, United States",USD 28.52 - USD 33.85,Feb 28 at 10:00 PM EST
https://www.eventbrite.com/e/pmp-live-instructor-led-certification-training-bootcamp-depew-ny-tickets-1251126887199,https://cdn.evbuc.com/images/888704913/2032768092403/1/logo.20241031-082102,"PMP Live Instructor Led Certification Training Bootcamp Depew, NY",Shine BrightX is a Leading Training Providers,Join our PMP Online Certification Training Bootcamp Course to boost your project management skills!,"Business, Career","8 hours, In person",Refunds up to 7 days before event,"Depew, Depew, NY 14043, United States",482.02 USD,Feb 21 at 9:00 AM
https://www.eventbrite.com/e/pmp-live-instructor-led-certification-training-bootcamp-lackawanna-ny-tickets-1254306938819,https://cdn.evbuc.com/images/888704913/2032768092403/1/logo.20241031-082102,"PMP Live Instructor Led Certification Training Bootcamp Lackawanna, NY",Shine BrightX is a Leading Training Providers,Join our PMP Online Certification Training Bootcamp Course to boost your project management skills!,"Business, Career","8 hours, In person",Refunds up to 7 days before event,"Lackawanna, Lackawanna, NY 14218, United States",482.02 USD,Feb 21 at 9:00 AM
https://www.eventbrite.ca/e/tuesday-tunes-apl-tickets-1975319199901,https://img.evbuc.com/https%3A%2F%2Fcdn.evbuc.com%2Fimages%2F1171646283%2F124938954227%2F1%2Foriginal.20251124-153456?w=1000&auto=format%2Ccompress&q=75&sharp=10&rect=0%2C0%2C890%2C445&s=7213217b4f4902b32d391128a998a8ca,Tuesday Tunes @APL,Aurora Public Library,Chill out with live tunes and good vibes every third Tuesday of the month at APL—see you there!,"Music, Acoustic","2 hours, In person",Refunds up to 7 days before event,"15145 Yonge Street, Aurora, ON L4G 1M1, Canada",CAD 0.0,Feb 17 at 6:00 PM
https://www.eventbrite.ca/e/adulting-with-money-financial-101-tickets-1982326235132,https://img.evbuc.com/https%3A%2F%2Fcdn.evbuc.com%2Fimages%2F1176816369%2F297025178185%2F1%2Foriginal.20260205-203001?w=1000&auto=format%2Ccompress&q=75&sharp=10&rect=0%2C1%2C1080%2C540&s=aeac95543edd88289e07e10b30537561,Adulting With Money - Financial 101,Asif Kasim,Learn how to handle your finances like a pro without the stress at our Adulting With Money event – it's time to level up!,"Business, Finance","Free parking, 2 hours, all ages, In person, Doors at 6:00 PM",Refunds up to 7 days before event,"190 Harwood Avenue South, Ajax, ON L1S 2H6, Canada",Free,Feb 18 at 6:30 PM
https://www.eventbrite.com/e/pmp-classroom-training-process-flow-in-buffalo-ny-tickets-1741139748859,https://img.evbuc.com/https%3A%2F%2Fcdn.evbuc.com%2Fimages%2F834937739%2F352227447965%2F1%2Foriginal.20240827-064811?w=1000&auto=format%2Ccompress&q=75&sharp=10&rect=0%2C0%2C2160%2C1080&s=3e4f2eca3b31132e18b4ed35a532dd38,"PMP Classroom Training Process Flow In Buffalo, NY",Learners Ink,"Professionals undergoing the PMP course gain insights into project governance, including ethical considerations, compliance, and regulatory.",,,Refunds up to 7 days before event,"50 Fountain Plaza, Buffalo, NY 14202, United States",1699.00 USD,Feb 24 at 9:00 AM EST
https://www.eventbrite.com/e/pmp-certification-training-in-buffalo-ny-tickets-1832465135549,https://cdn.evbuc.com/images/1154716433/352227447965/1/logo.20251016-071903,"PMP Certification Training in Buffalo, NY",Learners Ink,"Professionals undergoing the PMP course gain insights into project governance, including ethical considerations, compliance, and regulatory.",,,Refunds up to 7 days before event,"50 Fountain Plaza, Buffalo, NY 14202, United States",1699.00 USD,Feb 24 at 9:00 AM EST
https://www.eventbrite.ca/e/noir-at-night-the-all-black-party-edition-2026-tickets-1980776085593,https://img.evbuc.com/https%3A%2F%2Fcdn.evbuc.com%2Fimages%2F1176124340%2F301665043469%2F1%2Foriginal.20260129-012301?w=1000&auto=format%2Ccompress&q=75&sharp=10&rect=0%2C729%2C1080%2C540&s=5b6a2d9ed4c2e6acae0e144f555f22a1,NOIR AT NIGHT - THE ALL BLACK PARTY EDITION 2026,FBN ENTERTAINMENT,"When the lights go low, the energy goes up","Music, Alternative","Free parking, ages 21+, In person, Doors at 10:00 PM",No Refunds,"Durham, Durham, ON L1s 6w9, Canada",CAD 12.5 - CAD 268.93,Jul 4 at 10:00 PM EDT
https://www.eventbrite.com/e/gateway-to-china-e-commerce-market-insights-toronto-stop-tickets-1980151620802,https://cdn.evbuc.com/images/1175031121/442177730014/1/logo.20260116-062402,Gateway to China: E-commerce Market Insights (Toronto Stop),Consulate General of Canada in Shanghai,Connecting Canadian Brands with China’s Digital Future,,,Refunds up to 7 days before event,"100 Adelaide Street West, Toronto, ON M5H 0B3, Canada",Free,Mar 5 at 9:00 AM EST
https://www.eventbrite.com/e/pmp-live-instructor-led-certification-training-bootcamp-lancaster-ny-tickets-1246910876999,https://cdn.evbuc.com/images/888704913/2032768092403/1/logo.20241031-082102,"PMP Live Instructor Led Certification Training Bootcamp Lancaster, NY",Shine BrightX is a Leading Training Providers,Join our PMP Online Certification Training Bootcamp Course to boost your project management skills!,"Business, Career","8 hours, In person",Refunds up to 7 days before event,"Lancaster, Lancaster, NY 10352, United States",482.02 USD,Feb 21 at 9:00 AM
https://www.eventbrite.ca/e/south-leaside-monday-group-membership-2025-2026-tickets-1680338982129,https://cdn.evbuc.com/images/1171384501/1702655849763/1/logo.20251120-011735,South Leaside Monday Group Membership 2025-2026,South Leaside Monday Group,SLMG's Membership fee for the 2025-2026 year. Become a member and gain access to all our perks!,"Community, Other",In person,No Refunds,"110 Rumsey Road, Toronto, ON M4G 1P2, Canada",CAD 43.93 - CAD 65.23,Sep 9 at 6:00 PM EDT
https://www.eventbrite.ca/e/bostwick-book-club-ages-10-13-tickets-1981250478515,https://cdn.evbuc.com/images/974126473/1612861740323/1/logo.20250303-210117,Bostwick Book Club (Ages 10-13),London Public Library,Bostwick Book Club (Ages 10-13),"Family & Education, Education","1 hour, In person",Refunds up to 7 days before event,"501 Southdale Road West, London, ON N6K 3X4, Canada",CAD 0.0,Feb 24 at 6:30 PM EST
https://www.eventbrite.ca/e/2026-acce-lunar-new-year-celebration-tickets-1974243017009,https://cdn.evbuc.com/images/1172310684/67356372085/1/logo.20251204-141601,2026 ACCE Lunar New Year Celebration,Association of Chinese Canadian Entrepreneurs (ACCE),2026 ACCE Lunar New Year Celebration,,,Refunds up to 7 days before event,"5000 Highway 7, Markham, ON L3R 1N1, Canada",CAD 148.0,Feb 25 at 6:15 PM EST
https://www.eventbrite.ca/e/elevate-2026-business-strategies-for-success-tickets-1981743706774,https://img.evbuc.com/https%3A%2F%2Fcdn.evbuc.com%2Fimages%2F1176093422%2F224136329974%2F1%2Foriginal.20260128-195652?w=1000&auto=format%2Ccompress&q=75&sharp=10&rect=0%2C0%2C6912%2C3456&s=9449539ba6bfcc3ed28af72afec7ac7b,Elevate 2026 – Business Strategies for Success,HRBG HR MasterClass and Networking Groups,"Work smarter, not harder: practical strategies to elevate your business in 2026.","Business, Startups","3 hours 30 minutes, In person",Refunds up to 7 days before event,"177 Queens Avenue, London, ON N6A 1J1, Canada",Free,Mar 25 at 8:30 AM EDT
https://www.eventbrite.com/e/london-card-show-bmo-centre-may-23rd-2026-tickets-1970629081631,https://img.evbuc.com/https%3A%2F%2Fcdn.evbuc.com%2Fimages%2F1171051618%2F2777697252731%2F1%2Foriginal.20251115-202912?w=1000&auto=format%2Ccompress&q=75&sharp=10&rect=19%2C0%2C1168%2C584&s=fcb779a9a71f70cd7318f5c9f0c88de7,"London Card Show - BMO Centre - MAY 23RD, 2026",,"Join us for the London Card Show at the BMO Centre on May 23RD, 2026 from 9am–4pm! Enjoy **free parking and free admission**",Other,"Free parking, 7 hours, all ages, In person",Refunds up to 7 days before event,"295 Rectory Street, London, ON N5Z 0A3, Canada",Free,May 23 at 9:00 AM EDT
https://www.eventbrite.ca/e/happy-member-appreciation-month-canfitpro-global-conference-trade-show-tickets-1743407872879,https://cdn.evbuc.com/images/1140289903/2835549362451/1/logo.20250930-171813,HAPPY MEMBER APPRECIATION MONTH! - canfitpro GLOBAL Conference & Trade Show,canfitpro,"This month, we are rolling back the price of a Two-Day Full Conference experience to $399+tax* for canfitpro Members!",,,Refunds up to 15 days before event,"222 Bremner Boulevard, Toronto, ON M5V 2T6, Canada",450.87 CAD,Aug 14 at 12:00 AM EDT
https://www.eventbrite.ca/e/2026-robotics-march-break-camp-holland-bloorview-first-robotics-tickets-1963262624359,https://img.evbuc.com/https%3A%2F%2Fcdn.evbuc.com%2Fimages%2F457007579%2F278393473862%2F1%2Foriginal.20191004-150627?w=1000&auto=format%2Ccompress&q=75&sharp=10&rect=30%2C91%2C1502%2C751&s=4c953f345f1af20885cd559c6e155b83,2026 Robotics March Break Camp Holland Bloorview FIRST Robotics,Holland Bloorview FIRST Robotics Program,"Explore robotics through hands-on projects, coding, and teamwork. Build, program, and innovate with cutting-edge tech. Join us!",,,Refunds up to 7 days before event,"150 Kilgour Road, Toronto, ON M4G 1R8, Canada",Free,Mar 16 at 9:00 AM EDT
https://www.eventbrite.ca/e/dragons-den-2026-london-tickets-1982683688284,https://img.evbuc.com/https%3A%2F%2Fcdn.evbuc.com%2Fimages%2F975214173%2F139495205689%2F1%2Foriginal.20250304-203001?w=1000&auto=format%2Ccompress&q=75&sharp=10&rect=0%2C0%2C2160%2C1080&s=d445350144f9b0e3af04a639b933eb01,DRAGONS’ DEN 2026- LONDON,Morrissette Institute for Entrepreneurship,Welcome to the first step in the journey towards braving the Dragons Den! Join us for a panel discussion and see auditions for season 21.,"School Activities, Public Speaker","1 hour, In person",Refunds up to 7 days before event,"1151 Richmond Street, London, ON N6A 3K7, Canada",Free,Mar 11 at 11:00 AM EDT
https://www.eventbrite.ca/e/she-west-indian-international-womens-day-meet-greet-tickets-1982634963547,https://cdn.evbuc.com/images/1177094312/438154624034/1/logo.20260209-194102,S.H.E. West Indian - International Women's Day Meet & Greet,EMPOWER YOU by Sandy Maeck,S.H.E. West Indian is honored to host our first event of 2026 in celebration of International Women’s Day,"Community, Heritage","2 hours, In person",Refunds up to 7 days before event,"400 Monarch Avenue #Unit 11, Ajax, ON L1S 3W6, Canada",CAD 0.0,Mar 8 at 1:00 PM EDT
https://www.eventbrite.com/e/bed-by-10pm-returns-to-london-tickets-1978883882964,https://cdn.evbuc.com/images/1173445671/2550823234151/1/logo.20251223-111705,Bed By 10pm Returns To London!,Bed By 10,The Ultimate 30+ Daytime Clubbing Experience,,,No Refunds,"545 Richmond Street, London, ON N6A 3E9, Canada",CAD 65.23,Mar 7 at 4:00 PM EST
https://www.eventbrite.com/e/2026-tuesday-night-acoustic-jam-tickets-1982638563314,https://cdn.evbuc.com/images/1177019396/1876545495923/1/logo.20260208-232810,2026 - Tuesday Night Acoustic Jam,Hugh Wilson,"Same fun and great music. Now, at a new location for 2026","Music, Acoustic","Free parking, 1 hour 30 minutes, In person",Refunds up to 7 days before event,"1444 Glenora Drive, London, ON N5X 1V2, Canada",USD 0.0,Feb 24 at 7:30 PM
https://www.eventbrite.ca/e/wildfire-2026-registration-1299967972199,https://cdn.evbuc.com/images/1177680548/463932826097/1/logo.20260216-233942,WILDFIRE 2026,Campus Rush Global,"Wildfire 2026 promises to be a life-changing experience, marked by a mighty outpouring of the Holy Spirit.","Spirituality, Christianity","1 day 10 hours, In person",Refunds up to 7 days before event,"300 Water Street, Whitby, ON L1N 9B6, Canada",CAD 0.0,Mar 19 at 7:30 PM EDT
https://www.eventbrite.ca/e/badminton-drop-in-6am-8am-registration-1971481524310,https://cdn.evbuc.com/images/1171056979/2321789740323/1/logo.20251115-225850,Badminton Drop in 6am-8am,Khel Sports,"Early birds, grab your racquets and join us for some fun and games at our Badminton Drop in session!","Sports & Fitness, Other","2 hours, all ages, In person, Free parking",,"1095 Kingston Road #Unit 5A, Pickering, ON L1V 1B5, Canada",Free,Feb 22 at 6:00 AM
https://www.eventbrite.ca/e/2026-lpffa-retirement-dinner-tickets-1982622625644,https://cdn.evbuc.com/images/941445083/1140506034923/1/logo.20250121-230317,2026 LPFFA Retirement Dinner,London Professional Firefighters Association,Join us for a night of celebration as we honor and bid farewell to our retiring members of the London Professional Fire Fighters Association,"Community, Other",In person,Refunds up to 7 days before event,"591 Wellington Road, London, ON N6C 4R3, Canada",CAD 0.0 - CAD 38.95,Oct 19 at 6:00 PM
https://www.eventbrite.com/e/2026-oneworld-community-concert-exhibit-tickets-1983078995659,https://cdn.evbuc.com/images/1177471000/1410882352803/1/logo.20260213-151445,2026 #OneWorld Community Concert & Exhibit,Bridges from Borders,"#OneWorld Community Concert & Exhibit! Immerse yourself in a vibrant showcase of global talent, creativity, food, performances, and more!","Community, Other","3 hours, In person",Refunds up to 7 days before event,"300 North Forest Road, Williamsville, NY 14221, United States",USD 0.0,Apr 25 at 5:00 PM EDT
https://www.eventbrite.com/e/tennocon-2026-tickets-1797633894369,https://cdn.evbuc.com/images/1171922043/2012812312983/1/logo.20251128-152330,TennoCon 2026,Digital Extremes,TennoCon 2026 will be a celebration of all things Warframe and Soulframe! Don't miss our biggest event of the year.,"Hobbies, Gaming",In person,Refunds up to 7 days before event,"300 York Street, London, ON N6B 1P8, Canada",1130.00 CAD - 61.57 CAD,Jul 10 at 9:00 AM
https://www.eventbrite.ca/e/injaz-iftar-2026-tickets-1983197504121,https://img.evbuc.com/https%3A%2F%2Fcdn.evbuc.com%2Fimages%2F1177572013%2F1661221666643%2F1%2Foriginal.20260215-164006?w=1000&auto=format%2Ccompress&q=75&sharp=10&rect=0%2C1000%2C6000%2C3000&s=07103be431e59633710352f90211ea58,Injaz Iftar 2026,InjazTO,"Ramadan Kareem! We're excited to host our 2nd annual iftar this year on Saturday, February 28th. Prior registration is required!",,,Refunds up to 7 days before event,"2500 Lawrence Avenue East, Toronto, ON M1P 2R7, Canada",CAD 0.0,Feb 28 at 5:30 PM EST
https://www.eventbrite.ca/e/getting-ready-for-kindergarten-tickets-1981347927989,https://cdn.evbuc.com/images/1010578683/1021908543363/1/logo.20250416-180122,Getting Ready For Kindergarten,Wasaga Beach Public Library,"Registration includes all 4 sessions: May 1st, 8th, 15th, 22nd. Get support as you prepare for the transition to school!","Family & Education, Children & Youth","1 hour 30 minutes, In person",Refunds up to 7 days before event,"544 River Road West, Wasaga Beach, ON L9Z 2P1, Canada",Free,May 1 at 10:00 AM EDT
https://www.eventbrite.com/e/black-history-month-pop-ups-at-markets-tickets-1982755388742,https://cdn.evbstatic.com/s3-build/prod/21894412222-rc2026-02-11_20.04-py27-de056fe/django/images/logos/eb_orange_on_white_1200x630.png,Black History Month Pop-Ups at Markets,Elizabeth Enderson,"Markets Ontario is hosting a special Black History Month Pop-Up Market celebrating Black-owned businesses, artisans, and makers","Community, Heritage","7 hours, In person",Refunds up to 7 days before event,"62 King Street West, Bowmanville, ON L1C 1R4, Canada",CAD 0.0,Feb 21 at 10:00 AM
https://www.eventbrite.ca/e/take-it-to-the-limit-the-music-legacy-of-the-eagles-tickets-1980103422640,https://img.evbuc.com/https%3A%2F%2Fcdn.evbuc.com%2Fimages%2F1177289987%2F272615311890%2F1%2Foriginal.20260211-164039?w=1000&auto=format%2Ccompress&q=75&sharp=10&rect=20%2C0%2C2120%2C1060&s=9d52f78c7e2675145552a62facf40519,Take It To The Limit - The Music & Legacy of the Eagles,Centennial Hall,"Friday, September 11th, 2026 | 7:30pm",Music,"Paid parking, Parking available, all ages, In person, Doors at 6:30 PM",No Refunds,"550 Wellington Street, London, ON N6A 3P9, Canada",CAD 0.0,Sep 11 at 7:30 PM
https://www.eventbrite.com/e/buffalo-niagara-boat-show-february-19-22-2026-tickets-1977062707780,https://cdn.evbuc.com/images/1172415372/176431459168/1/logo.20251205-213505,"Buffalo Niagara Boat Show: February 19-22, 2026",Buffalo Niagara Boat Show,"Join us for the Buffalo Niagara Boat Show at Sahlen's Sports Park Featuring the region’s top dealers ""Show Only"" pricing.","Auto, Boat & Air, Boat",In person,No Refunds,"7070 Seneca Street, Elma, NY 14059, United States",10.00 USD,
https://www.eventbrite.ca/e/four-winds-music-fest-2026-tickets-1977617805091,https://img.evbuc.com/https%3A%2F%2Fcdn.evbuc.com%2Fimages%2F1172768733%2F320416096425%2F1%2Foriginal.20251211-151630?w=1000&auto=format%2Ccompress&q=75&sharp=10&rect=0%2C742%2C1320%2C660&s=dbb86ed674528fdf1c067fd3f5127c93,Four Winds Music Fest 2026,Ariana Dalie & Craig Smith,Four winds music fest 2026 is back for its fourth year. Early bird tickets sale ends February 8 all tickets go on sale February 9 at 12 AM.,"Music, Cultural","Paid parking, Parking available, 2 hours, all ages, In person",No Refunds,"233639 Concession 2 WGR, Durham, ON N0G 1R0, Canada",CAD 43.93 - CAD 256.93,Feb 9 at 12:00 AM
https://www.eventbrite.ca/e/making-your-money-last-in-retirement-tickets-1982088306481,https://cdn.evbuc.com/images/1176344639/468512372081/1/logo.20260131-205549,Making Your Money Last in Retirement,Georgina Public Library--Community Engagement,"Join us for an engaging seminar designed to help you confidently transition into retirement, and make the most of your financial future.","Business, Finance",In person,Refunds up to 7 days before event,"90 Wexford Drive, Keswick, ON L4P 3Z1, Canada",Free,Apr 28 at 12:00 PM
https://www.eventbrite.com/e/neuroscience-research-day-nrd-2026-tickets-1979952175255,https://img.evbuc.com/https%3A%2F%2Fcdn.evbuc.com%2Fimages%2F1174280974%2F2987971275083%2F1%2Foriginal.20260108-042129?w=1000&auto=format%2Ccompress&q=75&sharp=10&rect=0%2C0%2C2160%2C1080&s=aa83037ca937a8ab62fe95e7b60820f5,Neuroscience Research Day (NRD 2026),Society of Neuroscience Graduate Students (SONGS),Explore cutting-edge neuroscience research from Western University students & London researchers. Free event open to all curious minds!,,,Refunds up to 7 days before event,"1151 Richmond Street, London, ON N6A 3K7, Canada",Free,Feb 19 at 5:00 PM EST
https://www.eventbrite.ca/e/hutton-house-6-week-community-pottery-hand-building-class-tickets-1972844568211,https://img.evbuc.com/https%3A%2F%2Fcdn.evbuc.com%2Fimages%2F1171181051%2F205470554813%2F1%2Foriginal.20251117-203818?w=1000&auto=format%2Ccompress&q=75&sharp=10&rect=0%2C0%2C2160%2C1080&s=8617256da9382fc7079db278626eb1f7,Hutton House 6 Week Community Pottery Hand Building Class,Hutton House,Come join us for an 6-week hand building class where you'll learn the art of shaping clay into beautiful creations!,,,No Refunds,"654 Wonderland Road North, London, ON N6H 3E5, Canada",320.42 CAD,Jan 27 at 6:00 PM EST
https://www.eventbrite.ca/e/mainstage-challenge-by-rockstalgia-round-3-tickets-1981423387691,https://cdn.evbuc.com/images/1175639807/76404613493/1/logo.20260123-125739,MainStage Challenge by Rockstalgia - Round 3,Rockstalgia Inc.,"Join us for Round 3 of the MainStage Challenge, a high-energy battle of the bands competition.","Music, Rock","6 hours, In person",Refunds up to 7 days before event,"44 Bond St E, Oshawa, ON L1G 1B1, Canada, Oshawa, ON 1B1, Canada",USD 0.0,May 9 at 1:00 PM EDT
https://www.eventbrite.ca/e/hbec-further-faster-business-program-summer-2026-tickets-1981870194101,https://img.evbuc.com/https%3A%2F%2Fcdn.evbuc.com%2Fimages%2F852514999%2F149026562396%2F1%2Foriginal.20240917-171125?w=1000&auto=format%2Ccompress&q=75&sharp=10&rect=101%2C138%2C1044%2C522&s=4b0eb09e46ce854077a015751b3af0ad,HBEC Further Faster Business Program Summer 2026,Henry Bernick Entrepreneurship Centre,Take time to work on your business today!,"Business, Startups","63 days 7 hours, In person",Refunds up to 2 days before event,"24 Maple Ave., Barrie, ON L4N 7W4, Canada",499.73 CAD,May 13 at 9:30 AM EDT
https://www.eventbrite.ca/e/the-chicks-experience-tickets-1978840460085,https://img.evbuc.com/https%3A%2F%2Fcdn.evbuc.com%2Fimages%2F1173404812%2F1395300759843%2F1%2Foriginal.20251222-173908?w=1000&auto=format%2Ccompress&q=75&sharp=10&rect=0%2C1160%2C2652%2C1326&s=ec43ead8813bae165485b7a606e00cbb,The Chicks Experience,Side Launch Brewing Company,"Get ready for The Chicks Experience — a show celebrating the iconic country trio, ""The Chicks""","Music, Country","2 hours 30 minutes, In person",Refunds up to 1 day before event,"200 Mountain Road #Unit 1, Collingwood, ON L9Y 4V5, Canada",CAD 27.96,Mar 7 at 7:30 PM EST
https://www.eventbrite.ca/e/improv-104-3-weeks-starting-february-4-2026-tickets-1981934783289,https://img.evbuc.com/https%3A%2F%2Fcdn.evbuc.com%2Fimages%2F1176156856%2F24850255591%2F1%2Foriginal.20260129-133832?w=1000&auto=format%2Ccompress&q=75&sharp=10&rect=0%2C0%2C2160%2C1080&s=2358ff360b80e04c499e1c956fcac5f1,"Improv 104 (3 Weeks) Starting February 4, 2026",Shut The Front Door Improv,Join us for Improv 104 and continue your improv journey in this 3-week course starting soon!,,Free parking,No Refunds,"371 Tecumseh Ave E, London, ON N6C 1T3, Canada",140.00 CAD,Feb 4 at 7:00 PM EST
https://www.eventbrite.com/e/waz-fest-2026-friday-july-17-tickets-1979657734575,https://img.evbuc.com/https%3A%2F%2Fcdn.evbuc.com%2Fimages%2F1175147235%2F1381238689603%2F1%2Foriginal.20260117-222531?w=1000&auto=format%2Ccompress&q=75&sharp=10&rect=0%2C0%2C1334%2C667&s=3d07d7683ffa9ea067106a7bef59361a,WAZ FEST 2026 FRIDAY JULY 17,JOE WASIELEWSKI,ADDISON JOHNSON AND FRIENDS,Music,"6 hours, In person",Refunds up to 7 days before event,"13143 Broadway, Alden, NY 14004, United States",USD 55.2,Jul 17 at 5:00 PM EDT
https://www.eventbrite.ca/e/onpoint-ski-snowboard-cybercon-2026-tickets-1865375039959,https://img.evbuc.com/https%3A%2F%2Fcdn.evbuc.com%2Fimages%2F1161044613%2F1346869417083%2F1%2Foriginal.20251023-193311?w=1000&auto=format%2Ccompress&q=75&sharp=10&rect=0%2C195%2C2000%2C1000&s=66efb578a815395331520a853567c41c,OnPoint Ski & Snowboard CyberCon 2026,OnPoint Events,Join us for the OnPoint Ski & Snowboard CyberCon at The Heights Ski & Country Club,"Science & Tech, Other",In person,Refunds up to 7 days before event,"1106 Horseshoe Valley Road West, Barrie, ON L4M 4Y8, Canada",113.00 CAD,Feb 19 at 7:30 AM EST
https://www.eventbrite.ca/e/2026-bridgestone-csbk-championship-round-4-grand-bend-motorplex-tickets-1982593814469,https://img.evbuc.com/https%3A%2F%2Fcdn.evbuc.com%2Fimages%2F694166489%2F644804665863%2F1%2Foriginal.20240209-230821?w=1000&auto=format%2Ccompress&q=75&sharp=10&rect=0%2C37%2C1050%2C525&s=a9ee4940db96d247ef269371e5ffbd08,2026 Bridgestone CSBK Championship-Round 4 Grand Bend Motorplex,Bridgestone CSBK,"Bridgestone Canadian Superbike Championship takes place July 10-12, 2026 at Grand Bend Motorplex","Sports & Fitness, Motorsports",In person,No Refunds,"70292 Grand Bend Line, Grand Bend, ON N0M 1T0, Canada",33.28 CAD - 40.00 CAD,Mar 3 at 12:00 AM
https://www.eventbrite.ca/e/hbec-further-faster-business-program-winter-2026-tickets-1735055601009,https://img.evbuc.com/https%3A%2F%2Fcdn.evbuc.com%2Fimages%2F852514999%2F149026562396%2F1%2Foriginal.20240917-171125?w=1000&auto=format%2Ccompress&q=75&sharp=10&rect=101%2C138%2C1044%2C522&s=4b0eb09e46ce854077a015751b3af0ad,HBEC Further Faster Business Program Winter 2026,Henry Bernick Entrepreneurship Centre,Take time to work on your business today!,,,Refunds up to 2 days before event,"24 Maple Ave., Barrie, ON L4N 7W4, Canada",301.17 CAD,Jan 21 at 9:00 AM EST
https://www.eventbrite.com/e/winter-rugby-academy-2026-tickets-1963303251877,https://img.evbuc.com/https%3A%2F%2Fcdn.evbuc.com%2Fimages%2F1170207798%2F1926712151433%2F1%2Foriginal.20251105-142631?w=1000&auto=format%2Ccompress&q=75&sharp=10&rect=0%2C393%2C2000%2C1000&s=95dc32ac5f5cd0c3b64326363ae73189,Winter Rugby Academy 2026,Northern Performance Rugby Academy,Get ready to level up your rugby skills at Winter Rugby Academy 2026 - the best way to become a stronger players before your next season!,,,Refunds up to 7 days before event,"99 Hanmer Street East, Barrie, ON L4M 6W2, Canada",CAD 267.58,Jan 10 at 6:00 PM EST
