https://www.eventbrite.ca/e/candles-and-cocktails-tickets-1977632976469?aff=ebdssbdestsearch,https://img.evbuc.com/https%3A%2F%2Fcdn.evbuc.com%2Fimages%2F588436309%2F210211004292%2F1%2Foriginal.20230901-185941?w=600&auto=format%2Ccompress&q=75&sharp=10&rect=0%2C0%2C2160%2C1080&s=f63277f28d6cdbbaab8aaa22e261a751,Candles and Cocktails,Art Aggregate,Indulge in an evening of cocktails and candles at this hands-on candle making class!,,,Refunds up to 1 day before event,"Art Aggregate637 Parkdale Ave NHamilton, ON L8H 5Z1 Canada",$79.73,Mar 6 · 6:30 PM EST
https://www.eventbrite.ca/e/kate-quinn-and-janie-chang-in-conversation-tickets-1981858022696?aff=ebdssbdestsearch,https://img.evbuc.com/https%3A%2F%2Fcdn.evbuc.com%2Fimages%2F1176060145%2F241698097804%2F1%2Foriginal.20260128-151937?w=600&auto=format%2Ccompress&q=75&sharp=10&rect=0%2C172%2C1500%2C750&s=5328acaa7d86c8bb79d594c6f1c56dfb,Kate Quinn and Janie Chang in Conversation,Hamilton Literary Festival Association,gritLIT is pleased to welcome Kate Quinn and Janie Chang to the First Unitarian Church of Hamilton.,,,Refunds up to 7 days before event,"The First Unitarian Church of Hamilton170 Dundurn Street SouthHamilton, ON L8P 4K3 Canada",CA$17.55,Mar 7 · 1:00 PM EST
https://www.eventbrite.ca/e/burlington-established-professionals-speed-dating-age-28-42-tickets-1981878814886?aff=ebdssbdestsearch,https://img.evbuc.com/https%3A%2F%2Fcdn.evbuc.com%2Fimages%2F1176096855%2F77924075793%2F1%2Foriginal.20260128-202304?w=600&auto=format%2Ccompress&q=75&sharp=10&rect=0%2C0%2C600%2C300&s=ea667dde2709204802cb33891ca02d96,Burlington Established Professionals Speed Dating (Age 28-42),15FirstDates,Get ready to mix and mingle with other established professionals who are looking for that special someone!,,,Refunds up to 7 days before event,"Nickel Brook Brewing Co.3426 MainwayBurlington, ON L7M 1A8 Canada",CA$54.99,Mar 3 · 7:00 PM EST
https://www.eventbrite.com/e/merry-milton-scavenger-hunt-tickets-1001557424217?aff=ebdssbdestsearch,https://img.evbuc.com/https%3A%2F%2Fcdn.evbuc.com%2Fimages%2F833280869%2F1652628412003%2F1%2Foriginal.20240823-202436?w=600&auto=format%2Ccompress&q=75&sharp=10&rect=0%2C180%2C1600%2C800&s=488f81364742f6b9d998c158abce8d7f,Merry Milton Scavenger Hunt,"Kat Nelson, Owner of Alley Kat Adventures","Solve clues, tackle wacky tasks, and explore your city’s uncovered gems to create a fun, unique experience for your team bonding event.",,,Refunds up to 7 days before event,"Blossom Café by Chudleigh's176 Main Street EastMilton, ON L9T 1N8 Canada",,
https://www.eventbrite.com/e/outstanding-oakville-scavenger-hunt-tickets-1001560032017?aff=ebdssbdestsearch,https://img.evbuc.com/https%3A%2F%2Fcdn.evbuc.com%2Fimages%2F833283509%2F1652628412003%2F1%2Foriginal.20240823-202840?w=600&auto=format%2Ccompress&q=75&sharp=10&rect=0%2C100%2C1600%2C800&s=80e7fbf212609eb07bfee1e9baa1772a,Outstanding Oakville Scavenger Hunt,"Kat Nelson, Owner of Alley Kat Adventures","Solve clues, tackle wacky tasks, and explore your city’s uncovered gems to create a fun, unique experience for your team bonding event.",,,Refunds up to 7 days before event,"Tribeca Coffee Co.174 Lakeshore Road EastOakville, ON L6J 1H6 Canada",,
https://www.eventbrite.ca/e/pa-day-nature-camp-st-cuthberts-church-tickets-1978417322469?aff=ebdssbdestsearch,https://img.evbuc.com/https%3A%2F%2Fcdn.evbuc.com%2Fimages%2F1173207975%2F549712256133%2F1%2Foriginal.20251218-154931?crop=focalpoint&fit=crop&w=600&auto=format%2Ccompress&q=75&sharp=10&fp-x=0.553&fp-y=0.355&s=1c11001982bf39f4272ed01272ca6c4e,PA Day Nature Camp - St. Cuthbert's Church,A Rocha Ontario,Give your child the opportunity to learn about and build a personal connection to the natural world at A Rocha Ontario's PA Day Nature Camp!,,,Refunds up to 7 days before event,"St. Cuthbert's Church2 Bond Street NorthHamilton, ON L8S 3W1 Canada",CA$20 – CA$70,Mar 6 · 9:00 AM EST
https://www.eventbrite.com/e/2-mediums-1-night-live-audience-mediumship-readings-oakville-tickets-1980383927638?aff=ebdssbdestsearch,https://img.evbuc.com/https%3A%2F%2Fcdn.evbuc.com%2Fimages%2F1174623749%2F2339417386093%2F1%2Foriginal.20260112-150744?crop=focalpoint&fit=crop&w=600&auto=format%2Ccompress&q=75&sharp=10&fp-x=0.493&fp-y=0.021&s=ca837f34f906a363c8e5b253c90c51ff,"2 Mediums. 1 Night. Live Audience Mediumship Readings, OAKVILLE",redfern.events,"Join Mediums Barbara Quinton and Trish Finch for an evening of live audience mediumship readings, Sat March 7th at STACK in Oakville",,,No refunds,"240 Leighland Ave240 Leighland AvenueOakville, ON L6H 3H6 Canada",CA$55,Mar 7 · 7:00 PM EST
https://www.eventbrite.ca/e/black-zeus-presents-not-another-comedy-show-hamilton-edition-tickets-1981500944666?aff=ebdssbdestsearch,https://img.evbuc.com/https%3A%2F%2Fcdn.evbuc.com%2Fimages%2F1175741246%2F189024347625%2F1%2Foriginal.20260124-231059?w=600&auto=format%2Ccompress&q=75&sharp=10&s=2231785ec5b88142f55d4128401c6894,Black Zeus Presents: Not Another Comedy Show (Hamilton Edition),Black Zeus,"Pro comedians, live music, artists, interviews & audience interaction.  An intimate show hosted by Comedian Black Zeus recorded at CFTA!",,,Refunds up to 3 days before event,"Centre For Talking Arts154 James Street SouthHamilton, ON L8P 3A2 Canada",CA$26.11,Mar 1 · 7:00 PM EST
https://www.eventbrite.com/e/the-sadies-hamilton-tickets-1981926800412?aff=ebdssbdestsearch,https://img.evbuc.com/https%3A%2F%2Fcdn.evbuc.com%2Fimages%2F1176146245%2F1899067332883%2F1%2Foriginal.20260129-102352?w=600&auto=format%2Ccompress&q=75&sharp=10&s=cf71e7d0395be6b813917b886b0280cc,THE SADIES -- Hamilton,This Is Ridiculous Inc.,"THE SADIES return to Hamilton, making their debut at Hamilton's newest entertainment venue -- FRIDAY MARCH 6",,,No refunds,"38 King William St38 King William StreetHamilton, ON L8N 1B3 Canada",CA$36.21,Mar 6 · 8:00 PM EST
https://www.eventbrite.ca/e/neighborhood-laughs-stand-up-comedy-at-cfta-tickets-1980873519019?aff=ebdssbdestsearch,https://img.evbuc.com/https%3A%2F%2Fcdn.evbuc.com%2Fimages%2F1172327461%2F1405351939013%2F1%2Foriginal.png?w=600&auto=format%2Ccompress&q=75&sharp=10&rect=0%2C0%2C940%2C470&s=7dbd97a013bac4a7bde627fc0022bbc6,Neighborhood Laughs: Stand-Up Comedy at CFTA,Tomo N,"An intimate stand-up show with eight strong comics, a small crowd, and a genuinely welcoming neighborhood vibe.",,,Refunds up to 7 days before event,"Centre For Talking Arts154 James Street SouthHamilton, ON L8P 3A2 Canada",$17.31,Mar 7 · 8:00 PM EST
https://www.eventbrite.com/e/tia-mcgraff-tommy-parham-special-guests-carol-greene-wayne-krawchuk-tickets-1981214662388?aff=ebdssbdestsearch,https://img.evbuc.com/https%3A%2F%2Fcdn.evbuc.com%2Fimages%2F1175466660%2F419842311915%2F1%2Foriginal.20260121-174319?w=600&auto=format%2Ccompress&q=75&sharp=10&rect=0%2C120%2C1440%2C720&s=b3e9a133e175cc3509167a4e40ddb3af,Tia McGraff & Tommy Parham + special guests Carol Greene & Wayne Krawchuk,Presented by the Dundas Folklore Centre,Two exceptional duos: Tia & Tommy plus Carol & Wayne playing live acoustic music in a beautiful room with great sound.,,,Refunds up to 7 days before event,"The Dundas Museum & Archives139 Park St W, Dundas, ON, Canada139 Park Street WestHamilton, ON L9H 1X8 Canada",$22.63,Mar 1 · 2:00 PM EST
https://www.eventbrite.com/e/halton-scope-womens-health-day-tickets-1981957801136?aff=ebdssbdestsearch,https://img.evbuc.com/https%3A%2F%2Fcdn.evbuc.com%2Fimages%2F1176197928%2F2987537161411%2F1%2Foriginal.jpg?w=600&auto=format%2Ccompress&q=75&sharp=10&rect=0%2C0%2C2160%2C1080&s=bff808485c7f0bf3f72c8b20e062121a,Halton SCOPE Women's Health Day,Halton SCOPE,Celebrate International Women’s Day with expert-led learning and connection at Halton SCOPE Women’s Health Day,,,Refunds up to 1 day before event,"Oakville Trafalgar Memorial Hospital3001 Hospital GateOakville, ON L6M 0L8 Canada",CA$100,Mar 5 · 7:30 AM EST
https://www.eventbrite.ca/e/alpha-1-wrestling-presents-buck-wild-tickets-1980730646684?aff=ebdssbdestsearch,https://img.evbuc.com/https%3A%2F%2Fcdn.evbuc.com%2Fimages%2F1175071767%2F2777888904971%2F1%2Foriginal.20260116-175328?crop=focalpoint&fit=crop&w=600&auto=format%2Ccompress&q=75&sharp=10&fp-x=0.5&fp-y=0.5&s=ae8ecceda41eebaa138c90bfaf68e8ed,Alpha-1 Wrestling Presents: BUCK WILD,Alpha-1 Wrestling,GET TICKETS OR WATCH LIVE ON YOUTUBE!!!,,,No refunds,"222 Queenston Rd222 Queenston RoadHamilton, ON L8K 1G6 Canada",From $22.63,Mar 1 · 4:00 PM EST
https://www.eventbrite.ca/e/advocis-greater-hamilton-international-womens-day-2026-tickets-1955207912499?aff=ebdssbdestsearch,https://img.evbuc.com/https%3A%2F%2Fcdn.evbuc.com%2Fimages%2F696232959%2F440384929648%2F1%2Foriginal.20240213-163149?w=600&auto=format%2Ccompress&q=75&sharp=10&rect=0%2C0%2C2160%2C1080&s=8d742f7afc3895a3e3b0d5656e29307c,Advocis Greater Hamilton: International Women's Day 2026,Advocis Greater Hamilton Chapter,An event designed by women for women!,,,Refunds up to 7 days before event,"Oakville Conference & Banquet Centre2515 Wyecroft RoadOakville, ON L6L 6P8 Canada",From $150.86,Mar 5 · 8:30 AM EST
https://www.eventbrite.ca/e/shania-twang-tribute-concert-at-the-shed-tickets-1970617365588?aff=ebdssbdestsearch,https://img.evbuc.com/https%3A%2F%2Fcdn.evbuc.com%2Fimages%2F1170988892%2F690348627453%2F1%2Foriginal.20251114-181720?w=600&auto=format%2Ccompress&q=75&sharp=10&rect=0%2C0%2C2160%2C1080&s=6073fa8cd16f646f2f15e05ab5dcf8d8,SHANIA TWANG Tribute Concert at The SHED,Shawn & Ed Brewing Co,MARCH 6 - Don't miss this awesome celebration of Shania Twain at Shawn & Ed Brewing Co.!,,,Refunds up to 7 days before event,"Shawn & Ed Brewing Company65 Hatt StHamilton, ON L9H 0C1 Canada",CA$25.57,Mar 6 · 8:00 PM EST
https://www.eventbrite.ca/e/19th-annual-mcmaster-wise-conference-shaping-the-future-of-stem-tickets-1975855299389?aff=ebdssbdestsearch,https://img.evbuc.com/https%3A%2F%2Fcdn.evbuc.com%2Fimages%2F1171879242%2F51350037602%2F1%2Foriginal.20251127-155051?w=600&auto=format%2Ccompress&q=75&sharp=10&s=7d782c6af40bb855ebf720d330dfb321,19th  ANNUAL MCMASTER WISE CONFERENCE: Shaping the Future of STEM,McMaster Women In Science and Engineering (WISE),"Join us on March 7, 2026, for the 19th Annual WISE Conference —research, networking & workshops in celebration of International Women's Day!",,,No refunds,"McMaster University1280 Main Street WestHamilton, ON L8S 4L8 Canada",CA$30 – CA$60,Mar 7 · 10:30 AM EST
https://www.eventbrite.ca/e/steve-strongman-march-1-at-the-shed-tickets-1969838692556?aff=ebdssbdestsearch,https://img.evbuc.com/https%3A%2F%2Fcdn.evbuc.com%2Fimages%2F1170897186%2F690348627453%2F1%2Foriginal.20251113-173507?w=600&auto=format%2Ccompress&q=75&sharp=10&rect=0%2C0%2C2160%2C1080&s=1a5c3bb88f13f91af3b1871c0778e046,STEVE STRONGMAN March 1 at The SHED!,Shawn & Ed Brewing Co,MARCH `1! Don't miss JUNO AWARD WINNING musician Steve Strongman at Shawn & Ed Brewing Co.,,,Refunds up to 7 days before event,"Shawn & Ed Brewing Co.65 Hatt StreetHamilton, ON L9H 0C1 Canada",CA$30,Mar 1 · 1:00 PM EST
https://www.eventbrite.ca/e/ancaster-soft-vibes-sparkly-things-holistic-healing-fairtm-tickets-1715913867569?aff=ebdssbdestsearch,https://img.evbuc.com/https%3A%2F%2Fcdn.evbuc.com%2Fimages%2F1172279100%2F335575615405%2F1%2Foriginal.20251204-003612?crop=focalpoint&fit=crop&w=600&auto=format%2Ccompress&q=75&sharp=10&fp-x=0.5&fp-y=0.5&s=293dc6c7915fb98be047f581f4af7f6d,ANCASTER  - SOFT VIBES & SPARKLY THINGS HOLISTIC HEALING FAIR™,Holistic Healing Fair™,"Step into soft vibes, sparkly energy, and all things wellness at the Ancaster Holistic Healing Fair™.",,,Refunds up to 7 days before event,"Ancaster Fairgrounds630 Trinity Road SouthHamilton, ON L0R 1R0 Canada",Free,Mar 1 · 10:00 AM EST
https://www.eventbrite.ca/e/lost-faculty-album-release-show-w-kasador-bbq-pope-tickets-1978174012723?aff=ebdssbdestsearch,https://img.evbuc.com/https%3A%2F%2Fcdn.evbuc.com%2Fimages%2F1173078380%2F1705870505933%2F1%2Foriginal.20251216-185257?w=600&auto=format%2Ccompress&q=75&sharp=10&rect=1%2C1007%2C1996%2C998&s=de4bc28634ab23d59509ffa84cb3c6f7,Lost Faculty Album Release Show w/ Kasador & BBQ Pope,Lost Faculty,Lost Faculty celebrates the release of their debut album in their hometown with Kasador and BBQ Pope at Corktown (Upstairs).,,,Refunds up to 7 days before event,"Corktown Irish Pub, The175 Young StreetHamilton, ON L8N 1V7 Canada",From CA$17.55,Mar 6 · 8:00 PM EST
https://www.eventbrite.ca/e/international-womens-day-dinner-party-2026-tickets-1980127865750?aff=ebdssbdestsearch,https://img.evbuc.com/https%3A%2F%2Fcdn.evbuc.com%2Fimages%2F1174346533%2F1335724716473%2F1%2Foriginal.jpg?w=600&auto=format%2Ccompress&q=75&sharp=10&rect=44%2C22%2C2116%2C1058&s=f497ac92819664f506c3afbb78764a42,International Women's Day Dinner Party 2026,Women of Halton Action Movement,"Join us for our annual IWD Dinner Party, celebrating women.",,,No refunds,"Oakville Conference & Banquet Centre2515 Wyecroft RoadOakville, ON L6L 6P8 Canada",From CA$107.10,Mar 4 · 5:30 PM EST
https://www.eventbrite.com/e/gtfil-greater-toronto-indoor-football-league-tickets-1980097024503?aff=ebdssbdestsearch,,GTFIL - Greater Toronto Indoor Football League,Greater Toronto Indoor Football League,"The GTIFL is the only FullTackle Arena Football League in Canada.  Join us at the Rock Athletic Centre in Oakville, ON online at GTIFL.CA","Category: Sports & Fitness, Football",all agesIn personFree parking,Refunds up to 7 days before event,"Toronto Rock Athletic Centre1132 Invicta DriveOakville, ON L6H 6G1 Canada",,
https://www.eventbrite.ca/e/getting-started-with-vertex-ai-1-day-training-in-burlington-tickets-1979211530968?aff=ebdssbdestsearch,https://img.evbuc.com/https%3A%2F%2Fcdn.evbuc.com%2Fimages%2F1171396639%2F2824010078961%2F1%2Foriginal.20251120-063130?crop=focalpoint&fit=crop&w=600&auto=format%2Ccompress&q=75&sharp=10&fp-x=0.493&fp-y=0.071&s=ede31d69a911870044398ad5036f04e9,Getting Started with Vertex AI: 1 Day Training in Burlington,Catils_inc,"Go from idea to production with Vertex AI—explore model training, ML pipelines, and real-world generative AI applications.Group Discounts:Save 10% when registering 3 or more participantsSave 15% when registering 10 or more participantsDuration: 1 Full Day (9:00 AM – 5:00 PM)
Delivery Mode: Classroom (In-Person)
Language: English
Credits: 8 PDUs / Training Hours
Certification: Course Completion Certificate
Refreshments: Lunch, beverages, and light snacks includedCourse OverviewThis Vertex AI course offers a deep dive into Google's unified platform for building and managing machine learning and generative AI models. You’ll explore the end-to-end ML lifecycle—from data preparation to model deployment—using AutoML and custom training options. Through hands-on projects, real-world examples, and expert guidance, you’ll learn to accelerate AI development with scalable cloud solutions.Learning Objectives
By the end of this course, you will:Understand how to build and manage ML and generative AI models using Vertex AIPrepare and analyze datasets for training AI modelsChoose between AutoML and custom training options confidentlyDeploy production-ready ML systems with MLOps toolsLeverage generative AI to solve business-focused challengesTarget AudienceMachine learning practitionersData scientistsML engineersDevelopersBusiness teamsWhy is it Right Fit for You:Google's Vertex AI consolidates the full lifecycle of machine learning into one intuitive platform—and this course helps you unlock its full potential. Whether you're creating fast prototypes or scaling enterprise-grade AI systems, you’ll gain the hands-on skills and practical insights needed to innovate efficiently. Our instructors provide cloud-native best practices that bridge the gap between development and production, enabling you to build AI solutions that deliver measurable business value.©2025 Catils. This content is protected by copyright law. Copy or Reproduction without permission is prohibited.Looking to empower your whole team with cloud AI skills?We offer in-house training sessions that are fully customizable to your industry, tech stack, and project needs. Want to train your data teams on lifelike generative AI or streamline your MLOps workflow? Let us tailor a hands-on program that accelerates innovation within your organization.📧 Contact us today to schedule a customized in-house, face-to-face session: info@catils.com","Category: Business, Career",ages 18+In personPaid parking,Refunds up to 7 days before event,"Regus ON, Burlington - North Service Road4145 North Service Road#2nd FloorPh No +1 469 666 9332 Burlington, ON L7L 6A3 Canada",,
https://www.eventbrite.ca/e/ai-machine-learning-using-python-1-day-session-in-burlington-tickets-1979509696790?aff=ebdssbdestsearch,https://img.evbuc.com/https%3A%2F%2Fcdn.evbuc.com%2Fimages%2F1171396639%2F2824010078961%2F1%2Foriginal.20251120-063130?crop=focalpoint&fit=crop&w=600&auto=format%2Ccompress&q=75&sharp=10&fp-x=0.493&fp-y=0.071&s=ede31d69a911870044398ad5036f04e9,AI & Machine Learning Using Python: 1 Day Session in Burlington,Catils_inc,"Dive into ML and AI using Python—master supervised and unsupervised learning, model evaluation, and neural network basics in one day.Group Discounts:Save 10% when registering 3 or more participantsSave 15% when registering 10 or more participantsDuration: 1 Full Day (9:00 AM – 5:00 PM)
Delivery Mode: Classroom (In-Person)
Language: English
Credits: 8 PDUs / Training Hours
Certification: Course Completion Certificate
Refreshments: Lunch, beverages, and light snacks includedCourse OverviewThe Machine Learning & AI in Python course empowers you to understand, build, and evaluate predictive models using Python. You will learn the fundamentals of supervised and unsupervised learning, model evaluation metrics, feature engineering, and get a glimpse into neural networks and deep learning. With practical hands-on exercises, this course prepares you to transition from theory to real-world machine learning applications.Learning ObjectivesBy the end of this course, you will:Understand core machine learning concepts and workflowsBuild supervised and unsupervised models using scikit-learnEvaluate model performance using appropriate metricsApply feature engineering techniques to improve predictionsGain basic knowledge of neural networks and deep learningUse Python for real-world AI and ML problem-solvingTarget AudienceData scientists, ML engineers, developers, and advanced Python users.Why is it right fit for you:If you’re looking to take your Python programming skills into the realm of machine learning, this course is ideal. With a strong focus on applied learning and best practices, you’ll build models and analyze datasets that mirror real-world challenges. Our experienced instructors make complex concepts like algorithms and neural networks accessible through hands-on examples. This course helps you build confidence in working with machine learning tools and prepares you for advanced AI workflows.©2025 Catils. This content is protected by copyright law. Copy or Reproduction without permission is prohibited.Looking to enhance your team's AI and machine learning capabilities?We offer tailored in-house training sessions designed to fit your organization’s specific learning needs. Want your developers to build predictive models or enrich your team’s data expertise? Let us customize a course that aligns with your business goals and projects.📧 Contact us today to schedule a customized in-house, face-to-face session: info@catils.com","Category: Business, Career",ages 18+In personPaid parking,Refunds up to 7 days before event,"ON, Burlington - North Service Road4145 North Service Road 2nd FloorPh No +1 469 666 9332 Burlington, ON L7L 6A3 Canada",,
https://www.eventbrite.ca/e/burlington-ontario-st-louis-bar-grill-walkers-line-tickets-1980498333830?aff=ebdssbdestsearch,https://img.evbuc.com/https%3A%2F%2Fcdn.evbuc.com%2Fimages%2F1174778543%2F2065107091803%2F1%2Foriginal.20260113-211222?crop=focalpoint&fit=crop&w=600&auto=format%2Ccompress&q=75&sharp=10&fp-x=1.0&fp-y=0.538&s=bc35ea79d5e37af4c0bc3f8697409535,Burlington Ontario (St. Louis Bar & Grill - Walkers Line),Tremendous Trivia Night Productions Inc.,"Join us at St. Louis Bar & Grill for some Thursday night trivia fun in Burlington!Trivia Thursdays are happening at St. Louis Bar & Grill in Burlington! Battle it out across 6 rounds of General Knowledge and Name That Tune to become the Ultimate Trivia Champion. There will be nightly prizes for top scoring teams.How to enter? Reserve your FREE spot on eventbrite and finalize your reservation using the phone number on the ticket page.It all adds up to a whole lot of fun, so make Trivia Thursdays at St. Louis Bar & Grill an important part of your weekly social calendar!Please check our social media @tremendoustriviaont on Instagram and Tremendous Trivia Ontario on Facebook for the most updated event schedule in the case of any changes.","Category: Film & Media, Gaming",In person,No refunds,"St. Louis Bar & Grill1831 Walkers LineBurlington, ON L7M 0H6 Canada",,
https://www.eventbrite.ca/e/getting-started-with-cad-tools-1-day-workshop-in-burlington-tickets-1979844580436?aff=ebdssbdestsearch,https://img.evbuc.com/https%3A%2F%2Fcdn.evbuc.com%2Fimages%2F1171396639%2F2824010078961%2F1%2Foriginal.20251120-063130?crop=focalpoint&fit=crop&w=600&auto=format%2Ccompress&q=75&sharp=10&fp-x=0.493&fp-y=0.071&s=ede31d69a911870044398ad5036f04e9,Getting Started with CAD Tools: 1 Day Workshop in Burlington,Catils_inc,"Start your design journey—learn to draft, model, and visualize technical designs with industry-standard CAD tools in one day.Group Discounts:Save 10% when registering 3 or more participantsSave 15% when registering 10 or more participantsDuration: 1 Full Day (9:00 AM – 5:00 PM)
Delivery Mode: Classroom (In-Person)
Language: English
Credits: 8 PDUs / Training Hours
Certification: Course Completion Certificate
Refreshments: Lunch, beverages, and light snacks includedCourse OverviewThe CAD Basics course introduces you to the fundamental tools and techniques of computer-aided design (CAD) for creating professional 2D drawings and 3D models. You’ll gain hands-on experience with popular CAD software, enabling you to visualize ideas, draft designs accurately, and communicate technical concepts effectively—an essential skill for engineering, architecture, and product design.Learning ObjectivesBy the end of this course, you will:Understand the fundamental features and workflow of CAD softwareCreate precise 2D engineering drawings using drafting toolsBuild and modify basic 3D models for visualizationApply standard dimensioning and annotation techniquesVisualize designs in multiple views and realistic rendering stylesGain confidence to begin more advanced CAD drafting and modeling workTarget AudienceEngineering students, product designers, and technical professionals.Why is it right fit for you:Whether you're planning a career in engineering, product design, or architecture, strong CAD skills are essential. This course gives you the foundational knowledge you need to begin designing with precision and clarity. Through hands-on training using industry-standard software, you'll learn by doing, guided by experts with real-world experience. Ideal for beginners, it helps you bridge the gap between ideas and executable designs while preparing you for further specialization or on-the-job application.©2025 Catils. This content is protected by copyright law. Copy or Reproduction without permission is prohibited.Want to train your team in CAD for improved design efficiency?We offer fully customizable in-house CAD basics training tailored to your organization’s software preferences, industry use cases, or project focus. Want your team to create accurate digital prototypes and technical drawings more confidently? Let us build the perfect training solution for your design team.📧 Contact us today to schedule a customized in-house, face-to-face session: info@catils.com","Category: Business, Career",ages 18+In personPaid parking,Refunds up to 7 days before event,"ON, Burlington - North Service Road4145 North Service Road 2nd FloorPh No +1 469 666 9332 Burlington, ON L7L 6A3 Canada",,
https://www.eventbrite.ca/e/smart-multitasking-time-control-1-day-session-in-burlington-tickets-1979851633532?aff=ebdssbdestsearch,https://img.evbuc.com/https%3A%2F%2Fcdn.evbuc.com%2Fimages%2F1171396639%2F2824010078961%2F1%2Foriginal.20251120-063130?crop=focalpoint&fit=crop&w=600&auto=format%2Ccompress&q=75&sharp=10&fp-x=0.493&fp-y=0.071&s=ede31d69a911870044398ad5036f04e9,Smart Multitasking & Time Control: 1 Day Session in Burlington,Catils_inc,"Break free from overwhelm—learn the science of effective multitasking and tools to boost productivity and mental clarity.Group Discounts:Save 10% when registering 3 or more participantsSave 15% when registering 10 or more participantsDuration: 1 Full Day (9:00 AM – 5:00 PM)
Delivery Mode: Classroom (In-Person)
Language: English
Credits: 8 PDUs / Training Hours
Certification: Course Completion Certificate
Refreshments: Lunch, beverages, and light snacks includedCourse OverviewThe Master Multitasking course is designed to help you enhance your ability to juggle multiple tasks effectively without compromising quality or focus. Through practical tools and proven techniques, you'll learn how to prioritize, manage distractions, and optimize your workflow for better productivity and reduced stress in today’s fast-paced environments.Learning ObjectivesBy the end of this course, you will:Understand the science behind multitasking and how it impacts performanceApply prioritization techniques to manage time and workload effectivelyUse digital tools to streamline your schedule and reduce overwhelmDevelop strategies to manage distractions and interruptionsBuild a balanced routine that supports focus and productivityEnhance stress management and personal performance habitsTarget AudienceProfessionals, executives, and students managing multiple priorities.Why is it right fit for you:This course is ideal for anyone feeling overwhelmed by competing responsibilities or wishing to maximize productivity. Instead of glorifying multitasking, it teaches how to work smarter through focus, intentional task-switching, and proven techniques for energy and time management. Our expert facilitators provide customized insights, tools, and simulations that reflect real-world work pressures. By mastering multitasking in a healthier way, you’ll improve both performance and well-being.©2025 Catils. This content is protected by copyright law. Copy or Reproduction without permission is prohibited.Does your team struggle to manage growing workloads or shifting priorities?We offer customizable in-house multitasking mastery training tailored to your team’s roles and workplace challenges. Curious how productivity can be boosted across your organization with better focus and planning? Let us design a training experience just for your needs.📧 Contact us today to schedule a customized in-house, face-to-face session: info@catils.com","Category: Business, Career",ages 18+In personPaid parking,Refunds up to 7 days before event,"ON, Burlington - North Service Road4145 North Service Road 2nd FloorPh No +1 469 666 9332 Burlington, ON L7L 6A3 Canada",,
https://www.eventbrite.ca/e/building-emotional-intelligence-skills-1-day-workshop-in-burlington-tickets-1979855303509?aff=ebdssbdestsearch,https://img.evbuc.com/https%3A%2F%2Fcdn.evbuc.com%2Fimages%2F1171396639%2F2824010078961%2F1%2Foriginal.20251120-063130?crop=focalpoint&fit=crop&w=600&auto=format%2Ccompress&q=75&sharp=10&fp-x=0.493&fp-y=0.071&s=ede31d69a911870044398ad5036f04e9,Building Emotional Intelligence Skills: 1 Day Workshop in Burlington,Catils_inc,"Become a more empathetic leader—learn key emotional intelligence skills that enhance teamwork, trust, and workplace culture.Group Discounts:Save 10% when registering 3 or more participantsSave 15% when registering 10 or more participantsDuration: 1 Full Day (9:00 AM – 5:00 PM)
Delivery Mode: Classroom (In-Person)
Language: English
Credits: 8 PDUs / Training Hours
Certification: Course Completion Certificate
Refreshments: Lunch, beverages, and light snacks includedCourse OverviewThe Emotional Intelligence course empowers you to understand, manage, and use emotions effectively — both personally and professionally. Through practical tools and reflective activities, you’ll develop self-awareness, empathy, motivation, and conflict resolution skills that enhance leadership, teamwork, and interpersonal communication.Learning ObjectivesBy the end of this course, you will:Identify and manage your emotional responses effectivelyBuild deeper connections using empathy and active listeningUse EI to inspire and motivate yourself and othersResolve conflicts constructively with emotional insightEnhance your leadership and communication skillsCreate a personal action plan for ongoing EI developmentTarget AudienceManagers, team leaders, HR professionals, and individuals seeking personal growth.Why is it right fit for you:This course is ideal for anyone seeking to accelerate personal and professional growth by mastering emotional intelligence. Through role-play, real scenarios, and self-awareness exercises, you’ll gain insights into emotional patterns and learn strategies to use emotions as leaders instead of letting them control outcomes. The lessons apply across industries, helping you improve teamwork, leadership, and customer relationships. You’ll leave not just with knowledge, but with actionable habits that promote success and well-being in everyday life.©2025 Catils. This content is protected by copyright law. Copy or Reproduction without permission is prohibited.Want to enhance emotional intelligence in your team or organization?We offer customizable in-house EI workshops designed to build stronger collaboration and leadership skills. Curious how emotional intelligence can transform team dynamics and productivity? Let us tailor a session to your organizational needs and culture.📧 Contact us today to schedule a customized in-house, face-to-face session: info@catils.com","Category: Business, Career",ages 18+In personPaid parking,Refunds up to 7 days before event,"ON, Burlington - North Service Road4145 North Service Road 2nd FloorPh No +1 469 666 9332 Burlington, ON L7L 6A3 Canada",,
https://www.eventbrite.ca/e/pizza-making-workshop-hamilton-location-tickets-863373823347?aff=ebdssbdestsearch,https://img.evbuc.com/https%3A%2F%2Fcdn.evbuc.com%2Fimages%2F719998909%2F34771446166%2F1%2Foriginal.20240315-010559?w=600&auto=format%2Ccompress&q=75&sharp=10&rect=0%2C597%2C1504%2C752&s=80640526d9c609f54d18b216823ef7e2,Pizza Making Workshop (Hamilton Location),Chocolate Tales,"Are you ready for a fun-filled culinary adventure? Join us at our Hamilton studio for a delightful Pizza-Making Workshop!In this interactive and hands-on experience, participants will learn the art of crafting delicious pizzas from scratch.Program OutlineDough-Making MasteryToppings Your PizzaBaking To PerfectionPizza Eating TimeSweet Dessert Pizza Making + Take Home PackagingDuration: 2 HoursAge Range: 12+Skill Level: Beginners welcome – no prior cooking experience necessary*All Ingredients Included: We provide all the ingredients, equipment, and guidance needed for a memorable pizza-making experience.What to Bring:
An appetite for learning and making delicious pizza, comfortable clothing (aprons will be provided), your enthusiasm for creating culinary delights**If you require dairy free - please email us and we will accommodate a vegan option for your booking: info@chocolatetales.ca
Click here to watch this workshop in action!","Category: Food & Drink, Food",In person,,"Chocolate Tales - Hamilton Chocolate Making Studio, Classes, Team Building, Birthday Parties430 York BoulevardHamilton, ON L8R 3K8 Canada",,
https://www.eventbrite.ca/e/dynamics-365-foundation-skills-1-day-workshop-in-burlington-on-tickets-1975395512153?aff=ebdssbdestsearch,https://img.evbuc.com/https%3A%2F%2Fcdn.evbuc.com%2Fimages%2F1176440989%2F2824010078961%2F1%2Foriginal.20260202-120020?crop=focalpoint&fit=crop&w=600&auto=format%2Ccompress&q=75&sharp=10&fp-x=0.5&fp-y=0.5&s=f838c7733ce3b331d6eabf18d25051eb,"Dynamics 365 Foundation Skills: 1 Day Workshop in Burlington, ON",Catils_inc,"Understand Dynamics 365’s CRM and ERP power, learn practical navigation, and see how automation strengthens business efficiency.Group Discounts:Save 10% when registering 3 or more participantsSave 15% when registering 10 or more participantsFor more information on venue address, reach out to ""eventbrite@catils.com""Duration: 1 Full Day (9:00 AM – 5:00 PM)
Delivery Mode: Classroom (In-Person)
Language: English
Credits: 8 PDUs / Training Hours
Certification: Course Completion Certificate
Refreshments: Lunch, beverages, and light snacks includedCourse Overview:This one-day foundational course introduces you to Microsoft Dynamics 365, a powerful suite that integrates CRM and ERP capabilities to improve business performance. You will explore essential modules, learn core navigation, understand workflows, and discover how Dynamics 365 enhances customer engagement and operational efficiency. Through practical examples and guided activities, you will gain clarity on how its features support sales, service, operations, and analytics. By the end of the session, you will have a strong baseline understanding to begin using Dynamics 365 confidently in real-world business environments.Learning Objectives:By the end of the course, you will:Understand the structure and purpose of Dynamics 365 CRM and ERP modules.Navigate the platform confidently and use essential features effectively.Manage data, records, and dashboards with clarity.Recognize how automation and workflows improve business processes.Understand the role of integrations and the Power Platform.Apply best practices that support efficient usage and adoption.Strengthen your understanding of how Dynamics 365 supports real business functions.Target Audience:IT professionals, business analysts, CRM/ERP users, and administrators.Why is it the Right Fit for You?This course provides a clear, practical introduction to Dynamics 365, making it ideal for both technical and non-technical professionals. It simplifies the structure of CRM and ERP systems so you can immediately understand how different modules work together. The session includes guided hands-on activities to help reinforce learning and boost user confidence. Whether you are exploring Dynamics 365 for the first time or looking to strengthen your foundational knowledge, the training gives you the clarity needed to use the platform effectively. It prepares you to support business processes, enhance productivity, and make better use of Microsoft’s integrated ecosystem.©2025 Catils. This content is protected by copyright law. Copy or Reproduction without permission is prohibited.Looking to train your team on Dynamics 365?We offer in-house sessions designed to fit your organization’s unique system setup and business processes. The course can be customized to focus on specific modules, workflows, or user roles to maximize relevance. Whether your team is transitioning to Dynamics 365 or looking to improve adoption, our tailored training ensures an efficient and impactful learning experience.📧 Contact us today to schedule a customized in-house, face-to-face session: info@catils.com","Category: Business, Career",ages 18+In personPaid parking,Refunds up to 7 days before event,"North Service Road4145 North Service Road 2nd FloorPh No: +1 469 666 9332 Burlington, ON L7L 6A3 Canada",,
https://www.eventbrite.ca/e/introduction-to-front-end-development-1-day-workshop-in-burlington-tickets-1979373612759?aff=ebdssbdestsearch,https://img.evbuc.com/https%3A%2F%2Fcdn.evbuc.com%2Fimages%2F1171396639%2F2824010078961%2F1%2Foriginal.20251120-063130?crop=focalpoint&fit=crop&w=600&auto=format%2Ccompress&q=75&sharp=10&fp-x=0.493&fp-y=0.071&s=ede31d69a911870044398ad5036f04e9,Introduction to Front-End Development: 1 Day Workshop in Burlington,Catils_inc,"Start your journey in front-end development—write code, design layouts, and craft responsive web experiences from scratch!Group Discounts:Save 10% when registering 3 or more participantsSave 15% when registering 10 or more participantsDuration: 1 Full Day (9:00 AM – 5:00 PM)
Delivery Mode: Classroom (In-Person)
Language: English
Credits: 8 PDUs / Training Hours
Certification: Course Completion Certificate
Refreshments: Lunch, beverages, and light snacks includedCourse OverviewThe Introduction to Front End Development course is designed to help you build visually engaging, responsive, and user-friendly web interfaces. You will get hands-on exposure to HTML, CSS, JavaScript, and an introduction to modern frameworks and tools used in web design. Whether you're a beginner or transitioning into web development, this course lays the perfect foundation to start creating interactive and attractive websites.Learning ObjectivesBy the end of this course, you will:Understand the role of front-end development in website creationBuild structured web pages using HTMLStyle and format content using modern CSS techniquesAdd interactivity using JavaScriptCreate mobile-friendly layouts using responsive designUse Git for version control and project trackingTarget AudienceWeb design learners, beginners in programming, UI/UX enthusiasts.Why is it right fit for you:This course provides a practical and beginner-friendly approach to learning the essentials of front-end development. With a focus on hands-on coding, you'll not only learn the theory but also implement it immediately. Our expert instructors guide you through real-world scenarios, helping you build confidence in designing and coding your own UI layouts. You’ll also gain exposure to best practices that align with current industry trends. Ideal for stepping into web development or enhancing your skills for UI/UX roles.©2025 Catils. This content is protected by copyright law. Copy or Reproduction without permission is prohibited.Looking to train your team in modern front-end development practices?We offer customizable in-house sessions tailored to your organization’s needs. Whether you're introducing your team to web design or preparing them to work with UI frameworks, this course can be adapted to suit your project goals. Curious how we can build your team’s front-end capabilities effectively?📧 Contact us today to schedule a customized in-house, face-to-face session: info@catils.com","Category: Business, Career",ages 18+In personPaid parking,Refunds up to 7 days before event,"Regus ON, Burlington - North Service Road4145 North Service Road#2nd FloorPh No +1 469 666 9332 Burlington, ON L7L 6A3 Canada",,
https://www.eventbrite.ca/e/oakville-leadtribes-in-person-after-5-tickets-1979435238082?aff=ebdssbdestsearch,https://img.evbuc.com/https%3A%2F%2Fcdn.evbuc.com%2Fimages%2F1173785697%2F313346741934%2F1%2Foriginal.20260101-023150?w=600&auto=format%2Ccompress&q=75&sharp=10&rect=1%2C340%2C2398%2C1199&s=a1e4e607153fe40d56322926f629c94f,Oakville LeadTribes In-Person After 5,LeadTribes Networking,"One-hour interactive networking with amazing entrepreneurs. Share your story, ask for business, collaborate, and make real connections.Join us for an interactive networking event with some pretty amazing entrepreneurs for one hour!There will be opportunities to share who you are and what you do and ask for business! There will be collaborations and opportunities to continue networking with us as well!Please come prepared:To provide a confirmed number for the restaurant, we request that you pre-register by 4:30 p.m. the afternoon prior to the meeting date.Bring 30 of your business cards to share.Prepare a 60-sec intro/story/ask about your services and ideal clients. (Ask for the opportunity!)Plan to make some great connections and have fun!Our Mission:We develop the professional and leadership potential of entrepreneurs in Ontario through character, actions, and relationships within a supportive network.Our Values:High EnergySupportiveEffective CommunicationTrustAbundanceCoachableIntegrityLoyaltyAccountabilityPositiveCultureConsistencyDrivenGratitudeRise TogetherREFUND POLICY:If you are unable to attend, please let us know in advance. You will receive credit towards a future event if you notify us before the event.We look forward to meeting you!",,In person,Refunds up to 7 days before event,"The Gingerman Social Eatery416 Kerr StreetOakville, ON L6K 3C1 Canada",,
https://www.eventbrite.ca/e/oakville-leadtribes-in-person-tickets-1979430867008?aff=ebdssbdestsearch,https://img.evbuc.com/https%3A%2F%2Fcdn.evbuc.com%2Fimages%2F1173785442%2F313346741934%2F1%2Foriginal.20260101-022251?w=600&auto=format%2Ccompress&q=75&sharp=10&rect=0%2C300%2C2398%2C1199&s=ae734dd11bd8e5aaa30a525790f5802d,Oakville LeadTribes In-Person,LeadTribes Networking,"A power hour networking event in Oakville for professionals ready to build meaningful connections and grow their networkNetworking is the perfect midday break to connect with new faces, gain insights, and get inspired—alongside some light snacks. Join a vibrant group of trusted entrepreneurs, recharge your mindset, and head back to work energized.
See you at 1:00 PM at 3051 Vega Blvd, Mississauga Ontario, Canada
Please come prepared:To confirm the number for the coworking space, we ask that you pre-register by 4:30 p.m. the day before the event.Bring 30 of your business cards to share.Prepare a 60-sec intro/story/ask about your services and ideal clients. (Ask for the opportunity!)Plan to make some great connections and have fun!Our Mission:We develop the professional and leadership potential of entrepreneurs in Ontario through character, actions, and relationships within a supportive network.Our Values:High EnergySupportiveEffective CommunicationTrustAbundanceCoachableIntegrityLoyaltyAccountabilityPositiveCultureConsistencyDrivenGratitudeRise Together
REFUND POLICY:If you are unable to attend, please let us know in advance. You will receive credit towards a future event if you notify us before the event.We look forward to meeting you!","Category: Business, Sales & Marketing",In person,Refunds up to 7 days before event,"Milestones3051 Vega BoulevardMississauga, ON L5L 5Y3 Canada",,
https://www.eventbrite.ca/e/hamilton-leadtribes-in-person-tickets-1979427470850?aff=ebdssbdestsearch,https://img.evbuc.com/https%3A%2F%2Fcdn.evbuc.com%2Fimages%2F1173785242%2F313346741934%2F1%2Foriginal.20260101-020759?w=600&auto=format%2Ccompress&q=75&sharp=10&rect=1%2C331%2C2398%2C1199&s=02c52f12c656664c3fe1d9ebc63f0946,Hamilton LeadTribes In-Person,LeadTribes Networking,"Networking at Industria Pizzeria + Bar in Stoney Creek over lunch is the perfect chance to meet new faces, gain insights, get inspired, connNetworking at Industria Pizzeria + Bar - Stoney Creek for lunch will be a treat to connect with new faces..gain insight , get inspired, connect with trusted entrepreneurs and then get back to work you will definitely enjoy this vibe ! See you at 12:00pm at 1791 Stone Church Rd E, Stoney Creek, ON L8J 0B4Please come prepared:To provide a confirmed number for the restaurant, we request that you pre-register by 4:30 p.m. the afternoon prior to the meeting date.Bring 30 of your business cards to share.Prepare a 60-sec intro/story/ask about your services and ideal clients. (Ask for the opportunity!)Plan to make some great connections and have fun!Our Mission:We develop the professional and leadership potential of entrepreneurs in Ontario through character, actions, and relationships within a supportive network.Our Values:High EnergySupportiveEffective CommunicationTrustAbundanceCoachableIntegrityLoyaltyAccountabilityPositiveCultureConsistencyDrivenGratitudeRise TogetherREFUND POLICY:If you are unable to attend, please let us know in advance. You will receive credit towards a future event if you notify us before the event.We look forward to meeting you!",,In person,Refunds up to 7 days before event,"Industria Pizzeria + Bar1791 Stone Church Road EastHamilton, ON L8J 0B4 Canada",,
https://www.eventbrite.ca/e/say-cheese-mozzarella-burrata-making-class-tickets-1469404992889?aff=ebdssbdestsearch,https://img.evbuc.com/https%3A%2F%2Fcdn.evbuc.com%2Fimages%2F1067929793%2F34771446166%2F1%2Foriginal.20250707-121209?w=600&auto=format%2Ccompress&q=75&sharp=10&rect=0%2C109%2C1000%2C500&s=9f5671a488c5bdf2c36124786e48bfe6,Say Cheese: Mozzarella & Burrata Making Class,Chocolate Tales,"Hands-On Fresh Cheesemaking WorkshopOverview:Get hands-on with curds and whey in our Mozzarella & Burrata Cheese Making Class—a workshop dedicated to two of the most beloved fresh cheeses. Whether you're a cheese enthusiast, a home cook, or simply curious about how fresh mozzarella and burrata are made, this class is a fun, informative, and delicious experience.What to Expect:You’ll start by making your own mozzarella from scratch using high-quality milk, citric acid, and rennet. You'll stretch, knead, and form your cheese using traditional techniques, and then take it to the next level by turning fresh mozzarella into creamy, decadent burrata.What's includedCheesemaking FoundationsLearn the science behind milk transformation, how to use rennet and citric acid properly, and the key temperatures for curd formation and stretching.Make Your Own Fresh MozzarellaHeat and acidify milkAdd rennet and cut curdsGently stir and heatStretch and form your mozzarella into ballsCreate Burrata from Your MozzarellaUse your hot, pliable mozzarella to form a pouchFill it with a creamy cheese centerLearn to shape and seal it for an elegant finishCheese Tasting & TipsEnjoy your fresh cheese warm, drizzled with olive oil, and crusty breadAdditional Information:All ingredients, tools, and equipment are providedVegetarian-friendly (uses microbial rennet)No experience necessary—perfect for beginnersGuests take home both mozzarella and burrataRecipe cards and resource list includedPrivate bookings available at our Hamilton studio","Category: Food & Drink, Food",ages 12+In personFree parking,No refunds,"Chocolate Tales - Hamilton Chocolate Making Studio, Classes, Team Building, Birthday Parties430 York BoulevardHamilton, ON L8R 3K8 Canada",,
https://www.eventbrite.com/e/little-brushes-big-creations-tickets-1975643341417?aff=ebdssbdestsearch,https://img.evbuc.com/https%3A%2F%2Fcdn.evbuc.com%2Fimages%2F1171751545%2F2984627338239%2F1%2Foriginal.20251125-193833?w=600&auto=format%2Ccompress&q=75&sharp=10&s=229a080b4067f87c77bf56d78f259eea,"Little Brushes, Big Creations!",Butterfly Mum,"Fun kids painting workshop (ages 4–12)! All materials included. Guided art, creativity, and a take-home masterpiece! Let's create art!Join us for a fun and colorful painting workshop designed for kids ages 4–12! No experience needed—just creativity and a smile.
What to Expect:- Step-by-step painting guided by an friendly instructor- All materials provided (paints, brushes...)- Each child takes home their own finished artwork- Relaxed, supportive environment that encourages imagination
Venue Info:📍 1297 marlbourough court, oakville♿ Accessible venue
Things to Know:- Please arrive 5 minutes early- Dress for a mess—art can get fun and colorful!- Parents are welcome to stay or drop off & pick up
Limited spots—book early to secure your child’s seat! Reach out for discounted option. insta:mateel.butterflymum","Category: Hobbies, Drawing & Painting",In person,Refunds up to 5 days before event,"1297 Marlborough Ct1297 Marlborough CourtOakville, ON L6H 2S1 Canada",,
https://www.eventbrite.ca/e/cocktails-tapas-class-tickets-1469349095699?aff=ebdssbdestsearch,https://img.evbuc.com/https%3A%2F%2Fcdn.evbuc.com%2Fimages%2F1067925593%2F34771446166%2F1%2Foriginal.20250707-120407?w=600&auto=format%2Ccompress&q=75&sharp=10&s=805e8443fc63ceb8eab5eb099d59cf7c,Cocktails & Tapas Class,Chocolate Tales,"Hands-on Mixology & Tapas-Making ExperienceOverview:Shake things up with our immersive Cocktails & Tapas Class—a spirited culinary journey where you’ll learn the art of cocktail crafting alongside authentic Spanish-style small plates.Perfect for private events, team-building, or a unique night out, this class combines hands-on learning, bold flavours, and lots of fun.What to Expect:Guests will dive into the rich history of cocktail culture and Spanish tapas while working with professional tools, fresh ingredients, and guided instruction. You'll explore key bar techniques, learn how to create garnishes, and mix up three stunning cocktails—each perfectly paired with a flavourful tapa made from scratch.
What's includedCocktail History & Tapas OriginsGet inspired by the stories behind your drinks and dishes.Garnish & Pre-Mix WorkshopLearn to make elegant garnishes and foundational pre-mixes (simple syrup, sour mix, fruit purées).Mix Three Signature Cocktails:Orchid Martini – Floral, vibrant, and beautifully garnishedChocolate Martini – Rich, velvety, and indulgentMojito – Bright, minty, and perfectly muddledCook Three Classic Tapas Dishes:Patatas Bravas – Crispy potatoes with spicy tomato sauce & garlic aioliChampiñones al Ajillo – Garlic sautéed mushrooms with herbsPan con Tomate – Rustic bread topped with fresh tomato, garlic, and olive oilThroughout the session, you'll alternate between cocktail mixing and tapas-making, tasting and enjoying your creations as you go.Additional Information:All ingredients, tools, and equipment are provided.No prior experience is necessary—just bring your curiosity and appetite.Vegetarian-friendly class.Guests receive recipe cards to recreate the experience at home.Private bookings are available at our Hamilton studio or off-site (travel fees may apply).*All cocktails are served non-alcoholic by default. If you wish to include alcohol in your experience, please get in touch with us in advance so we can arrange a Special Occasion Permit through the AGCO on your behalf.","Category: Food & Drink, Food",ages 19+In personFree parking,No refunds,"Chocolate Tales - Hamilton Chocolate Making Studio, Classes, Team Building, Birthday Parties430 York BoulevardHamilton, ON L8R 3K8 Canada",,
https://www.eventbrite.ca/e/3-day-art-intensive-tickets-1671639923009?aff=ebdssbdestsearch,https://img.evbuc.com/https%3A%2F%2Fcdn.evbuc.com%2Fimages%2F1058646083%2F462833138796%2F1%2Foriginal.20250623-145618?w=600&auto=format%2Ccompress&q=75&sharp=10&rect=300%2C0%2C2100%2C1050&s=4895fe190d3f66a26d2ed2d643580c95,3 Day Art Intensive,studio k2,"Designed for beginners and art-lover alike, this 3 Day retreat into the visual arts will fuel your creative soul!Unleash Your Inner Artist in a 3-Day Creative Adventure! 🎨✨Join me for a hands-on, creativity-packed 3-day art intensive, perfect for beginners and art lovers alike! We’ll explore concept building, sketching, and drawing, then dive into acrylic painting techniques to bring your unique masterpieces to life. Each day is filled with fun, from group activities to immersive workshops, all in a relaxed and inspiring studio setting.Guided by Expressive Abstract artist Karen Klucowicz, this experience is designed to feed your creative soul and spark new artistic adventures. Held in my DyeWorks studio at The Cotton Factory, a dynamic hub for artists, you’ll also enjoy an exclusive Factory tour—meet fellow creatives, soak in the inspiration, and explore current exhibitions.Don't worry - I don't like to disappoint - I run the event even if I only get 1 person registered. One-on-one guidance is guaranteed - group size is limited to 10 participants.LOCATION: My studio is at The Cotton Factory in Hamilton, Ontario. NOTE: There are many entrances to this complex so make sure your gps is directed to the Dyeworks Studio at 9 Landsdowne Avenue! Plenty of street parking and a lot at the back of the Factory [free].October 7-9 2025 or Novemer 4-6 2025 (or both!) 10AM TO 4:30PM DAILY🎨 Hands-on workshops & guided exercises🖌️ Artist talks & creative discussions🏛️ Studio & gallery tours🤝 Networking with fellow artists at The Cotton Factory, Hamilton🖌 All Materials Included – A sketchbook, professional drawing & painting kit, canvases, and one-on-one instruction.☕ Light Refreshments Provided – Coffee, tea, snacks (Lunch on your own - bring one or local food is close by).🚗 Free On-Site Parking
Let’s get creative together! Limited space for an intimate experience — book your easel today! 🖼✨by the way• You can book a private event for groups at a special rate contact k2 directly• Want to gift this for the creative soul in your cirlce? Gift joy. Gift play. Gift a little mess. Contact k2 directly and a gift certificate will be provided for you to present :)contact: karen@studok2.ca","Category: Arts, Fine Art",ages 17+In personFree parking,Refunds up to 7 days before event,"9 Landsdowne Ave9 Landsdowne AveHamilton, ON L8L 3Z4 Canada",,
https://www.eventbrite.ca/e/swiss-truffle-making-class-tickets-1039059694517?aff=ebdssbdestsearch,https://img.evbuc.com/https%3A%2F%2Fcdn.evbuc.com%2Fimages%2F866935849%2F34771446166%2F1%2Foriginal.20241004-180134?w=600&auto=format%2Ccompress&q=75&sharp=10&s=08f8bb8a98738e36bfc070cb8e6b2a41,Swiss Truffle Making Class,Chocolate Tales,"Immerse yourself in the rich world of Swiss chocolate!Immerse yourself in the rich world of Swiss chocolate with our Swiss Truffle Making Class. This one-hour workshop offers a perfect blend of history and hands-on chocolate crafting. Learn about the origins and legacy of Swiss chocolate while mastering the art of making smooth, luxurious ganache. Participants will experience a demo on how to slab ganache and create beautiful chocolate shavings, all before crafting their own decadent Swiss truffles. To top it off, you'll elegantly package your creations, making them perfect for gifting or savoring later.
Program Details:- Explore the history of Swiss chocolate- Watch a demonstration on making ganache for slabbing- Learn to make chocolate shavings- Craft your own Swiss truffles- Package your truffles in elegant packaging to take home
Duration: 60+ minutes","Category: Food & Drink, Beer",In person,No refunds,"Chocolate Tales - Hamilton Chocolate Making Studio430 York BoulevardHamilton, ON L8R 3K8 Canada",,
https://www.eventbrite.ca/e/cbn-oakville-gender-differences-in-benefit-plans-registration-1519922963499?aff=ebdssbdestsearch,https://img.evbuc.com/https%3A%2F%2Fcdn.evbuc.com%2Fimages%2F833251349%2F447504252486%2F1%2Foriginal.20240823-194230?w=600&auto=format%2Ccompress&q=75&sharp=10&rect=0%2C0%2C2160%2C1080&s=24c560e88a204d34482d812bf9fb5d45,CBN Oakville - Gender Differences in Benefit Plans,Connex Health,"CE credits available for Ontario advisors who are licensed.Gender Differences in Benefit Plans: Diagnosis, Treatment and Outcomes
March 5, 2026, 8:00am – 12:00pm Eastern
(8:00am – 8:45am Breakfast and Networking)
There has been a recent focus on women’s health, but there is more to gaps in care than hormone replacement therapies. At this session we’ll explore some common health issues where symptoms, diagnosis and treatments vary between genders, but where differences are not always recognized. Insurers, benefit advisors and plan sponsors should be aware of when symptoms and treatment for a man can be different than for a woman. It is important to take differences into account when designing benefit plans and administering claims, which is not always the case today. Speakers will be announced soon.
Agenda:The ROI of Time in Migraine Treatment: Gender differences in migraines and how timely access to preventative treatments can reclaim time for sponsors and employees.
Diagnosing and Treating Mental Health in Men and Women: While one in three Canadians will experience mental health issues in their lifetime, men are less likely to seek treatment and more likely to die from suicide. Learn how workplaces can be inclusive to the needs of both men and women’s mental health.
Cardiovascular Disease: Women are often undiagnosed or misdiagnosed. Many are unaware that signs and symptoms of a heart attack can differ between men and women. Our industry has an opportunity to educate and treat disease early, before disability or death.
The Golden Secret Behind Neurodiversity: How much do you know about neurodiversity as a workplace asset? With some minor accommodations those on the autism spectrum can provide a competitive edge in the workplace, but only if there is an accurate diagnosis, training and accommodations. Girls are less likely to display their autism symptoms compared to boys and therefore diagnosis can be delayed. This can have severe consequences leading to a heavier caregiver burden. Learn about key attributes of those on the spectrum, workplace accommodations that are easy to make, and the importance of employee training and HR policies.

More from Connex HealthFind a list of all upcoming CBN events and BPHA at Lunch webinars.Find out more about the Benefits and Private Healthcare Associate (BPHA) online, on demand program with up to 35 CE credits. Membership is included with the full BPHA program registration and available for $350* annually for BPHA graduates.Questions on the CBN or for details of our new sponsorship opportunities please contact Denise Balch at denisebalch@connexhc.com or call 905 220 4260.*Plus taxes","Category: Health, Medical",4 hoursIn person,Refunds up to 7 days before event,"Holiday Inn & Suites Oakville @ Bronte2525 Wyecroft RdOakville, ON L6L 6R5 Canada",From CA$56.50,Mar 5 · 8:00 AM EST
https://www.eventbrite.ca/e/illuminating-the-path-to-justice-hamilton-iftar-tickets-1981854459037?aff=ebdssbdestsearch,https://img.evbuc.com/https%3A%2F%2Fcdn.evbuc.com%2Fimages%2F1176054605%2F454384024122%2F1%2Foriginal.20260128-142132?w=600&auto=format%2Ccompress&q=75&sharp=10&rect=0%2C0%2C2160%2C1080&s=b7becefa86f8b1992753b38c9a22cbf8,Illuminating the Path to Justice: HAMILTON Iftar,Muslim Legal Support Centre (MLSC),"Come join us for a powerful evening of unity and community at our Illuminating the Path to Justice Iftar in Hamilton!Illuminating the Path to Justice Iftar: HamiltonJoin us this Ramadan for our Illuminating the Path to Justice—a night of reflection, connection, and unity in support of MLSC’s mission for justice.Event Details:Date: March 3rd, 2026Time: 5:30 PM - 7:30 PMLocation: Karahi Point Stoney Creek, 285 Upper Centennial Pkwy, Hamilton, ON L8J 2V7Your participation goes beyond iftar. Every ticket purchased supports the Muslim Legal Defense Fund (MLDF), offering critical legal help to Muslims facing legal challenges, discrimination, and Islamophobia.Come together with the community, share stories, and enjoy a meal in a welcoming atmosphere—let’s strengthen our bonds this Ramadan.","Category: Community, City & Town",2 hoursIn person,Refunds up to 7 days before event,"Karahi Point Stoney Creek285 Upper Centennial ParkwayHamilton, ON L8J 2V7 Canada",$30 – $200,Mar 3 · 5:30 PM EST
https://www.eventbrite.ca/e/hammer-volleyball-on-monday-nights-tickets-1979655726569?aff=ebdssbdestsearch,https://img.evbuc.com/https%3A%2F%2Fcdn.evbuc.com%2Fimages%2F1173938595%2F2983392481328%2F1%2Foriginal.20260104-134707?w=600&auto=format%2Ccompress&q=75&sharp=10&s=20e2e0fdcfa637c7c5703a9bbfd2516e,Hammer Volleyball on Monday Nights!,Sergio & Barb Di Carlo,"Monday Night Hammer Volleyball. No beginners. High-rec runs, strong ball control, and rally-heavy games.Parking available on both sides. Enter through the front doors. We start on time. If late, please text so we can open the doors (they lock).","Category: Sports & Fitness, Volleyball",all agesIn personFree parking,Refunds up to 1 day before event,"Lincoln Alexander School50 Ravenbury DriveHamilton, ON L8W 2B5 Canada",From CA$12.00Multiple dates,Multiple dates
https://www.eventbrite.ca/e/power-bi-tableau-data-visualisation-basics-1-day-session-in-burlington-tickets-1979964402828?aff=ebdssbdestsearch,https://img.evbuc.com/https%3A%2F%2Fcdn.evbuc.com%2Fimages%2F1171396639%2F2824010078961%2F1%2Foriginal.20251120-063130?crop=focalpoint&fit=crop&w=600&auto=format%2Ccompress&q=75&sharp=10&fp-x=0.493&fp-y=0.071&s=ede31d69a911870044398ad5036f04e9,Power BI & Tableau Data Visualisation Basics: 1 Day Session in Burlington,Catils_inc,"Turn raw data into compelling stories—master Power BI and Tableau to build stunning, interactive dashboards that drive smarter decisions.Group Discounts:Save 10% when registering 3 or more participantsSave 15% when registering 10 or more participantsDuration: 1 Full Day (9:00 AM – 5:00 PM)
Delivery Mode: Classroom (In-Person)
Language: English
Credits: 8 PDUs / Training Hours
Certification: Course Completion Certificate
Refreshments: Lunch, beverages, and light snacks includedCourse OverviewThe Data Visualization (Power BI & Tableau) course enables you to turn complex data into compelling stories and visual dashboards using the most popular visualization tools in the industry. Learn how to import, clean, and visualize data using Power BI and Tableau, while creating dynamic dashboards and reports that support data-informed decision-making.Learning ObjectivesBy the end of this course, you will:Import and transform data in Power BI and TableauBuild interactive visual dashboards aligned with business goalsApply visualization best practices for audience engagementUse calculated fields and DAX formulas where necessaryCreate and share compelling data stories with stakeholdersUnderstand which tool to apply for different analytics scenariosTarget AudienceData analysts, business intelligence professionals, and decision-makers.Why is it right fit for you:This course is ideal for professionals looking to make a greater impact with data-driven storytelling. Whether you're already analyzing data or moving into visual analytics, this hands-on training will help you create dashboards that capture attention and drive strategic conversations. With practical comparison of Power BI and Tableau, you’ll understand the strengths of each tool and leave with the confidence to choose the right platform for your business needs.©2025 Catils. This content is protected by copyright law. Copy or Reproduction without permission is prohibited.Want to enable your team to visualize and communicate insights more effectively?We offer customized in-house data visualization training using the tools your organization uses most. Curious how Power BI or Tableau can transform your reporting culture? Let us design a practical workshop for your data and business needs.📧 Contact us today to schedule a customized in-house, face-to-face session: info@catils.com","Category: Business, Career",ages 18+In personPaid parking,Refunds up to 7 days before event,"ON, Burlington - North Service Road4145 North Service Road 2nd FloorPh No +1 469 666 9332 Burlington, ON L7L 6A3 Canada",From CA$605.73Multiple dates,Multiple dates
https://www.eventbrite.ca/e/applied-python-for-data-science-1-day-workshop-in-burlington-tickets-1979506740949?aff=ebdssbdestsearch,https://img.evbuc.com/https%3A%2F%2Fcdn.evbuc.com%2Fimages%2F1171396639%2F2824010078961%2F1%2Foriginal.20251120-063130?crop=focalpoint&fit=crop&w=600&auto=format%2Ccompress&q=75&sharp=10&fp-x=0.493&fp-y=0.071&s=ede31d69a911870044398ad5036f04e9,Applied Python for Data Science: 1 Day Workshop in Burlington,Catils_inc,"Discover how to turn raw data into insights with Python. Learn to use Pandas, NumPy and Matplotlib in a hands-on, beginner-friendly session.Group Discounts:Save 10% when registering 3 or more participantsSave 15% when registering 10 or more participantsDuration: 1 Full Day (9:00 AM – 5:00 PM)
Delivery Mode: Classroom (In-Person)
Language: English
Credits: 8 PDUs / Training Hours
Certification: Course Completion Certificate
Refreshments: Lunch, beverages, and light snacks includedCourse OverviewThe Python for Data Science course provides the essential skills to analyze, visualize, and interpret data using Python. You’ll learn to use popular libraries like Pandas, NumPy, Matplotlib, and Seaborn to explore datasets and uncover insights. Designed for aspiring data scientists and analysts, this course bridges core programming with data-driven decision-making — empowering you to start your journey in the world of data science.Learning ObjectivesBy the end of this course, you will:Use Python libraries to load, explore, and manipulate dataApply data cleaning techniques to prepare data for analysisCreate visualizations to convey patterns and insightsUnderstand the basics of machine learning workflowsPerform data-driven decision-making with confidenceStart your journey toward becoming a skilled data analyst or scientistTarget AudienceAspiring data scientists, analysts, developers, and students.Why is it right fit for you:This course is designed for anyone ready to explore the world of data science using Python, regardless of prior experience. With expert guidance and real-world datasets, you’ll learn to make sense of data and present your findings visually. Our hands-on approach ensures you don’t just learn theory, but also apply it through practical exercises. Plus, Python is the most popular language in data science — learning it unlocks opportunities in AI, analytics, automation, and more.©2025 Catils. This content is protected by copyright law. Copy or Reproduction without permission is prohibited.Want to build a data-driven culture within your team?We offer customizable in-house Python for Data Science training tailored to your organization's goals and data challenges. Looking to upskill your workforce in data handling and analysis? Let us design a program that fits your needs.📧 Contact us today to schedule a customized in-house, face-to-face session: info@catils.com","Category: Business, Career",ages 18+In personPaid parking,Refunds up to 7 days before event,"ON, Burlington - North Service Road4145 North Service Road 2nd FloorPh No +1 469 666 9332 Burlington, ON L7L 6A3 Canada",From CA$605.73Multiple dates,Multiple dates
https://www.eventbrite.ca/e/mid-life-retirement-planning-essentials-1-day-session-in-burlington-tickets-1979961698740?aff=ebdssbdestsearch,https://img.evbuc.com/https%3A%2F%2Fcdn.evbuc.com%2Fimages%2F1171396639%2F2824010078961%2F1%2Foriginal.20251120-063130?crop=focalpoint&fit=crop&w=600&auto=format%2Ccompress&q=75&sharp=10&fp-x=0.493&fp-y=0.071&s=ede31d69a911870044398ad5036f04e9,Mid-Life Retirement Planning Essentials: 1 Day Session in Burlington,Catils_inc,"Planning for retirement? Learn to build wealth, cut taxes, and protect your future with tools designed for mid-aged professionals.Group Discounts:Save 10% when registering 3 or more participantsSave 15% when registering 10 or more participantsDuration: 1 Full Day (9:00 AM – 5:00 PM)
Delivery Mode: Classroom (In-Person)
Language: English
Credits: 8 PDUs / Training Hours
Certification: Course Completion Certificate
Refreshments: Lunch, beverages, and light snacks includedCourse OverviewThe Retirement Plans for Mid-Aged course is designed to help you strategically plan your financial future and lifestyle stability post-retirement. Learn how to assess retirement goals, build a diversified portfolio, manage risks, and ensure a sustainable income for years to come. This program empowers you to take control of your retirement planning through evidence-based financial strategies and practical tools.Learning ObjectivesBy the end of this course, you will:Calculate your retirement income needs based on lifestyle goalsEvaluate a range of retirement investment instrumentsApply tax-efficient strategies to maximize retirement savingsDesign a sustainable budget and income stream post-retirementManage inflation, risk, and longevity with practical toolsCreate an actionable personalized retirement planTarget AudienceMid-career professionals, managers, and self-employed individuals.Why is it right fit for you:If you’re in the middle of your career and looking to secure your financial future, this course gives you the clarity and confidence you need. We combine financial expertise with actionable tools and real-world insights, helping you build a resilient and flexible retirement strategy. You’ll walk away with a customized plan that aligns your finances with your post-career dreams. Whether you’re aiming for a peaceful retirement, continued income, or legacy planning, this course puts you in control.©2025 Catils. This content is protected by copyright law. Copy or Reproduction without permission is prohibited.Does your organization want to support its employees in securing their financial future?We offer customized in-house retirement planning training to help your team build smarter financial habits and long-term stability. Want to add value to your employee benefits program? Let us tailor a practical retirement-focused financial literacy workshop for your workforce.📧 Contact us today to schedule a customized in-house, face-to-face session: info@catils.com","Category: Business, Career",ages 18+In personPaid parking,Refunds up to 7 days before event,"ON, Burlington - North Service Road4145 North Service Road 2nd FloorPh No +1 469 666 9332 Burlington, ON L7L 6A3 Canada",From CA$605.73Multiple dates,Multiple dates
https://www.eventbrite.ca/e/php-mysql-fundamentals-1-day-workshop-in-burlington-tickets-1979296848154?aff=ebdssbdestsearch,https://img.evbuc.com/https%3A%2F%2Fcdn.evbuc.com%2Fimages%2F1171396639%2F2824010078961%2F1%2Foriginal.20251120-063130?crop=focalpoint&fit=crop&w=600&auto=format%2Ccompress&q=75&sharp=10&fp-x=0.493&fp-y=0.071&s=ede31d69a911870044398ad5036f04e9,PHP & MySQL Fundamentals: 1 Day Workshop in Burlington,Catils_inc,"Join this 1-day workshop to learn PHP and MySQL, and walk away building dynamic, user-driven web apps like a pro developer.Group Discounts:Save 10% when registering 3 or more participantsSave 15% when registering 10 or more participantsDuration: 1 Full Day (9:00 AM – 5:00 PM)
Delivery Mode: Classroom (In-Person)
Language: English
Credits: 8 PDUs / Training Hours
Certification: Course Completion Certificate
Refreshments: Lunch, beverages, and light snacks includedCourse OverviewThe PHP & MySQL course provides a hands-on introduction to developing dynamic, database-driven web applications. You will learn the foundations of PHP programming, how to interact with MySQL databases, and build complete applications from scratch. This course equips you with the skills to handle server-side logic, databases, and user interactions effectively—building a strong foundation for full-stack development.Learning ObjectivesBy the end of the course, you will:Understand how to write PHP scripts for server-side web developmentBe able to build and manage MySQL databasesCreate dynamic websites that interact with usersDevelop basic authentication and data validation systemsIntegrate PHP with MySQL for data-driven web appsTarget AudienceWeb developers, programmers, IT students, and backend development enthusiasts.Why is it right fit for you:This course is designed to take you from basic backend knowledge to confidently developing dynamic, database-connected web applications. We combine strong foundational theory with practical assignments to help you learn by doing. Our trainers are industry professionals with real-world experience in full-stack development. You'll receive structured guidance, real-time feedback, and access to latest coding best practices. Whether you're aspiring to be a full-stack developer or want to improve your backend expertise, this course is the perfect stepping stone.©2025 Catils. This content is protected by copyright law. Copy or Reproduction without permission is prohibited.Want to train your team in PHP & MySQL?We offer in-house training solutions that can be delivered at your location. You can also request customized training content tailored specifically to your development needs or project goals. Looking to level up your in-house development team? We’ve got you covered!📧 Contact us today to schedule a customized in-house, face-to-face session: info@catils.com","Category: Business, Career",ages 18+In personPaid parking,Refunds up to 7 days before event,"Regus ON, Burlington - North Service Road4145 North Service Road#2nd FloorPh No +1 469 666 9332 Burlington, ON L7L 6A3 Canada",From CA$605.73Multiple dates,Multiple dates
https://www.eventbrite.ca/e/burlington-leadtribes-in-person-tickets-1979427000443?aff=ebdssbdestsearch,https://img.evbuc.com/https%3A%2F%2Fcdn.evbuc.com%2Fimages%2F1173784881%2F313346741934%2F1%2Foriginal.20260101-014727?w=600&auto=format%2Ccompress&q=75&sharp=10&rect=0%2C354%2C2398%2C1199&s=4583b8cc1c7c1f1dc4a830944c58be9f,Burlington LeadTribes In-Person,LeadTribes Networking,"Networking Power Hour! Ask for business, meet new faces, and enjoy the best pizza in town at Industria Pizzeria in Burlington. Join us!Truly a networking Power Hour ! You will get to ask for business and connect with new faces while enjoying the best pizza in town, it flys by so be sure to come and join us at Industria Pizzeria 1860 Appleby line , BurlingtonPlease come prepared:To provide a confirmed number for the restaurant, we request that you pre-register by 4:30 p.m. the afternoon prior to the meeting date.Bring 30 of your business cards to share.Prepare a 60-sec intro/story/ask about your services and ideal clients. (Ask for the opportunity!)Plan to make some great connections and have fun!Our Mission:We develop the professional and leadership potential of entrepreneurs in Ontario through character, actions, and relationships within a supportive network.Our Values:Be ResponsibleBe HonestBe PositiveBe SupportiveBe CoachableCommunicate EffectivelyHave Difficult ConversationsRespect OthersUse Common SenseRISE TOGETHERREFUND POLICY:If you are unable to attend, please let us know in advance. You will receive credit towards a future event if you notify us before the event.We look forward to meeting you!",,In person,Refunds up to 7 days before event,"Industria Pizzeria + Bar1860 Appleby LineBurlington, ON L7L 7H7 Canada",From CA$11.98Multiple dates,Multiple dates
https://www.eventbrite.ca/e/burlington-ontario-the-tipsy-fox-tickets-1978920327972?aff=ebdssbdestsearch,https://img.evbuc.com/https%3A%2F%2Fcdn.evbuc.com%2Fimages%2F1173468233%2F2065107091803%2F1%2Foriginal.20251223-191112?crop=focalpoint&fit=crop&w=600&auto=format%2Ccompress&q=75&sharp=10&fp-x=0.5&fp-y=0.5&s=38e36a5b67715b81c4556c51823adcdd,Burlington Ontario (The Tipsy Fox),Tremendous Trivia Night Productions Inc.,"Join us at The Tipsy Fox for some Tuesday night trivia fun in Burlington!Trivia Tuesdays are happening at The Tipsy Fox in Burlington! Battle it out across 6 rounds of General Knowledge and Name That Tune to become the Ultimate Trivia Champion. There will be nightly prizes for top scoring teams.How to enter?  Reserve your FREE spot on eventbrite and finalize your reservation using the link in this description or on the ticket page	  Reservation link: Click HERE!It all adds up to a whole lot of fun, so make Trivia Tuesdays at The Tipsy Fox an important part of your weekly social calendar!Please check our social media @tremendoustriviaont on Instagram and Tremendous Trivia Ontario on Facebook for the most updated event schedule in the case of any changes.","Category: Film & Media, Gaming",In person,No refunds,"The Tipsy Fox Restaurant + Bar1250 Brant StreetBurlington, ON L7P 1X8 Canada",From CA$0.00Multiple dates,Multiple dates
https://www.eventbrite.ca/e/the-soup-bake-experience-tickets-1469492665119?aff=ebdssbdestsearch,https://img.evbuc.com/https%3A%2F%2Fcdn.evbuc.com%2Fimages%2F1067945223%2F34771446166%2F1%2Foriginal.20250707-124107?w=600&auto=format%2Ccompress&q=75&sharp=10&rect=0%2C129%2C1000%2C500&s=1757a733b70fba0c5ba54a7d3cebd126,The Soup & Bake Experience,Chocolate Tales,"Hands-On Soup & Bread Cooking ExperienceHands-On Soup & Bread Cooking Experience
Overview:Slow down and savour the comfort of scratch-made soup and fresh, warm bread in this cozy, seasonal cooking class. Each session features a delicious soup-and-bread pairing inspired by the flavours of the month. Whether it’s Roasted Tomato & Pumpkin Soup with focaccia in summer or Mushroom Barley Soup with bourekitas in winter.
Each class stands fully on its own. Students do not need to attend multiple sessions to learn the fundamentals. Every session includes instruction in the core principles of soup-making, such as the Soup Matrix (the universal building blocks of every soup), the science of texture, flavour balancing, umami layering, and how cultural aromatic bases shape a soup’s identity. Participants leave each class with practical, transferable skills that enhance any soup they make at home.
What's included?Guests work in small groups to prepare a hearty soup and a complementary bread. Instruction includes knife skills, flavour layering, seasoning, and bread-making methods such as kneading, shaping, and proofing. While preparing the monthly menu, students explore foundational soup techniques including texture development, building umami through layered aromatics, micro-adjusting with sweet, salt, acid, fat, heat, and umami, and incorporating resting and fermentation techniques for deeper flavour. After cooking, enjoy a warm sit-down meal or pack it up to take home.
What’s IncludedMake a Seasonal Soup & Bread Pairing
Each session features a thoughtful soup-and-bread pairing aligned with the month’s theme. Although the menu changes monthly, every class includes key foundational lessons in soup-making and bread preparation.
#Winter (December – February)
#December – Mushroom Barley SoupBread Pairing: BourekitasA rustic, earthy winter staple served with savoury, flaky pastries.
#January – Matza Ball SoupBread Pairing: Dinner RollsClassic comfort paired with soft, warm rolls.
#February – Split Pea SoupBread Pairing: FougasseA hearty pea soup balanced by a chewy, aromatic French flatbread.
#Spring (March – May)
#March – Roasted Potato & Leek SoupBread Pairing: SconesA silky potato-and-leek blend served with tender, buttery scones.
#April – Thai Coconut Vegetable Curry SoupBread Pairing: Pita BreadA bright, aromatic coconut curry paired with soft, warm pita.
#May – Italian Bean SoupBread Pairing: FocacciaA rustic, herby Italian soup complemented by olive-oil rich focaccia.
#Summer (June – August)
#June – Roasted Tomato & Pumpkin SoupBread Pairing: FocacciaA vibrant roasted soup matched with herb-topped focaccia.
#July – Corn ChowderBread Pairing: Corn BreadA classic pairing that highlights the sweetness of summer corn.
#August – Moroccan Vegetable SoupBread Pairing: Pita BreadA lightly spiced North African–inspired soup with soft pita for dipping.
#Fall (September – November)
#September – French Onion SoupBread Pairing: FougasseRich caramelized onions paired with a hearty French bread.
#October – Roasted Root Vegetable SoupBread Pairing: SconesEarthy roasted vegetables complemented by warm, lightly sweet scones.
#November – Middle Eastern Lentil SoupBread Pairing: BourekitasA fragrant lentil soup served with savoury, flaky pastries.
#Hands-On Techniques
• Chop, season, and simmer a complete soup from start to finish• Knead, shape, and bake bread appropriate to the monthly menu• Learn timing, texture development, and how to engineer body and richness• Practice umami layering and flavour balancing by the spoon• Develop flavour memory by tasting ingredients in raw and cooked forms• Build confidence in adjusting and correcting soups without relying on recipes
Enjoy a Shared Meal or Take It Home
Enjoy your handmade soup and bread on-site, or use the take-home packaging provided to bring your meal home.
Additional Information:
• All ingredients, tools, and equipment provided• Open to all experience levels• Vegetarian-friendly class• Recipes included for home use• Take-home packaging provided• Held exclusively at our Hamilton studio","Category: Food & Drink, Food",ages 12+In personFree parking,No refunds,"Chocolate Tales - Hamilton Chocolate Making Studio, Classes, Team Building, Birthday Parties430 York BoulevardHamilton, ON L8R 3K8 Canada",From CA$84.75Multiple dates,Multiple dates
https://www.eventbrite.ca/e/corporate-procurement-negotiation-1-day-course-burlington-tickets-1981995878025?aff=ebdssbdestsearch,https://img.evbuc.com/https%3A%2F%2Fcdn.evbuc.com%2Fimages%2F1171396639%2F2824010078961%2F1%2Foriginal.20251120-063130?crop=focalpoint&fit=crop&w=600&auto=format%2Ccompress&q=75&sharp=10&fp-x=0.493&fp-y=0.071&s=ede31d69a911870044398ad5036f04e9,Corporate Procurement Negotiation – 1 Day Course | Burlington,Catils_inc,"Strengthen supplier negotiation skills to secure better terms, manage costs, and build value-driven, long-term procurement partnerships.Group Discounts:Save 10% when registering 3 or more participantsSave 15% when registering 10 or more participantsDuration: 1 Full Day (9:00 AM – 5:00 PM)
Delivery Mode: Classroom (In-Person)
Language: English
Credits: 8 PDUs / Training Hours
Certification: Course Completion Certificate
Refreshments: Lunch, beverages, and light snacks includedCourse OverviewThis workshop equips procurement professionals with the essential negotiation strategies needed to secure better pricing, terms, and value when dealing with suppliers. Participants explore structured approaches to planning, executing, and evaluating negotiation outcomes while understanding supplier motivations, power dynamics, and market conditions.The course emphasizes practical techniques, real negotiation scenarios, and tools that help individuals manage objections, analyze supplier proposals, and build win–win agreements. By the end of the program, participants will be able to lead procurement negotiations confidently, ethically, and strategically to deliver measurable value to their organizations.Learning Objectives• Understand procurement negotiation essentials
• Develop clear negotiation strategies and priorities
• Evaluate supplier proposals more effectively
• Strengthen communication and influence techniques
• Manage objections and price negotiations confidently
• Build collaborative, value-driven supplier relationships
• Apply structured methods to close deals and review outcomesTarget Audience• Procurement officers & specialists
• Buyers and sourcing professionals
• Category managers
• Supply chain teams
• Contract managers & vendor management staff
• Operations and commercial professionals involved in supplier decisionsWhy Choose This Course?This course provides the practical skills needed to negotiate confidently with suppliers and achieve stronger commercial outcomes. Participants gain tools that improve pricing, value, and supplier performance while reducing risks and unnecessary costs. The training strengthens decision-making and enhances procurement strategy across all spending categories.©2026 Catils. This content is protected by copyright law. Copy or Reproduction without permission is prohibited.Want to train your whole procurement team together?
Organizations can request customized in-house workshops tailored to their categories, suppliers, and negotiation challenges. These sessions help standardize negotiation practices, increase cost savings, and build a strategically aligned procurement function. Teams benefit from unified methods, improved collaboration, and stronger supplier relationships.📧 Contact us today to schedule a customized in-house, face-to-face session: info@catils.com","Category: Business, Career",ages 18+In personPaid parking,Refunds up to 7 days before event,"Regus North Service Road4145 North Service Road  #2nd FloorPh No +1 469 666 9332 Burlington, ON L7L 6A3 Canada",From CA$605.73Multiple dates,Multiple dates
https://www.eventbrite.ca/e/oakville-ontario-the-tipsy-fox-tickets-1978922946805?aff=ebdssbdestsearch,https://img.evbuc.com/https%3A%2F%2Fcdn.evbuc.com%2Fimages%2F1173469249%2F2065107091803%2F1%2Foriginal.20251223-192951?crop=focalpoint&fit=crop&w=600&auto=format%2Ccompress&q=75&sharp=10&fp-x=0.5&fp-y=0.5&s=a48a77ac345a0f663a6ee731603d5cf2,Oakville Ontario (The Tipsy Fox),Tremendous Trivia Night Productions Inc.,"Join us at The Tipsy Fox for some Monday night trivia fun in Oakville!Trivia Mondays are happening at The Tipsy Fox in Oakville! Battle it out across 6 rounds of General Knowledge and Name That Tune to become the Ultimate Trivia Champion. There will be nightly prizes for top scoring teams.How to enter? Reserve your FREE spot on eventbrite and finalize your reservation using the phone number on the ticket page.It all adds up to a whole lot of fun, so make Trivia Mondays at The Tipsy Fox an important part of your weekly social calendar!Please check our social media @tremendoustriviaont on Instagram and Tremendous Trivia Ontario on Facebook for the most updated event schedule in the case of any changes.","Category: Film & Media, Gaming",In person,No refunds,"The Tipsy Fox Pub & Grill - Oakville478 Dundas Street West##1 Oakville, ON L6H 6Y3 Canada",From CA$0.00Multiple dates,Multiple dates
https://www.eventbrite.com/e/the-somali-community-in-hamilton-iftar-dinner-tickets-1981499570556?aff=ebdssbdestsearch,,The Somali Community in Hamilton Iftar Dinner,,"Join the Somali community in Hamilton for a shared Iftar during Ramadan. Break fast, connect, and celebrate together.The Somali Community Iftar Dinner will be held at A.C.C.A Banquet Hall, featuring a shared Iftar meal, prayer, and short community speeches. The evening is an opportunity to pray together, connect, and strengthen community bonds in a welcoming, family-friendly space.","Category: Community, City & Town",3 hours 30 minutesIn person,Refunds up to 7 days before event,"754 Barton St E754 Barton Street EastHamilton, ON L8L 3B1 Canada",,
https://www.eventbrite.ca/e/yoga-in-the-greenhouse-with-ri-terra-hamilton-tickets-1977809857525?aff=ebdssbdestsearch,https://img.evbuc.com/https%3A%2F%2Fcdn.evbuc.com%2Fimages%2F1173283375%2F1140760624663%2F1%2Foriginal.20251219-183914?w=600&auto=format%2Ccompress&q=75&sharp=10&rect=0%2C0%2C2160%2C1080&s=9ae1f4417c99188e2e7805b66df951e6,Yoga in the Greenhouse with Ri (TERRA Hamilton),Rianna Reid,"Join us for our 3rd year of Yoga in the Greenhouse with Ri!  All levels, gentle yoga among the fountains and flora of TERRA Hamilton!Bring your mat, water, and optional - if you have them - a blanket and 2 blocks.6 x Yin Yoga January 11 - February 15 (Buy 6 Classes for $100)5 x Slow Flow Yoga February 22 - March 22 (Buy 5 Classes for $80)Buy All 11 Classes for $180 here","Category: Health, Yoga",In person,Refunds up to 2 days before event,"TERRA Greenhouses - Hamilton340 Regional Road 20#RR 1 Hamilton, ON L0R 1P0 Canada",From CA$22.90Multiple dates,Multiple dates
https://www.eventbrite.ca/e/criticalthinkingskills1dayworkshopburlington-tickets-1981991508957?aff=ebdssbdestsearch,https://img.evbuc.com/https%3A%2F%2Fcdn.evbuc.com%2Fimages%2F1176232377%2F2824010078961%2F1%2Foriginal.20260130-041825?crop=focalpoint&fit=crop&w=600&auto=format%2Ccompress&q=75&sharp=10&fp-x=0.915&fp-y=0.175&s=7cd1ecd03eb5cf4b2dedc1e93e370486,CriticalThinkingSkills–1DayWorkshop|Burlington,Catils_inc,"Strengthen your ability to analyze information, question assumptions, and make clear, logical, evidence-based decisions in any professionalGroup Discounts:Save 10% when registering 3 or more participantsSave 15% when registering 10 or more participantsDuration: 1 Full Day (9:00 AM – 5:00 PM)
Delivery Mode: Classroom (In-Person)
Language: English
Credits: 8 PDUs / Training Hours
Certification: Course Completion Certificate
Refreshments: Lunch, beverages, and light snacks includedCourse OverviewThis workshop develops essential critical thinking skills required to evaluate information objectively, identify biases, and make logical, evidence-based decisions. Participants learn how to break down complex problems, assess facts, challenge assumptions, and reason more effectively in both personal and professional contexts.The course uses real-life scenarios, guided exercises, case studies, and interactive discussions to strengthen analytical thinking, decision-making, and problem-solving abilities. By the end of the session, attendees will understand how to apply structured thinking methods that lead to clearer judgment and better outcomes.Learning Objectives• Understand core principles of critical thinking
• Recognize and reduce personal biases
• Strengthen logical reasoning and evidence evaluation
• Identify flawed assumptions and weak arguments
• Apply structured analysis to solve problems
• Make clearer, more rational decisions
• Use critical thinking techniques in real workplace situationsTarget Audience• Professionals in any role or industry
• Managers and team leaders
• Students and early-career professionals
• Customer service and operations teams
• HR, administration, and support staff
• Anyone wanting to improve decision-making and reasoningWhy Choose This Course?This course improves your ability to think clearly, analyze information objectively, and make confident, evidence-based decisions—skills essential in modern workplaces. Participants gain practical tools that enhance judgment, reasoning, and communication. By strengthening clarity and logical thinking, professionals can avoid errors, reduce bias, and make smarter choices under pressure.©2026 Catils. This content is protected by copyright law. Copy or Reproduction without permission is prohibited.Want to train your whole team together?
Organizations can request a customized in-house workshop to strengthen team-wide decision-making, problem-solving, and analytical thinking abilities across all departments. These tailored sessions encourage better collaboration, stronger decision frameworks, and more consistent problem-solving across teams.📧 Contact us today to schedule a customized in-house, face-to-face session: info@catils.com","Category: Business, Career",ages 18+In personPaid parking,Refunds up to 7 days before event,"Regus North Service Road4145 North Service Road  #2nd FloorPh No +1 469 666 9332 Burlington, ON L7L 6A3 Canada",From CA$605.73Multiple dates,Multiple dates
https://www.eventbrite.ca/e/brand-storytelling-essentials-1-day-session-in-burlington-tickets-1978878824835?aff=ebdssbdestsearch,https://img.evbuc.com/https%3A%2F%2Fcdn.evbuc.com%2Fimages%2F1171396639%2F2824010078961%2F1%2Foriginal.20251120-063130?crop=focalpoint&fit=crop&w=600&auto=format%2Ccompress&q=75&sharp=10&fp-x=0.493&fp-y=0.071&s=ede31d69a911870044398ad5036f04e9,Brand Storytelling Essentials: 1 Day Session in Burlington,Catils_inc,"Transform your brand strategy with captivating storytelling and experience design techniques tailored to tourism sector.Group Discounts:Save 10% when registering 3 or more participantsSave 15% when registering 10 or more participantsDuration: 1 Full Day (9:00 AM – 5:00 PM)
Delivery Mode: Classroom (In-Person)
Language: English
Credits: 8 PDUs / Training Hours
Certification: Course Completion Certificate
Refreshments: Lunch, beverages, and light snacks includedCourse OverviewIn today’s competitive market, brand storytelling and experience design are key to creating engaging and memorable experiences for audiences. This workshop will guide you through the principles of effective brand storytelling, the process of designing immersive brand experiences, and how to incorporate these techniques into your marketing strategy. Through real-world case studies and practical activities, you will gain the skills and tools needed to craft authentic brand stories and design compelling experiences that connect with your audience.Learning Objectives
By the end of this course, you will be able to:Understand the key principles of brand storytelling and experience design.Create compelling and authentic brand stories that resonate with your audience.Design immersive, multi-sensory brand experiences that engage customers.Leverage digital platforms to enhance brand storytelling and experience delivery.Measure the impact of your brand storytelling and experience design efforts.Develop an actionable plan to integrate storytelling and experience design into your marketing strategy.Target AudienceThis course is ideal for brand managers, marketing leaders, and professionals working in tourism, events, hospitality, and other customer-focused industries, looking to create meaningful connections with their audience through compelling brand stories and experiences.Why It’s the Right Fit for You:Our workshop offers a hands-on, practical approach to brand storytelling and experience design, tailored to the unique challenges of the tourism and events sectors. With expert-led instruction, real-world case studies, and interactive activities, you will gain actionable skills to enhance your brand’s messaging and create unforgettable customer experiences. Whether you're in hospitality, events, or tourism, our course provides the tools to elevate your brand and stand out in a competitive market.©2025 Catils. This content is protected by copyright law. Copy or Reproduction without permission is prohibited.Looking to bring this training directly to your team?Our in-house option brings Brand Storytelling & Experience Design directly to your team. Delivered on-site, this 1-day workshop can be customized with industry-specific examples, case studies, and strategies that align with your projects. It’s a convenient and cost-effective way to strengthen leadership, improve performance, and foster a culture of innovation—without travel or downtime.📧 Contact us today to schedule a customized in-house, face-to-face session: info@catils.com","Category: Business, Career",ages 18+In personPaid parking,Refunds up to 7 days before event,"Regus ON, Burlington - North Service Road4145 North Service Road#2nd FloorPh No +1 469 666 9332 Burlington, ON L7L 6A3 Canada",From CA$559.16Multiple dates,Multiple dates
https://www.eventbrite.ca/e/google-tag-manager-fundamentals-1-day-session-in-burlington-tickets-1979042132292?aff=ebdssbdestsearch,https://img.evbuc.com/https%3A%2F%2Fcdn.evbuc.com%2Fimages%2F1171396639%2F2824010078961%2F1%2Foriginal.20251120-063130?crop=focalpoint&fit=crop&w=600&auto=format%2Ccompress&q=75&sharp=10&fp-x=0.493&fp-y=0.071&s=ede31d69a911870044398ad5036f04e9,Google Tag Manager Fundamentals: 1 Day Session in Burlington,Catils_inc,"Take full control of your website tracking in just one day with Google Tag Manager. Ideal for marketers, analysts, and business owners!Group Discounts:Save 10% when registering 3 or more participantsSave 15% when registering 10 or more participantsDuration: 1 Full Day (9:00 AM – 5:00 PM)
Delivery Mode: Classroom (In-Person)
Language: English
Credits: 8 PDUs / Training Hours
Certification: Course Completion Certificate
Refreshments: Lunch, beverages, and light snacks includedCourse OverviewThis intensive 1-day Google Tag Manager (GTM) course enables you to streamline your website tag management process without relying heavily on developers. You will learn how to set up and manage tags, triggers, and variables, track user behavior accurately, and deploy marketing and analytics scripts smoothly using GTM. The course emphasizes hands-on learning, empowering you to enhance analytics precision, improve marketing insights, and make real-time optimizations confidently.Learning Objectives
By the end of the course, you will:Become confident in setting up and managing GTM containersBe able to implement tracking tags and events independentlyUnderstand the role of triggers, variables, and the data layerDebug issues and validate tag performance in real timeOptimize tag deployments to support business goals effectivelyTarget AudienceMarketing professionals, web developers, web designers, analysts, product managers, and business ownersWhy is it Right Fit for You:This course is ideal if you’re looking to take control of your website’s analytics and marketing scripts without technical bottlenecks. Our expert instructors simplify complex concepts to make GTM implementation approachable, even if you're not a developer. You’ll experience real-time demonstrations, hands-on practice, and receive practical tips based on real-world scenarios. With small class sizes and interactive sessions, we ensure you're fully supported on your learning journey. Whether you're a marketer or a web analyst, this course equips you with the confidence to make better data-driven decisions.©2025 Catils. This content is protected by copyright law. Copy or Reproduction without permission is prohibited.Need to upskill your entire team in website tracking and analytics?We offer in-house training that can be tailored based on your team’s skill levels, tools, and business goals. Enhance collaboration and accelerate implementation by learning together in a private, focused environment—right where you need it.📧 Contact us today to schedule a customized in-house, face-to-face session: info@catils.com","Category: Business, Career",ages 18+In personPaid parking,Refunds up to 7 days before event,"Regus ON, Burlington - North Service Road4145 North Service Road#2nd FloorPh No +1 469 666 9332 Burlington, ON L7L 6A3 Canada",From CA$605.73Multiple dates,Multiple dates
https://www.eventbrite.ca/e/competitive-intelligence-essentials-1-day-workshop-in-burlington-tickets-1979037852491?aff=ebdssbdestsearch,https://img.evbuc.com/https%3A%2F%2Fcdn.evbuc.com%2Fimages%2F1171396639%2F2824010078961%2F1%2Foriginal.20251120-063130?crop=focalpoint&fit=crop&w=600&auto=format%2Ccompress&q=75&sharp=10&fp-x=0.493&fp-y=0.071&s=ede31d69a911870044398ad5036f04e9,Competitive Intelligence Essentials: 1 Day Workshop in Burlington,Catils_inc,"Dive into digital behaviour analysis and uncover powerful insights that help you design, market, and perform smarter online.Group Discounts:Save 10% when registering 3 or more participantsSave 15% when registering 10 or more participantsDuration: 1 Full Day (9:00 AM – 5:00 PM)
Delivery Mode: Classroom (In-Person)
Language: English
Credits: 8 PDUs / Training Hours
Certification: Course Completion Certificate
Refreshments: Lunch, beverages, and light snacks includedCourse OverviewThe Competitive Intelligence course equips you with the tools and techniques to analyze user behavior, interpret heatmaps, and make data-driven decisions that boost user engagement and conversions. You’ll gain practical experience with tools like Hotjar and Crazy Egg, learn to assess user journeys, and extract meaningful insights to improve your website or app performance. By the end of the session, you’ll be confident in using behavior analytics to strengthen your digital marketing strategy and enhance overall user experience.Learning Objectives
By the end of this course, you will:Understand how to gather and interpret user behavior data effectively.Learn to install, configure, and use top behavior analysis tools.Be able to identify website usability issues through heatmaps.Use behavioral insights to optimize digital marketing campaigns.Develop data-driven strategies to enhance user experience and conversions.Target AudienceDigital marketers, web developers and data analysts, business owners, and entrepreneurs.Why is it Right Fit for You:This course is ideal if you aim to strengthen your understanding of user behavior analytics and make smarter, data-backed marketing decisions. We combine theory with extensive hands-on practice to ensure you can immediately apply what you learn. Our expert trainers have real-world experience in optimizing websites for performance and conversions. You’ll gain not just analytical skills, but also the strategic mindset needed to act on insights effectively. Choosing us ensures that you receive comprehensive, instructor-led training backed by post-course resources and support.©2025 Catils. This content is protected by copyright law. Copy or Reproduction without permission is prohibited.Do you want to upskill your entire team in behavior analytics and competitive intelligence?We offer in-house training programs tailored to your organization’s needs. Our sessions can be customized to align with your team’s roles, digital platforms, and goals. Whether it’s a marketing team or development unit, we’ll adapt our content and activities to match your business context, ensuring maximum value and impact.📧 Contact us today to schedule a customized in-house, face-to-face session: info@catils.com","Category: Business, Career",ages 18+In personPaid parking,Refunds up to 7 days before event,"Regus ON, Burlington - North Service Road4145 North Service Road#2nd FloorPh No +1 469 666 9332 Burlington, ON L7L 6A3 Canada",From CA$605.73Multiple dates,Multiple dates
https://www.eventbrite.ca/e/strategic-finance-risk-mitigation-1-day-session-in-burlington-tickets-1978876450734?aff=ebdssbdestsearch,https://img.evbuc.com/https%3A%2F%2Fcdn.evbuc.com%2Fimages%2F1171396639%2F2824010078961%2F1%2Foriginal.20251120-063130?crop=focalpoint&fit=crop&w=600&auto=format%2Ccompress&q=75&sharp=10&fp-x=0.493&fp-y=0.071&s=ede31d69a911870044398ad5036f04e9,Strategic Finance & Risk Mitigation: 1 Day Session in Burlington,Catils_inc,"Learn to evaluate and manage financial risks to protect assets and improve decision-making in your organization.Group Discounts:Save 10% when registering 3 or more participantsSave 15% when registering 10 or more participantsDuration: 1 Full Day (9:00 AM – 5:00 PM)
Delivery Mode: Classroom (In-Person)
Language: English
Credits: 8 PDUs / Training Hours
Certification: Course Completion Certificate
Refreshments: Lunch, beverages, and light snacks includedCourse OverviewThis workshop is designed for professionals looking to enhance their skills in financial management and risk assessment. You will learn essential strategies such as budgeting, forecasting, and resource allocation, while also focusing on techniques for assessing and managing financial risks. The course offers practical insights through case studies and real-world examples, equipping participants with the tools to make informed decisions that drive business success and improve financial performance.Learning ObjectivesUnderstand the core principles of financial management, including budgeting, forecasting, and resource allocation.Learn how to identify and assess financial risks and implement effective risk management strategies.Gain practical skills in financial decision-making and the use of forecasting tools.Understand and apply risk analysis techniques to manage financial risks.Learn to create tailored risk management plans to protect financial assets and support business growth.Use KPIs and financial metrics to measure success and drive continuous improvement.Target AudienceThis course is specifically designed for financial professionals and risk analysts working in the business, manufacturing, or corporate sectors, particularly those involved in financial planning, risk assessment, and management in growing business environment.Why It’s the Right Fit for You:Our course offers a practical, hands-on approach to financial management and risk assessment, tailored to meet the needs of professionals at all levels. With real-world examples, expert-led instruction, and actionable strategies, you'll gain the skills to make informed decisions and drive organizational success. Whether you're looking to strengthen your financial acumen or enhance your existing expertise, we provide the tools to apply what you learn immediately, ensuring lasting impact on your career and business.©2025 Catils. This content is protected by copyright law. Copy or Reproduction without permission is prohibited.Curious how this workshop can be tailored to your team’s goals?Our in-house training option brings this 1-day workshop directly to your company. The program can be customized to address your specific challenges and business goals, ensuring that the skills you learn are directly applicable to your organization. It’s an efficient way to enhance your team’s financial management and risk assessment capabilities.📧 Contact us today to schedule a customized in-house, face-to-face session: info@catils.com","Category: Business, Career",ages 18+In personPaid parking,Refunds up to 7 days before event,"Regus ON, Burlington - North Service Road4145 North Service Road#2nd FloorPh No +1 469 666 9332 Burlington, ON L7L 6A3 Canada",From CA$559.16Multiple dates,Multiple dates
https://www.eventbrite.ca/e/managingengineeringprojectseffectively1daycourse-burlington-tickets-1981986587236?aff=ebdssbdestsearch,https://img.evbuc.com/https%3A%2F%2Fcdn.evbuc.com%2Fimages%2F1176230069%2F2824010078961%2F1%2Foriginal.20260130-033147?crop=focalpoint&fit=crop&w=600&auto=format%2Ccompress&q=75&sharp=10&fp-x=0.936&fp-y=0.142&s=ce7bf3c430275f118a2223c007a765c3,ManagingEngineeringProjectsEffectively–1DayCourse| Burlington,Catils_inc,"Achieve stronger project outcomes by applying proven engineering management practices that improve planning, execution, and quality controlGroup Discounts:Save 10% when registering 3 or more participantsSave 15% when registering 10 or more participantsDuration: 1 Full Day (9:00 AM – 5:00 PM)
Delivery Mode: Classroom (In-Person)
Language: English
Credits: 8 PDUs / Training Hours
Certification: Course Completion Certificate
Refreshments: Lunch, beverages, and light snacks includedCourse OverviewThis workshop equips engineering and technical professionals with practical project management skills needed to deliver projects on time, within budget, and to quality standards. It covers structured planning, scheduling, cost control, technical requirements, quality assurance, and risk management.You will explore real engineering challenges, learn to manage constraints, coordinate technical teams, and use tools for effective communication and reporting. The session includes industry examples, hands-on exercises, and practical templates.
By the end of the course, attendees will be ready to apply structured methodologies and manage engineering project lifecycles confidently.Learning ObjectivesUnderstand engineering project lifecyclesPlan scope, schedules, and resourcesManage costs and avoid overrunsApply structured risk managementMaintain engineering qualityImprove technical communication & reportingBuild a practical project planTarget AudienceEngineers (all specializations)Technical team leadersEngineering project coordinatorsOperations and maintenance teamsProduction & plant engineersEngineering graduates and early professionalsWhy Choose This Course?This workshop provides tools engineers need to manage projects effectively, handle constraints, and ensure technical accuracy. Participants gain hands-on methods they can apply immediately to real engineering projects.©2026  Catils. This content is protected by copyright law. Copy or Reproduction without permission is prohibited.Want to train your whole team?
Customized in-house sessions are available for engineering companies and industrial organizations. These tailored workshops help teams improve consistency, communication, and project execution standards.📧 Contact us today to schedule a customized in-house, face-to-face session: info@catils.com","Category: Business, Career",ages 18+In personPaid parking,Refunds up to 7 days before event,"Regus North Service Road4145 North Service RoadPh No +1 469 666 9332 Burlington, ON L7L 6A3 Canada",From CA$605.73Multiple dates,Multiple dates
https://www.eventbrite.ca/e/canvaessentialsforsocialmediacreators1daycourseburlington-tickets-1981989913184?aff=ebdssbdestsearch,https://img.evbuc.com/https%3A%2F%2Fcdn.evbuc.com%2Fimages%2F1176231359%2F2824010078961%2F1%2Foriginal.20260130-035447?w=600&auto=format%2Ccompress&q=75&sharp=10&s=617484513861cd6d7323437c4f7cffe2,CanvaEssentialsforSocialMediaCreators–1DayCourse|Burlington,Catils_inc,"Design eye-catching social media graphics using Canva’s easy tools, templates, and beginner-friendly creative techniques.Group Discounts:Save 10% when registering 3 or more participantsSave 15% when registering 10 or more participantsDuration: 1 Full Day (9:00 AM – 5:00 PM)
Delivery Mode: Classroom (In-Person)
Language: English
Credits: 8 PDUs / Training Hours
Certification: Course Completion Certificate
Refreshments: Lunch, beverages, and light snacks includedCourse OverviewThis beginner-friendly workshop introduces participants to the essentials of designing professional and visually appealing social media graphics using Canva. It focuses on easy-to-use tools, templates, color combinations, and layout principles that help anyone create polished content—even with no design background.The course emphasizes hands-on practice, creativity, and real-time design projects to help participants build confidence and quickly apply their new skills. By the end of the workshop, attendees will be able to design branded posts, stories, ads, banners, and promotional visuals suitable for any industry or platform.Learning ObjectivesUnderstand Canva’s interface and essential toolsUse design principles for professional visualsCustomize templates for brand identityCreate platform-specific social media graphicsWork confidently with media, icons, and effectsResize and repurpose content for different platformsExport and publish polished, high-quality designsTarget AudienceSocial media beginnersEntrepreneurs and small business ownersMarketing and communication teamsStudents and freelancersContent creators and influencersAnyone wanting to design without advanced softwareWhy Choose This Course?This workshop helps beginners quickly build professional design skills using Canva’s simple interface. Participants gain practical techniques to create engaging, branded social media content without needing graphic design experience.©2026 Catils. This content is protected by copyright law. Copy or Reproduction without permission is prohibited.Want to train your entire team together?
Organizations can request an in-house version of this course to help staff create consistent, branded, high-quality visual content for marketing, promotions, and communication.📧 Contact us today to schedule a customized in-house, face-to-face session: info@catils.com","Category: Business, Career",ages 18+In personPaid parking,Refunds up to 7 days before event,"Regus North Service Road4145 North Service Road #2nd FloorPh No +1 469 666 9332 Burlington, ON L7L 6A3 Canada",From CA$605.73Multiple dates,Multiple dates
https://www.eventbrite.ca/e/startupsmesleanessentials1dayworkshop-burlington-tickets-1981984638407?aff=ebdssbdestsearch,https://img.evbuc.com/https%3A%2F%2Fcdn.evbuc.com%2Fimages%2F1176229281%2F2824010078961%2F1%2Foriginal.20260130-031624?crop=focalpoint&fit=crop&w=600&auto=format%2Ccompress&q=75&sharp=10&fp-x=0.904&fp-y=0.134&s=976ca7fb93b7dc37d75c579e2746f14f,Startup&SMEsLeanEssentials–1DayWorkshop| Burlington,Catils_inc,"Learn lean tools to help startups and SMEs cut waste, validate ideas faster, streamline operations, and build scalable, efficient processes.Group Discounts:Save 10% when registering 3 or more participantsSave 15% when registering 10 or more participantsDuration: 1 Full Day (9:00 AM – 5:00 PM)
Delivery Mode: Classroom (In-Person)
Language: English
Credits: 8 PDUs / Training Hours
Certification: Course Completion Certificate
Refreshments: Lunch, beverages, and light snacks includedCourse OverviewThis workshop introduces startup founders and SME teams to essential lean principles that enhance efficiency, reduce waste, and optimize operations. Participants learn how to validate ideas quickly, implement fast learning cycles, and build customer-focused products while conserving limited resources.The course highlights real challenges faced by small and growing businesses, including managing cash flow, improving workflows, reducing operational bottlenecks, and avoiding unnecessary costs. Attendees explore how lean thinking supports faster experimentation, informed decision-making, and long-term scalability.Through case studies, hands-on activities, and lean canvas exercises, participants gain practical tools to strengthen business models, improve team productivity, and build systems that support sustainable growth.Learning ObjectivesUnderstand lean principles tailored for startups and SMEsValidate ideas quickly using customer insights and MVPsImprove workflows and reduce waste across operationsUse lean tools to boost productivity and decision-makingManage resources effectively to avoid overspendingBuild scalable processes that support long-term growthDevelop a practical implementation plan for lean adoptionTarget AudienceStartup founders and co-foundersSmall and medium business ownersSME managers and supervisorsEarly-stage entrepreneursOperations and process improvement teamsProduct development teamsStudents aspiring to start businessesWhy Choose This Course?This course equips startups and SMEs with essential lean tools to operate smarter, move faster, and grow sustainably. It helps teams reduce waste, improve workflow efficiency, validate ideas cost-effectively, and build strong customer value. Participants walk away with practical strategies to accelerate growth and optimize limited resources.©2026 Catils. This content is protected by copyright law. Copy or Reproduction without permission is prohibited.Want to train your whole team?
Organizations can request customized in-house training designed specifically for startup and SME environments. These tailored sessions help teams implement lean processes, improve collaboration, and build scalable systems across their business.📧 Contact us today to schedule a customized in-house, face-to-face session: info@catils.com","Category: Business, Career",ages 18+In personPaid parking,Refunds up to 7 days before event,"Regus North Service Road4145 North Service Road #2nd FloorPh No +1 469 666 9332 Burlington, ON L7L 6A3 Canada",From CA$605.73Multiple dates,Multiple dates
https://www.eventbrite.ca/e/kids-art-party-pottery-wheel-clay-painting-hattoteshirtcanvas-tickets-1979644565185?aff=ebdssbdestsearch,https://img.evbuc.com/https%3A%2F%2Fcdn.evbuc.com%2Fimages%2F1173928286%2F82905912235%2F1%2Foriginal.20260104-041225?w=600&auto=format%2Ccompress&q=75&sharp=10&rect=0%2C83%2C1000%2C500&s=f3e832fe63a5b3c412eae5f352fd017e,"Kid's art party-pottery wheel, clay,  painting (hat,tote,shirt,canvas)",Artventures,"10 themes - Barbie, KPOP, Hello Kitty, Mermaid, Axolotl,Narwhal, Puppies, Kitties, Unicorn, Rainbow.Activity choices: oven baked clay, paint a hat, pottery painting, wheel & handbuilding, canvas painting.Get ready for a burst of creativity and fun with our kids art party! Perfect for kids who love to express themselves through colors and imagination, this art-themed celebration promises to be a memorable experience filled with art, and joyous laughter.Party Schedule:Welcome and Introductions:Guests arrive and are greeted by our friendly party host.Brief introduction to the art activities planned.Main Art Activity:Guided art project based on the birthday child's interests (e.g., pottery wheel, painting canvases, oven baked clay, creating clay sculptures).All materials are provided, and kids can take their masterpieces home.Our professional art instructors offer tips and encouragement to ensure every child feels like an artist.Art Showcase:Kids present their artwork to the group in a mini ""art gallery"" setup.Photos with the birthday child and their artwork.Bring Cake and / or Food (Optional-additional charge)Book addional time if you'd like to bring and serve cake or foodExtras:Optional add-ons like standard, or themed decorations to enhance the party experience (additional charge).Customizable art projects to match the birthday theme or child's preferences (additional charge).
Make your child's party a colorful celebration of creativity and joy with our art party. It's a perfect way to let their imagination run wild and create lasting memories with friends!","Category: Hobbies, Anime & Comics",In person,No refunds,"Artventures Oakville Lakeshore/Bronte2359 Lakeshore Road WestOakville, ON L6L 1H4 Canada",,
https://www.eventbrite.ca/e/hammer-volleyball-tickets-1970312469636?aff=ebdssbdestsearch,https://img.evbuc.com/https%3A%2F%2Fcdn.evbuc.com%2Fimages%2F1170963909%2F2983392481328%2F1%2Foriginal.20251114-131502?w=600&auto=format%2Ccompress&q=75&sharp=10&rect=0%2C1104%2C1320%2C660&s=eae1b33d5908d7ba18bf88fac0b9530c,Hammer Volleyball,Sergio & Barb Di Carlo,"Saturday night adult volleyball with competitive rallies, high energy, and a fun, welcoming Hamilton community. No beginners please.Want to end your week with some awesome volleyball? 🌙 We are HAMMER VOLLEYBALL, the Steel City's favorite Saturday night run, and we're looking for a few more players to join the action!
We're all about long rallies, big laughs, and zero drama. This is not hyper-competitive club play—it's high-quality fun where we focus on keeping the ball off the floor and the good times rolling.
✨ Who We're Looking For:
•	Skill Level: High-Recreational to Low-Intermediate.
•	Must Have: The ability to consistently and accurately bump, pass, and volley (B, P, V).
•	Attitude: Positive, supportive, and ready to cheer on the next great save!
📍 The Details:
•	When: Every Saturday Night
•	Where: F.H. Sherman Centre
•	Time: 7:00 PM - .9:30 PM]
Ready to swing with The Hammer? ⬇️
Spaces are limited to ensure a great player rotation every week. Get on the list for our next registration intake:
🔗 Join the Waitlist/WhatsApp Group: 
https://chat.whatsapp.com/LRh2VMlGSAp5kJiTnpsBr1
If you have any questions, feel free to drop us a DM or email us at [thehammervb@gmail.com]","Category: Sports & Fitness, Volleyball",all agesIn personFree parking,Refunds up to 7 days before event,"388 First Rd E388 First Road EastHamilton, ON L8J 2X3 Canada",,
https://www.eventbrite.com/e/hands-on-beginner-photography-workshop-mississauga-on-tickets-1355402678899?aff=ebdssbdestsearch,https://img.evbuc.com/https%3A%2F%2Fcdn.evbuc.com%2Fimages%2F1023725773%2F2077679396173%2F1%2Foriginal.20250505-200224?crop=focalpoint&fit=crop&w=600&auto=format%2Ccompress&q=75&sharp=10&fp-x=0.384374589631&fp-y=0.511930122375&s=c24c3f1d8b49134d1d30e3eb06f524f5,"Hands-On Beginner Photography Workshop - Mississauga, ON",Learn Photography Canada,"Join us for a fun and interactive workshop where you'll learn the basics of photography hands-on!Welcome to the Hands-On Beginner Photography Workshop! Join us at the Royal Botanical Gardens for a fun-filled day of learning how to capture stunning images. Whether you're new to photography or just looking to improve your skills, this workshop is perfect for you. Our experienced instructors will guide you through the basics of camera settings, composition, and lighting. Get ready to unleash your creativity and take your photography to the next level! Don't miss out on this exciting opportunity to kickstart your photography journey. See you there!Want to learn more? Check out our website: Coaching That Clicks | Learn Photography Canada","Category: Hobbies, Photography",all agesIn personPaid parking,Refunds up to 7 days before event,"Royal Botanical Gardens Canada680 Plains Road WestBurlington, ON L7T 4H4 Canada",,
https://www.eventbrite.ca/e/beginner-freecad-for-3d-printing-creating-your-own-printable-3d-models-fro-tickets-1980841940567?aff=ebdssbdestsearch,https://img.evbuc.com/https%3A%2F%2Fcdn.evbuc.com%2Fimages%2F1175213997%2F210211004292%2F1%2Foriginal.20260119-042646?w=600&auto=format%2Ccompress&q=75&sharp=10&rect=0%2C244%2C1616%2C808&s=ad11bd23aad3ba55ea39096fd0f74640,Beginner FreeCAD for 3D Printing: Creating Your Own Printable 3D Models fro,Art Aggregate,"A 4-session intro to FreeCAD: learn 2D sketching, 3D modeling, and create your own 3D printable designs.Embark on a 4-session journey to develop a strong foundation in 3D modeling essentials using FreeCAD. We’ll begin with 2D sketching, then progress to transforming sketches into 3D solid models using the Part Design workbench. As you advance, apply more sophisticated operations to craft more complex models. The course concludes with multi-body modeling, empowering you to create practical, printable designs. Upon completion, you'll possess the expertise to generate 3D printable models in FreeCAD. This foundational course equips learners with crucial FreeCAD skills, serving as a springboard for self-directed learning and continued growth in 3D modeling. Each session will begin with a lecture portion to explain the concepts and tools, followed by in-class exercises intended to give students an opportunity to practice the material with the instructor available for assistance as needed.","Category: Science & Tech, Science",all agesIn personFree parking,Refunds up to 7 days before event,"Art Aggregate637 Parkdale Avenue NorthHamilton, ON L8H 5Z1 Canada",,
https://www.eventbrite.ca/e/nrp-refresher-course-for-mch-nicu-team-mar-04-am-tickets-1976218899928?aff=ebdssbdestsearch,https://img.evbuc.com/https%3A%2F%2Fcdn.evbuc.com%2Fimages%2F810895629%2F71276329041%2F1%2Foriginal.20240719-143333?w=600&auto=format%2Ccompress&q=75&sharp=10&rect=0%2C7%2C598%2C299&s=cb2a98a257351059db342654a7feef58,NRP Refresher Course for MCH NICU Team - MAR 04 (AM),McMaster Children's Hospital Simulation & Outreach,"This NRP Refresher course is an educational activity ONLY for McMaster Children's Hospital's Neonatal Intensive Care Unit HCP.McMaster Childrens Hospital NICU - NRP Refresher CourseThis NRP Refresher course is an educational activity ONLY for McMaster Children's Hospital's Neonatal Intensive Care Unit HCP.Required MaterialsThe course tuition does not include the textbook or the online exam fee.Please use the following links to purchase materials and to access the online exam:CPS NPR https://cps.ca/en/nrp-prnCPS NRP Advanced Online exam https://cps.ca/en/nrp-prn/online-examinationCPS NRP Manual NRP textbookPre RequisitesCurrent member of the NICU team at McMaster Children's HospitalPre-read the NRP textbook.Complete the online NRP exam within 30 days of the in-person course.Hold a valid NRP Advanced Course completion Certificate. If your certificate expired, you CAN NOT take the NRP-NICU course and need to take a NRP Advanced Provider courseBring a Paper Copy of your NRP Online Exam Certificate of Completion during course check-inSiROC Cancellation PolicyThe SiROC Cancellation Policy applies to this course. Requests for transfer, substitution, or refund will be assessed on a case-by-case basis. Please provide any documentation to support your request.Course Transfer:If you cannot attend the course, you may substitute your registration to a colleague at no additional charge. Please email outreach@hhsc.ca with your name and the name of the colleague who will be taking the course in your place. Your replacement must meet the prerequisites for the course.To transfer to an alternate course date, please email outreach@hhsc.ca with the date of the course you wish to transfer into. You may transfer your registration to an alternate date up to one week before the start date of the course you are transferring out of.Only substitutions will be granted less than one week prior to the course start date.Course Refund:Refund requests will be assessed on a case-by-case basis and depend on the date of the request. Please use the Eventbrite registration system to request a course refund. You can manage your registration at www.eventbrite.ca/mytickets.Please note that a registration processing fee was paid to Eventbrite and is subject to their refund policy. The following refund policy applies:- More than 3 weeks before the course start date = 100% of tuition will be refunded.- Between 2-3 weeks before the course start date = 75% of tuition will be refunded.- Between 1-2 weeks before the course start date = 50% of tuition will be refunded.- Within one week of the course start date = No refund. If you cannot attend the course, you may substitute your registration to a colleague at no additional charge.No refunds will be given for ""no-shows.""SiROC reserves the right to cancel or reschedule the course due to unforeseen circumstances. If this happens, you will be rescheduled to the next available session and given the option to choose from future classes if the rescheduled date does not work for you. No refunds will be issued.","Category: Health, Medical",4 hoursIn person,Refunds up to 7 days before event,"McMaster Children's Hospital - Hamilton Health Sciences1200 Main Street WestHamilton, ON L8N 3Z5 Canada",CA$230.31,Mar 4 · 8:00 AM EST
https://www.eventbrite.ca/e/folias-duo-flute-classical-guitar-concert-in-hamilton-on-tickets-1977301073739?aff=ebdssbdestsearch,https://img.evbuc.com/https%3A%2F%2Fcdn.evbuc.com%2Fimages%2F1172538420%2F2550797666421%2F1%2Foriginal.20251208-172655?w=600&auto=format%2Ccompress&q=75&sharp=10&rect=0%2C1000%2C6048%2C3024&s=eda226e964c2222d89079d7dd154d5b3,"Folias Duo - Flute & Classical Guitar Concert (in Hamilton, ON)",Niagara Classics Concert Series,"A performance of original compositions by Folias Duo, comprised of flautist Carmen Maret & Guitarist Andrew Bergeron.Show: 7:00-8:30 p.m.Doors: 6:30 p.m.Tickets: Pay What You Can (Suggested $30 Donation/person)This facility is wheelchair accessible.https://www.foliasmusic.com/Instagram: @foliasduoFacebook: @foliasduoQuestions - contact: niagaraclassics@gmail.comInstagram: @classicsniagarahttps://sites.google.com/view/classicsniagara""Theirs is a music that transcends genre and that ultimately brands itself as Folias Duo music, full stop."" –Textura on Heartdance 2023Folias Duo is a trailblazing composer–performer ensemble for flute and guitar, known for blending classical music with jazz, world music, and improvisation. Founded by flutist Carmen Maret and guitarist Andrew Bergeron, the duo has developed a singular artistic voice through two decades of collaboration, live performance, and original composition.Based in Grand Rapids, Michigan, Folias Duo has independently booked and performed over 700 concerts across the U.S., South America, and Europe. Their performances span a wide range of venues—from chamber music series and libraries to art galleries, house concerts, and guitar societies. During the pandemic, they produced 40 livestream broadcasts, continuing their creative output when many ensembles paused.Their discography includes eight albums, with the most recent—Heartdance—described by Fanfare Magazine as ""a life-enhancing experience."" Earlier recordings, produced by Latin Grammy-nominated Sergei Kvitko for Blue Griffin Records, were followed by three albums on their own Folias Music label, recorded at Sono Luminus Studios with Grammy-winning engineer Daniel Shores and producer Dan Merceruio.Maret and Bergeron have composed and recorded over 70 original works for flute and guitar—more than any duo of their kind worldwide. Their instrumentation includes C flute, alto flute, bass flute, piccolo, and tambin, paired with nylon-string guitar, creating a richly expressive and distinctive sound palette. They have also collaborated with string quartets, orchestras, and folk ensembles. Bergeron's broader works include a symphony, a guitar concerto, and a forthcoming flute concerto premiering in November 2025.As dedicated educators, they co-direct the Folias Music School and serve on the faculty at Aquinas College and Grand Rapids Community College. Maret recently completed a one-year appointment at the Indiana University Jacobs School of Music. She holds a Bachelor of Music from the University of Missouri–Kansas City Conservatory and a Master of Music from Michigan State University. Bergeron holds a Bachelor of Arts from Grand Valley State University and a Master of Music from Michigan State University.Folias Duo's artistry is deeply tied to their way of life. Their touring philosophy embraces intentional, small-venue performances and a sustainable, self-directed model grounded in camping, cooking, and DIY production—a holistic, independent artistic ecosystem dedicated to craftsmanship, community, and the natural world.","Category: Music, Classical",1 hour 30 minutesIn person,Refunds up to 1 day before event,"St. John the Evangelist320 Charlton Avenue WestHamilton, ON L8P 2E7 Canada",Donation,Mar 6 · 7:00 PM EST
https://www.eventbrite.ca/e/neonatal-resuscitation-program-nrp-advanced-provider-mar-03-tickets-1976904715220?aff=ebdssbdestsearch,https://img.evbuc.com/https%3A%2F%2Fcdn.evbuc.com%2Fimages%2F1171276229%2F71276329041%2F1%2Foriginal.20251118-204717?w=600&auto=format%2Ccompress&q=75&sharp=10&rect=0%2C0%2C554%2C277&s=f84218a3ccf648fafca59edccc3855de,Neonatal Resuscitation Program (NRP)  Advanced Provider - MAR 03,McMaster Children's Hospital Simulation & Outreach,"Neonatal Resuscitation Program (NRP)  Advanced ProviderNeonatal Resuscitation Program (NRP) Advanced ProviderThis in-person event will cover advanced techniques and protocols for saving newborn lives.This Class is intended for all Licensed Healthcare professionals (medical/nursing/paramedic students, residents) with limited medical experience with children or students enrolled in their final year of an accredited educational program to become a recognized health professional.Required MaterialsThe course tuition does not include the textbook or the online exam fee.Please use the following links to purchase materials and to access the online exam:CPS NPR https://cps.ca/en/nrp-prnCPS NRP Advanced Online exam https://cps.ca/en/nrp-prn/online-examinationCPS NRP Manual NRP textbookPre RequisitesPre-read the NRP textbook.Complete the online NRP exam within 30 days of the in-person course.Bring a Paper Copy of your NRP Online Exam Certificate of Completion during course check-inSiROC Cancellation PolicyThe SiROC Cancellation Policy applies to this course. Requests for transfer, substitution, or refund will be assessed on a case-by-case basis. Please provide any documentation to support your request.Course Transfer :If you cannot attend the course, you may substitute your registration to a colleague at no additional charge. Please email outreach@hhsc.ca with your name and the name of the colleague who will be taking the course in your place. Your replacement must meet the prerequisites for the course.To transfer to an alternate course date, please email outreach@hhsc.ca with the date of the course you wish to transfer into. You may transfer your registration to an alternate date up to one week before the start date of the course you are transferring out of.Only substitutions will be granted less than one week prior to the course start date.Course Refund:Refund requests will be assessed on a case-by-case basis and depend on the date of the request. Please use the Eventbrite registration system to request a course refund. You can manage your registration at www.eventbrite.ca/mytickets.Please note that a registration processing fee was paid to Eventbrite and is subject to their refund policy. The following refund policy applies:- More than 3 weeks before the course start date = 100% of tuition will be refunded.- Between 2-3 weeks before the course start date = 75% of tuition will be refunded.- Between 1-2 weeks before the course start date = 50% of tuition will be refunded.- Within one week of the course start date = No refund. If you cannot attend the course, you may substitute your registration to a colleague at no additional charge.No refunds will be given for ""no-shows.""SiROC reserves the right to cancel or reschedule the course due to unforeseen circumstances. If this happens, you will be rescheduled to the next available session and given the option to choose from future classes if the rescheduled date does not work for you. No refunds will be issued.","Category: Health, Medical",8 hoursIn person,Refunds up to 7 days before event,"McMaster Children's Hospital - Hamilton Health Sciences1200 Main Street WestHamilton, ON L8N 3Z5 Canada",From CA$266.52,Mar 3 · 8:30 AM EST
https://www.eventbrite.ca/e/heartsaver-cpr-aed-level-c-mar-04-am-tickets-1976898974048?aff=ebdssbdestsearch,https://img.evbuc.com/https%3A%2F%2Fcdn.evbuc.com%2Fimages%2F806051819%2F71276329041%2F1%2Foriginal.20240711-163614?w=600&auto=format%2Ccompress&q=75&sharp=10&rect=75%2C0%2C1500%2C750&s=e0df6a29e975b97eb8ce4b5d9023e81d,Heartsaver® CPR AED - Level C - MAR  04 AM,McMaster Children's Hospital Simulation & Outreach,"Heartsaver® CPR AED - Level C Training  (which focus on adults, children and infants)The Heartsaver® CPR AED – Level C courses offer aims to equip you with the knowledge and practical skills to be able to perform cardiopulmonary resuscitation (CPR) and use an automated external defibrillator (AED) on an adult, child and infant experiencing a cardiac arrest in a safe, timely and effective manner. During this course you will  gain the confidence and ability to perform critical life-saving skills.Heartsaver® students come from an array of professions, backgrounds and interests that include:Healthcare and allied health professionals (such as personal support workers/healthcare aides, medical technicians, dentists, dental hygienists, dietitians, physiotherapists, occupational therapists, and medical/dental office assistants)Non-healthcare professionals (such as security guards, early childhood educators, personal trainers and fitness instructors)Volunteers (involved with churches, libraries, community centres/events, clubs, caretaking and more)General public (who have an interest in developing CPR and AED life-saving skills)Materials:(1) Course manual, Not included in course fee.The Manual is available for purchase from Heart and Stroke Foundation Websitehttps://hsf.gilmoreglobal.com/en/category/778d83ab-a3a7-4fc6-82aa-8b3c4daf71feSiROC Cancellation PolicyThe SiROC Cancellation Policy applies to this course. Requests for transfer, substitution, or refund will be assessed on a case-by-case basis. Please provide any documentation to support your request.Course Transfer:If you cannot attend the course, you may substitute your registration to a colleague at no additional charge. Please email outreach@hhsc.ca with your name and the name of the colleague who will be taking the course in your place. Your replacement must meet the prerequisites for the course.To transfer to an alternate course date, please email outreach@hhsc.ca with the date of the course you wish to transfer into. You may tranfer your registration to an alternate date up to one week before the start date of the course you are transfering out of.Only substitutions will be granted less than one week prior to the course start date.Course Refund:Refund requests will be assessed on a case-by-case basis and depend on the date of the request. Please use the Eventbrite registration system to request a course refund. You can manage your registration at www.eventbrite.ca/mytickets.Please note that a registration processing fee was paid to Eventbrite and is subject to their refund policy. The following refund policy applies:- More than 3 weeks before the course start date = 100% of tuition will be refunded.- Between 2-3 weeks before the course start date = 75% of tuition will be refunded.- Between 1-2 weeks before the course start date = 50% of tuition will be refunded.- Within one week of the course start date = No refund. If you cannot attend the course, you may transfer your registration to a colleague at no additional charge.No refunds will be given for ""no-shows.""SiROC reserves the right to cancel or reschedule the course due to unforeseen circumstances. If this happens, you will be rescheduled to the next available session and given the option to choose from future classes if the rescheduled date does not work for you. No refunds will be issued.","Category: Health, Medical",4 hoursIn person,Refunds up to 7 days before event,"McMaster Children's Hospital - Hamilton Health Sciences1200 Main Street WestHamilton, ON L8N 3Z5 Canada",From CA$81.21,Mar 4 · 8:00 AM EST
https://www.eventbrite.com/e/family-paint-party-tickets-1981236575932?aff=ebdssbdestsearch,https://img.evbuc.com/https%3A%2F%2Fcdn.evbuc.com%2Fimages%2F1175469522%2F292898063203%2F1%2Foriginal.20260121-180829?w=600&auto=format%2Ccompress&q=75&sharp=10&rect=0%2C0%2C900%2C450&s=0a900b0035e91d0ae3fe17a6857508c5,Family Paint Party,Paintnite.com,"Paint Nite -- Families and All Ages (10364344)Join us for a fun and creative afternoon at Monaghan's Sports Pub & Grill in Oakville! Local artist Maia  will guide you where you'll create your very own Monet inspired masterpiece! No experience needed, as Maia Lee-Thomas will provide all the materials and instruction needed to unleash your creativity. While you paint, enjoy delicious food and drinks from Monaghan's menu, and mingle with friends old and new. Great activity for a families, girls' night out, date night, or even a solo adventure. Don't miss out on this unique and exciting Paint Nite experience at Monaghan's! (10364344)Age: Teens and up","Category: Family & Education, Other",2 hoursIn person,Refunds up to 7 days before event,"Monaghan's Sports Pub & Grill - Oakville2489 Marlborough CourtOakville, ON L6H 2R9 Canada",CA$47.08,Mar 7 · 4:00 PM EST
https://www.eventbrite.com/e/family-paint-party-tickets-1981243849688?aff=ebdssbdestsearch,https://img.evbuc.com/https%3A%2F%2Fcdn.evbuc.com%2Fimages%2F1175476433%2F292898063203%2F1%2Foriginal.20260121-190931?w=600&auto=format%2Ccompress&q=75&sharp=10&rect=0%2C0%2C1000%2C500&s=8c127d6da6927710ed8cd01f68443918,Family Paint Party,Paintnite.com,"Paint Nite -- Families and All Ages (10364383)Come join us for an unforgettable night of creativity and fun at Ultimate Laser Tag in Mississauga! We're thrilled to have local artist Andrew Wilk leading our Paint Nite event where you'll unleash your inner creativity and create a moonlit masterpiece. With the immersive environment of laser tag as our backdrop, get ready to skyrocket your imagination and paint your heart out with friends old and new. No experience necessary – Andrew will guide you step by step, all while enjoying delicious food and drinks from the venue. So grab your tickets now and come get your paint on with us at Ultimate Laser Tag! (10364383)Age: Teens and up","Category: Family & Education, Other",2 hoursIn person,Refunds up to 7 days before event,"Ultimate Laser Tag4020B Sladeview Cres.Mississauga, ON L5L6B1 Canada",CA$47.08,Mar 1 · 7:00 PM EST
https://www.eventbrite.com/e/paint-nite-brand-creative-events-tickets-1981243173666?aff=ebdssbdestsearch,https://img.evbuc.com/https%3A%2F%2Fcdn.evbuc.com%2Fimages%2F1175476011%2F292898063203%2F1%2Foriginal.20260121-190554?w=600&auto=format%2Ccompress&q=75&sharp=10&rect=0%2C0%2C1000%2C500&s=7ede08b0aef6b25ce398b46ed6a229eb,Paint Nite Brand Creative Events,Paintnite.com,"Paint Nite Brand Creative Events (10364373)Get ready to unleash your creativity at Boston Pizza in Burlington! Join us for a fun-filled Paint Nite event with Andrew Wilk where you'll learn how to create a serene camping scene while sipping on your favourite drinks. With Andrew's expert guidance and all the necessary supplies provided, you'll be amazed at the brilliant starry scene you create, even if you have no artistic experience. So grab your friends and come enjoy a night of painting, laughter, and delicious food at Boston Pizza. Don't miss out on this unique and entertaining event! (10364373)Age: Legal Drinking Age","Category: Hobbies, Drawing & Painting",2 hoursIn person,Refunds up to 7 days before event,"Boston Pizza Burlington South3210 South Service RoadBurlington, ON L7N 3J3 Canada",CA$47.08,Mar 1 · 2:00 PM EST
https://www.eventbrite.ca/e/cup-cake-decorating-class-tickets-1978897079435?aff=ebdssbdestsearch,https://img.evbuc.com/https%3A%2F%2Fcdn.evbuc.com%2Fimages%2F1173455780%2F34771446166%2F1%2Foriginal.20251223-154615?w=600&auto=format%2Ccompress&q=75&sharp=10&rect=0%2C245%2C680%2C340&s=492148fb01324b670a39b858c1a34652,Cup Cake Decorating Class,Chocolate Tales,"A fun, hands-on cupcake decorating class!Unleash your creativity in this fun and interactive Cupcake Decorating Class! Perfect for beginners and enthusiasts alike, this 2+ hour session will guide you through making & colouring decadent icing and decorating beautiful cupcakes while exploring essential techniques.What's includedA Brief History of Cakes and CupcakesDiscover the origins of cupcakes and their sweet journey through time.Cupcake Baking BasicsAmerican Buttercream Mastery.Make silky American buttercream from scratch.Explore how to colour buttercream for vibrant designs.Icing and Decorating TechniquesLearn how to hold piping bags correctly, including proper pressure application.Understand the use piping tips and icing bags.Fill piping bags efficiently, including tips for multi-colored designs.Master a variety of piping tips to create stunning flower designs such as drop flowers, rosettes, ribbon roses, hydrangeas, daisies, sunflowers, and leaves.Creating a Cupcake “Bouquet”Watch a demonstration on arranging cupcakes into a stunning bouquet – a perfect option when you're short on time but still want a show-stopping presentation.By the end of this class, you’ll have beautifully decorated cupcakes to take home and the confidence to recreate them for any occasion. Join us for this sweet adventure and take your cupcake skills to the next level!","Category: Food & Drink, Food",In person,Refunds up to 7 days before event,"Chocolate Tales Studio430 York BlvdHamilton, ON L8R 3K8 Canada",,
https://www.eventbrite.ca/e/financial-risk-management-for-teens-1-day-session-in-burlington-tickets-1981399483192?aff=ebdssbdestsearch,https://img.evbuc.com/https%3A%2F%2Fcdn.evbuc.com%2Fimages%2F1171396639%2F2824010078961%2F1%2Foriginal.20251120-063130?crop=focalpoint&fit=crop&w=600&auto=format%2Ccompress&q=75&sharp=10&fp-x=0.493&fp-y=0.071&s=ede31d69a911870044398ad5036f04e9,Financial Risk Management for Teens – 1 Day Session in Burlington,Catils_inc,"A practical 1 day program that help teenagers build smart money habits, avoid financial risks, develop confidence before entering adulthood.Group Discounts:Save 10% when registering 3 or more participantsSave 15% when registering 10 or more participantsDuration: 1 Full Day (9:00 AM – 5:00 PM)
Delivery Mode: Classroom (In-Person)
Language: English
Credits: 8 PDUs / Training Hours
Certification: Course Completion Certificate
Refreshments: Lunch, beverages, and light snacks includedCourse OverviewThis course is designed to support universities, colleges, and parents in preparing teenagers for real-world financial responsibilities. As young people transition toward higher education and early careers, poor money decisions can create long-term financial stress.The program introduces financial risk concepts in a clear, age-appropriate manner. It focuses on everyday situations teens face spending, saving, borrowing, digital payments, and online risks, helping them develop awareness before financial mistakes occur.Through real-life examples, guided activities, and interactive learning, participants gain practical money skills and confidence in just one day.Learning ObjectivesBy the end of this course, you will: Build a strong foundation in money management for teenagers Help students recognize and avoid common financial risks Encourage smart spending and saving habits early Improve awareness of digital and online financial risks Create understanding of borrowing and debt consequences Strengthen decision-making and financial confidence Prepare teens for responsible adulthoodTarget Audience Teenagers aged 13–19 High school and pre-university students First-year college students Universities and colleges focusing on student development Parents seeking early financial awareness for their children Educational institutions and youth programsWhy Should Universities & Parents Choose This Course?This program supports academic institutions and families in building financially responsible young adults.
The course uses simple language, real-life teen examples, and interactive methods to keep students engaged.
Complex financial ideas are explained clearly, without technical jargon.
Participants leave with practical skills, awareness, and confidence that support both academic life and future careers.©2026 Catils. This content is protected by copyright law. Copy or Reproduction without permission is prohibited.Want to Train Your Students?
This course can be delivered as a customized in-house session for universities, colleges, schools, or youth programs.
Content can be adapted to student age groups, academic levels, and local financial environments.
Interactive activities ensure strong engagement and measurable learning outcomes.📧 Contact us today to schedule a customized in-house, face-to-face session: info@catils.com","Category: Business, Career",ages 13+In personPaid parking,Refunds up to 7 days before event,"Regus ON, Burlington - North Service Road4145 North Service Road#2nd FloorPh No +1 469 666 9332 Burlington, ON L7L 6A3 Canada",,
https://www.eventbrite.ca/e/airport-operations-service-coordination-1-day-course-in-burlington-tickets-1981089581267?aff=ebdssbdestsearch,https://img.evbuc.com/https%3A%2F%2Fcdn.evbuc.com%2Fimages%2F1171396639%2F2824010078961%2F1%2Foriginal.20251120-063130?crop=focalpoint&fit=crop&w=600&auto=format%2Ccompress&q=75&sharp=10&fp-x=0.493&fp-y=0.071&s=ede31d69a911870044398ad5036f04e9,Airport Operations & Service Coordination – 1 Day Course in Burlington,Catils_inc,"Understand airport operations, service coordination, grooming, aviation basics to manage airport activities professionally and efficiently.Group Discounts:Save 10% when registering 3 or more participantsSave 15% when registering 10 or more participantsDuration: 1 Full Day (9:00 AM – 5:00 PM)
Delivery Mode: Classroom (In-Person)
Language: English
Credits: 8 PDUs / Training Hours
Certification: Course Completion Certificate
Refreshments: Lunch, beverages, and light snacks includedCourse OverviewThis course provides a practical understanding of how airport operations and service coordination work in real environments.
It explains core airport functions, coordination between departments, and service standards required for smooth operations.
The session also covers basic aviation awareness, professional grooming, and interview readiness for airport-facing roles.
Realistic airport scenarios are used to connect operational knowledge with service quality and professional conduct.Learning ObjectivesBy the end of this course, you will: Understand core airport operations and service coordination Develop basic aviation awareness for airport environments Improve service quality and passenger handling skills Apply professional grooming and workplace conduct standards Strengthen interview readiness for airport roles Handle operational challenges with confidence Improve career readiness in airport operationsTarget Audience Airport operations staff and executives Ground handling and service coordination teams Aspiring airport professionals Aviation trainees and fresh graduates Customer service staff in airport environments Professionals preparing for airport operations interviewsWhy is it right fit for you:This course focuses on practical airport operations, not just theory.
The trainer brings real-world exposure to airport environments and service coordination.
Operational concepts, aviation basics, grooming, and interview skills are explained in simple, job-relevant language.
The session delivers immediate clarity, confidence, and workplace readiness.©2025 Catils. This content is protected by copyright law. Copy or Reproduction without permission is prohibited.Want to train your entire team?
This course can be delivered as a customized in-house session for airports, ground handling companies, or aviation service providers.
Content can be tailored to specific airport roles, service standards, and operational procedures.
The training ensures consistent service quality, coordination, and professional conduct across teams.📧 Contact us today to schedule a customized in-house, face-to-face session: info@catils.com","Category: Business, Career",ages 18+In personPaid parking,Refunds up to 7 days before event,"Regus ON, Burlington - North Service Road4145 North Service Road#2nd FloorPh No +1 469 666 9332 Burlington, ON L7L 6A3 Canada",,
https://www.eventbrite.com/e/family-paint-party-tickets-1981237803604?aff=ebdssbdestsearch,https://img.evbuc.com/https%3A%2F%2Fcdn.evbuc.com%2Fimages%2F1175470414%2F292898063203%2F1%2Foriginal.20260121-181535?w=600&auto=format%2Ccompress&q=75&sharp=10&rect=0%2C0%2C1000%2C500&s=a41285c7af381fb7493e714899487cc7,Family Paint Party,Paintnite.com,"Paint Nite -- Families and All Ages (10364362)Come join us for a night of creative fun with the talented local artist, Samantha Buttigieg, at Kelseys in Burlington! Get ready to unleash your whimsy and imagination as we guide you through creating a starry Van Gogh inspired masterpiece. Sip on your favourite drink and enjoy delicious food from Kelseys while you create your whimsical night sky, no experience needed. Perfect date night or family activity, come have a night to remember at Paint Nite with Samantha! (10364362)Age: Teens and up","Category: Family & Education, Other",2 hoursIn person,Refunds up to 7 days before event,"Kelseys4511 Dundas StreetBurlington, ON L7m 5b4 Canada",CA$47.08,Mar 2 · 7:00 PM EST
https://www.eventbrite.ca/e/hands-on-winter-science-workshop-for-kids-ages-811-tickets-1980394712897?aff=ebdssbdestsearch,https://img.evbuc.com/https%3A%2F%2Fcdn.evbuc.com%2Fimages%2F1174637390%2F2987655918935%2F1%2Foriginal.20260112-165929?w=600&auto=format%2Ccompress&q=75&sharp=10&rect=0%2C499%2C1404%2C702&s=c52175802aec90f9cb6fe30d8f28f778,Hands-On Winter Science Workshop for Kids (Ages 8–11),STEMstein Academy,"Hands-on winter science workshop where kids explore fun experiments and take home a STEM kit to continue learning!Join us at STEMstein Academy for our Hands-On Winter Science Workshop, designed to spark curiosity and scientific thinking in young learners.In this interactive session, children will explore exciting science concepts through guided experiments in a small-group setting, led by experienced educators.🧪 Experiments & Activities Include:Frost Art – Explore phase changes and crystallizationDIY Snow Globe – Learn about density, suspension, and mixing liquidsSnowy Oobleck – Discover non-Newtonian fluidsInvisible Ink – Investigate chemical reactions🎁 Take-Home STEM Kit Included
Each child will receive a STEM kit to continue learning at home.This workshop is perfect for curious kids who enjoy experimenting, asking questions, and learning by doing.","Category: Science & Tech, Science",under 14 with parent or legal guardianIn personFree parking,No refunds,"STEMstein Academy3401 Ridgeway Drive#Unit 209, 210, 211 Mississauga, ON L5L 0B9 Canada",,
https://www.eventbrite.ca/e/pediatric-advanced-life-support-pals-2-day-provider-course-mar-2-3-tickets-1739314880629?aff=ebdssbdestsearch,https://img.evbuc.com/https%3A%2F%2Fcdn.evbuc.com%2Fimages%2F806749039%2F71276329041%2F1%2Foriginal.20240712-161745?w=600&auto=format%2Ccompress&q=75&sharp=10&rect=1%2C68%2C342%2C171&s=ac4a12861d8d89d21a04c52382fb002a,Pediatric Advanced Life Support (PALS) 2 Day Provider Course - MAR 2 & 3,McMaster Children's Hospital Simulation & Outreach,"Join us for a 2-day PALS Provider Course to advance your pediatric life support skills!Pediatric Advanced Life Support (PALS) 2 Day Provider CourseThis course uses a series of hands-on skill stations and simulated pediatric emergencies to reinforce the important concepts of a systematic approach to pediatric assessment, high-quality basic life support skills, advanced life support treatment algorithms, effective resuscitation, and team dynamics.This Class is intended for Healthcare professionals such as RN, RPh, RPN (currently working with pediatric patients), RRT, MD, DDS, PCP/ACP/CCP, IMG,or Students who are training to enter a health profession listed above are eligible to enroll if they are in their final stage of training and have successfully completed the PEARS Provider course.Required MaterialsNot Included in course fee. The Manuals are available for purchase from Heart and Stroke Foundation WebsitePediatric Advanced Life Support Provider Manual:RE6210E (print or ebook); and 2020 Handbook of Emergency Cardiovascular Care for Healthcare Providers: RE0130E (print only)https://hsf.gilmoreglobal.com/en/category/b60590da-6cb2-48c2-8e32-90b605743516Pre RequisitiesCurrent Heart & Stroke Basic Life Support (BLS) Provider Certificate( issued within the previous 12 months.PALS Precourse Self-Assessment Certificate (passing score = 70%)Should you arrive without both prerequisites you will not be able to participate in the course and no refund will be issued..SiROC Cancellation PolicyThe SiROC Cancellation Policy applies to this course. Requests for transfer, substitution, or refund will be assessed on a case-by-case basis. Please provide any documentation to support your request.

Course Transfer:
If you cannot attend the course, you may substitute your registration to a colleague at no additional charge. Please email outreach@hhsc.ca with your name and the name of the colleague who will be taking the course in your place. Your replacement must meet the prerequisites for the course.

To transfer to an alternate course date, please email outreach@hhsc.ca with the date of the course you wish to transfer into. You may transfer your registration to an alternate date up to one week before the start date of the course you are transferring out of.

Only substitutions will be granted less than one week prior to the course start date.

Course Refund:
Refund requests will be assessed on a case-by-case basis and depend on the date of the request. Please use the Eventbrite registration system to request a course refund. You can manage your registration at www.eventbrite.ca/mytickets.Please note that a registration processing fee was paid to Eventbrite and is subject to their refund policy. The following refund policy applies:

- More than 3 weeks before the course start date = 100% of tuition will be refunded.
- Between 2-3 weeks before the course start date = 75% of tuition will be refunded.
- Between 1-2 weeks before the course start date = 50% of tuition will be refunded.
- Within one week of the course start date = No refund. If you cannot attend the course, you may substitute your registration to a colleague at no additional charge.

No refunds will be given for ""no-shows.""

SiROC reserves the right to cancel or reschedule the course due to unforeseen circumstances. If this happens, you will be rescheduled to the next available session and given the option to choose from future classes if the rescheduled date does not work for you. No refunds will be issued.","Category: Health, Medical",1 day 6 hoursIn person,Refunds up to 7 days before event,"McMaster Children's Hospital - Hamilton Health Sciences1200 Main Street WestHamilton, ON L8N 3Z5 Canada",From CA$383.67,Mar 2 · 10:15 AM EST
https://www.eventbrite.com/e/medical-aesthetic-coffee-chat-tickets-1979775824786?aff=ebdssbdestsearch,https://img.evbuc.com/https%3A%2F%2Fcdn.evbuc.com%2Fimages%2F1174038842%2F2987443537600%2F1%2Foriginal.20260105-202627?h=740&w=1200&auto=format%2Ccompress&q=75&sharp=10&rect=188%2C0%2C3982%2C1991&s=341dad262cabd90eca63d98c05577139,Medical Aesthetic Coffee Chat,DioLaz Canada,"In-person Medical Aesthetic Meetup designed to connect people who are actually building and operating clinics.It brings together a like-minded group to discuss today’s aesthetic market, device selection strategies, and emerging trends for 2026, all in a relaxed and welcoming environment. Over coffee and light refreshments, attendees will have the chance to exchange experiences, ask practical questions, and gain hands-on exposure to advanced aesthetic technologies.Unlike large conferences, this event is intentionally kept small to encourage open discussion, meaningful connections, and honest insights into what truly works in clinic operations. Whether you’re considering new equipment, refining your service offerings, or simply looking to connect with peers in the Toronto aesthetics community, this Coffee Chat offers a comfortable space to learn and share.What You Can ExpectIndustry Insights
Real-world discussions on current market challenges, clinic pain points, and opportunities in the Toronto aesthetics landscape.Device Selection & Technology Overview
A guided introduction to selected aesthetic devices, with live demonstrations and the chance to see, touch, and ask questions while viewing the equipment.2026 Trends & Opportunities
Conversations around non-invasive treatments, personalized aesthetics, and technology-driven tools shaping the future of medical aesthetics.Peer Networking
Connect with local clinic owners and practitioners in a friendly, pressure-free setting.A Cozy, Casual Atmosphere
Coffee, light snacks, and an environment where questions are encouraged and experiences are shared openly.This event is ideal for professionals who value learning through conversation, hands-on experience, and community.Our past events: Brewing Up Aesthetic Insights: Recap of first Coffee Chat in 2026 – DioLaz Canada","Category: Health, Medical",all agesIn personFree parking,Refunds up to 7 days before event,"3600a Laird Rd unit 93600a Laird Road#unit 9 Mississauga, ON L5L 0A3 Canada",,
https://www.eventbrite.ca/e/inclusive-intelligence-corporate-training-1-day-course-burlington-tickets-1982151478430?aff=ebdssbdestsearch,https://img.evbuc.com/https%3A%2F%2Fcdn.evbuc.com%2Fimages%2F1171396639%2F2824010078961%2F1%2Foriginal.20251120-063130?crop=focalpoint&fit=crop&w=600&auto=format%2Ccompress&q=75&sharp=10&fp-x=0.493&fp-y=0.071&s=ede31d69a911870044398ad5036f04e9,Inclusive Intelligence Corporate Training – 1 Day Course | Burlington,Catils_inc,"Build inclusive mindsets and behaviors that help teams collaborate effectively, reduce bias, and create respectful,high-performing workplaceGroup Discounts:Save 10% when registering 3 or more participantsSave 15% when registering 10 or more participantsDuration: 1 Full Day (9:00 AM – 5:00 PM)
Delivery Mode: Classroom (In-Person)
Language: English
Credits: 8 PDUs / Training Hours
Certification: Course Completion Certificate
Refreshments: Lunch, beverages, and light snacks includedCourse OverviewThis workshop helps participants understand and apply the principles of inclusive intelligence—an approach that supports meaningful collaboration, respect, and empathy among people of diverse backgrounds. The course explores how biases influence daily behavior, how to communicate inclusively, and how to build team environments where everyone feels valued and heard.You will engage in real scenarios, guided discussions, and reflective exercises designed to strengthen cultural awareness, inclusive communication, and equitable decision-making. By the end of the session, attendees gain the confidence and skillset to contribute to a more inclusive, respectful, and collaborative workplace culture.Learning Objectives• Understand inclusive intelligence and its workplace importance
• Recognize and reduce conscious and unconscious biases
• Use inclusive communication and active listening practices
• Strengthen collaboration and empathy across diverse teams
• Apply equitable decision-making techniques
• Promote a respectful and psychologically safe work culture
• Build actionable strategies for ongoing inclusionTarget Audience• Corporate teams and cross-functional departments
• HR professionals and people managers
• Team leaders and supervisors
• Customer-facing staff
• DEI champions and culture-building teams
• Anyone responsible for fostering a respectful workplaceWhy Choose This Course?This course empowers individuals with the mindset and skills needed to create inclusive, respectful, and high-performing workplaces. Participants gain tools that support stronger relationships, clearer communication, and better team collaboration. By adopting inclusive intelligence, teams experience improved trust, engagement, and innovation.©2026 Catils. This content is protected by copyright law. Copy or Reproduction without permission is prohibited.Want to train your whole team together?
Organizations can request customized in-house workshops tailored to their culture, team challenges, and diversity goals. These sessions help build shared understanding, consistent behaviors, and a unified approach to inclusion. Tailored programs strengthen team alignment, reduce conflict, and promote long-term cultural transformation.📧 Contact us today to schedule a customized in-house, face-to-face session: info@catils.com","Category: Business, Career",ages 18+In personPaid parking,Refunds up to 7 days before event,"Regus ON, Burlington - North Service Road4145 North Service Road  #2nd FloorPh No +1 469 666 9332 Burlington, ON L7L 6A3 Canada",,
https://www.eventbrite.ca/e/line-to-flow-an-ink-workshop-tickets-1982132124542?aff=ebdssbdestsearch,https://img.evbuc.com/https%3A%2F%2Fcdn.evbuc.com%2Fimages%2F1176402907%2F2351438841323%2F1%2Foriginal.20260201-225438?w=600&auto=format%2Ccompress&q=75&sharp=10&s=71b599a083df1c87f8dd095f7cc33790,"Line To Flow, an ink workshop",Matt Dampier,"Get ready to let your creativity flow freely at Line To Flow, where you'll be diving into the world of ink in a fun and engaging workshop!Line To Flow: an ink workshopA 3-hour ink workshop designed for beginners and experienced artists alike. Learn traditional pen and ink techniques, experiment with different inks and surfaces, and finish with expressive abstract work using alcohol inks, all in the inspiring setting of Hamilton’s Cotton FactoryWhat past students say“Matt creates such a creative and supportive environment. It was wonderful to experiment with unfamiliar materials and surfaces in such a relaxed, inspiring way.”
★★★★★“He showed so many techniques with India ink and alcohol inks on different substrates. The workshop was playful, light, and full of inspiration.”
★★★★★“Everyone ended up with completely unique work that reflected their own style and intuition — it was amazing to see.”
★★★★★“As a complete novice, Matt’s classes gave me the skills and confidence to put paint to canvas.”
★★★★★“He has a perfect temperament as a teacher — patient, encouraging, and incredibly organized with clear lesson plans and great visual aids.”
★★★★★“Matt opened my eyes to painting and art in a way I’d never experienced before. I’ll definitely be taking more classes.”
★★★★★","Category: Hobbies, Drawing & Painting",3 hoursIn person,Refunds up to 7 days before event,"The Cotton Factory270 Sherman Avenue NorthHamilton, ON L8L 6N4 Canada",$49.26,Mar 4 · 6:30 PM EST
https://www.eventbrite.ca/e/group-event-party-up-to-40-ppl-canvas-painting-lakeshorebronte-tickets-1981825208548?aff=ebdssbdestsearch,https://img.evbuc.com/https%3A%2F%2Fcdn.evbuc.com%2Fimages%2F1176022186%2F82905912235%2F1%2Foriginal.jpg?w=600&auto=format%2Ccompress&q=75&sharp=10&rect=0%2C0%2C2160%2C1080&s=d6f14a999c838455509e4bba0ebabe9c,Group Event / Party up to 40 ppl / Canvas Painting Lakeshore/Bronte,Artventures,"Up to 40 participants. Please call  716-244-2074 if you have questions or to request additional times if event shows sold out.Imagine stepping into a warmly lit studio, the air filled with the faint scent of acrylic paints and fresh canvases. Laughter echoes softly as friends, colleagues, or family members gather around long tables draped in protective plastic sheets, each person claiming their spot - a blank canvas, and a palette of vibrant colors. This is the essence of a group canvas painting event—a communal celebration of artistry, where novices and seasoned painters alike come together to unleash their inner creativity under the guidance of an enthusiastic instructor. This event, often hosted as corporate team-building activities, transform ordinary evenings into memorable adventures in self-expression and collaboration.At its core, a group canvas painting event is designed to be accessible and fun, stripping away the intimidation often associated with fine art. Participants don't need prior experience; in fact, the beauty lies in the inclusivity. The session typically begins with a warm welcome from the host / instructor. They'll outline the evening's theme—perhaps a serene landscape like a sunset over rolling hills, a whimsical abstract design inspired by nature, or a seasonal motif such as blooming cherry blossoms in spring or cozy autumn leaves. Themes can be customized too: for a birthday party, it might be a personalized portrait of the guest of honor; for a corporate retreat, a motivational scene symbolizing teamwork, like interlocking gears forming a heart.As the group settles in, the instructor demonstrates the basics step by step. They'll start with sketching faint outlines on the canvas using light pencil marks or pre-printed guides for those who prefer structure. ""First, we'll mix our base colors,"" the instructor might say, holding up a brush dipped in cerulean blue and cadmium yellow to create a lush green for foliage. Participants follow along, their brushes dipping into paint pots arranged neatly on shared trays—primaries like red, blue, and yellow, alongside earthy tones, metallics for flair, and plenty of white for blending. The room buzzes with energy as people experiment: one might accidentally splatter paint, turning a mistake into a ""happy accident"" à la Bob Ross, while another meticulously layers shades for depth.What sets a group canvas painting event apart from solitary painting is the social dynamic. It's not just about the artwork; it's about the connections forged through shared laughter and encouragement. Strangers become friends as they peek at each other's canvases, offering compliments like, ""I love how you added those golden highlights to the sun!"" or tips such as, ""Try thinning the paint with a bit of water for a watercolor effect."" For couples on a date night, it becomes a romantic escapade, painting side by side and perhaps collaborating on a diptych—two canvases that form one complete image when placed together. Families use it as bonding time, with kids giggling over exaggerated features in a family portrait, while parents appreciate the mess-free setup (all supplies provided, no cleanup required at home).The event's structure ensures a relaxed pace, usually spanning one, or two   hours. Some events incorporate games, like ""paint roulette"" or musical charis where participants swap canvases mid-way, adding an element of surprise and hilarity as they adapt to someone else's style.Beyond the fun, these events offer tangible benefits. Creatively, they boost confidence; many leave amazed at their own abilities, clutching a framed-worthy piece to hang at home. Psychologically, painting in a group setting promotes mindfulness, reducing stress as brushes glide across canvas, focusing minds on the present. For teams, it's an excellent team-builder, fostering communication and problem-solving—deciding how to blend colors or compose elements mirrors workplace collaboration. Studies from art therapy research even suggest such activities enhance emotional well-being, releasing endorphins similar to those from exercise.As the session winds down, the instructor circles the room, providing final tips on blending edges or adding highlights. Participants step back to admire their work, often posing for group photos with their masterpieces held high.In today's fast-paced world, a group canvas painting event stands as a refreshing antidote to digital overload—a hands-on, analog experience that reconnects people with their creative sides and each other. Whether it's a bachelorette party bursting with vibrant florals, a holiday gathering painting winter wonderlands, or a quiet friends' night recreating famous artworks with a twist, these events create lasting memories and tangible souvenirs. If you're seeking a way to spark joy, build bonds, or simply try something new, stepping into one of these colorful gatherings promises an evening painted in hues of happiness and discovery.","Category: Hobbies, DIY",In person,No refunds,"Artventures Lakeshore / Bronte2359 Lakeshore Rd. W.Oakville, ON L6L 1H4 Canada",From CA$54.99Multiple dates,Multiple dates
https://www.eventbrite.ca/e/the-blues-studio-steve-strongman-acoustic-sessions-ii-tickets-1982287387939?aff=ebdssbdestsearch,https://img.evbuc.com/https%3A%2F%2Fcdn.evbuc.com%2Fimages%2F1176566801%2F61655384579%2F1%2Foriginal.20260203-152337?w=600&auto=format%2Ccompress&q=75&sharp=10&rect=0%2C0%2C2160%2C1080&s=fc3bc17c436823570cca95988c95d1e8,The Blues Studio Steve Strongman Acoustic Sessions II,The Blues Studio Sessions,"Steve Strongman Acoustic Sessions II delivers intimate, unplugged blues, great players, real stories, and music you can feel up close.","Category: Music, Blues",In person,Refunds up to 7 days before event,"Coach & Lantern - Upper Coach384 Wilson St., EAncaster, ON L9G 2C2 Canada",,
https://www.eventbrite.ca/e/gallery-glow-yoga-tickets-1980414380724?aff=ebdssbdestsearch,https://img.evbuc.com/https%3A%2F%2Fcdn.evbuc.com%2Fimages%2F1174663417%2F2645556205301%2F1%2Foriginal.20260112-204154?w=600&auto=format%2Ccompress&q=75&sharp=10&rect=0%2C885%2C2564%2C1282&s=700b66be77a280e64293c5781642bd53,Gallery Glow Yoga,Joshua Farm Gallery,"Gallery Flow Yoga takes place in the stunning gallery space at Joshua Farm Gallery every Tuesday from 5:30–6:30pm.Gallery Flow Yoga takes place in the stunning gallery space at Joshua Farm Gallery every Tuesday from 5:30–6:30pm.Beginning in January, Kelly Vali will be subbing for Deb Taylor.
Kelly will be teaching Tuesday evenings from 5:30 – 6:30pm January and February 2026.","Category: Health, Yoga",all ages,Refunds up to 7 days before event,"Joshua Farm Gallery1086 Burnhamthorpe Road EastOakville, ON L6H 7B2 Canada",From CA$33.90Multiple dates,Multiple dates
https://www.eventbrite.ca/e/salsa-nights-in-oakville-tickets-1982056121214?aff=ebdssbdestsearch,https://img.evbuc.com/https%3A%2F%2Fcdn.evbuc.com%2Fimages%2F1176312040%2F60347225117%2F1%2Foriginal.20260131-023422?w=600&auto=format%2Ccompress&q=75&sharp=10&rect=0%2C0%2C2160%2C1080&s=40d7e962e7f42ec53d83938b86b253ae,Salsa Nights in Oakville,Yury Wu-Parra - Taste of Colombia,"Every Saturday! The most fun and friendly Salsa Night in OakvilleJoin us on any given Saturday in 2026 for our very popular Saturday Salsa Night.
Get ready for a night full of energy and great dancing!
6-11 pm$25 per person (includes lessons and social dance)Format:6 - 9: Salsa & Bachata lessons9-11 Social DanceNo partner or experience needed.","Category: Arts, Dance",ages 12+,Refunds up to 7 days before event,"Taste of Colombia - Fair Trade Coffee & Gift Shop67 Bronte Road#2 Oakville, ON L6L Canada",From CA$25.00Multiple dates,Multiple dates
https://www.eventbrite.ca/e/paint-nite-art-event-in-hamilton-fun-creative-event-paint-party-tickets-1227079560999?aff=ebdssbdestsearch,https://img.evbuc.com/https%3A%2F%2Fcdn.evbuc.com%2Fimages%2F1081580923%2F524461906351%2F1%2Foriginal.20250725-220719?w=600&auto=format%2Ccompress&q=75&sharp=10&rect=1%2C0%2C1544%2C772&s=a2cb8bd54e81c9d8a471ac27b26f1166,Paint Nite  Art Event in Hamilton. Fun creative event. Paint Party.,York Art Studio,"Develop Artistic skills and have fun in a beginner friendly, painting creative workshop. Suitable for friends, family, couples, office groupDrawing Painting Event for individuals or groups. Join us for a relaxing paint night. No prior painting experience is needed. Looking to do something on a date night, girls night out, birthday party, team building, co-workers hanging out, friends and family bonding? Come and join in for a most incredible creative experience.Location: York Art Studio, HamiltonWhats included?Acrylic painting guidance from an experienced instructorAll painting materials are includedEnjoy a elaxing and social atmosphere with great vibesSnacks and non alcoholic drinks included.
Have lots of fun and learn at York Art Studio, a Studio and Gallery of experienced award winning Artist Pamela Dey with teaching experience in Toronto, Oakville and Hamilton.Contact information:email: pameladeypaintings@gmail.comwebsite: http://www.yorkartstudio.bigcartel.com
SMS 4379253701Instagram @pameladeyartCheck out reviews on Google Map Reviews for York Art Studio - Google Maps
This event requires purchase of 2 tickets minimum. If you just want 1 ticket please contact me directly.","Category: Hobbies, Drawing & Painting",ages 12+,Refunds up to 7 days before event,"York Art Studio90 Pleasant AvenueHamilton, ON L9C 4M7 Canada",From CA$95.00Multiple dates,Multiple dates
https://www.eventbrite.ca/e/kids-art-party-pottery-wheel-party-for-kids-birthday-party-for-ages-4-16-tickets-945949168427?aff=ebdssbdestsearch,https://img.evbuc.com/https%3A%2F%2Fcdn.evbuc.com%2Fimages%2F806346659%2F82905912235%2F1%2Foriginal.20240711-232544?w=600&auto=format%2Ccompress&q=75&sharp=10&rect=0%2C83%2C1000%2C500&s=60b18db670d011fa34277aca847b6916,Kids art party-Pottery wheel party for kids-birthday party for ages 4-16,Artventures,"Kids will throw on a  potter's wheel and hand build their own mug. Lots of activities available. Questions? Text:18666099399Get ready for a burst of creativity and fun with our kids art party! Perfect for kids who love to express themselves through colors and imagination, this art-themed celebration promises to be a memorable experience filled with art, and joyous laughter.Party Schedule:Welcome and Introductions:Guests arrive and are greeted by our friendly party hosts.Brief introduction to the art activities planned.Main Art Activity:Guided art project based on the birthday child's interests (e.g., pottery wheel, painting canvases, glass painting, oven baked clay, mosaics, creating clay sculptures, or crafting unique collages and more - check event title for this!).All materials are provided, and kids can take their masterpieces home.Our professional art instructors offer tips and encouragement to ensure every child feels like an artist.Art Showcase:Kids present their artwork to the group in a mini ""art gallery"" setup.Photos with the birthday child and their artwork.Bring Cake and / or Food (Optional-additional charge)Book addional time if you'd like to bring and serve cake or foodExtras:Optional add-ons like standard, or themed decorations to enhance the party experience (additional charge).Customizable art projects to match the birthday theme or child's preferences (additional charge).
Make your child's party a colorful celebration of creativity and joy with our art party. It's a perfect way to let their imagination run wild and create lasting memories with friends!
Questions? Text:18666099399",Category: Hobbies,In person,No refunds,"Artventures Lakeshore / Bronte2359 Lakeshore Rd. W.Oakville, ON L6L 1H4 Canada",From CA$189.05Multiple dates,Multiple dates
https://www.eventbrite.ca/e/kids-art-party-clay-making-party-party-for-kids-tickets-942604353997?aff=ebdssbdestsearch,https://img.evbuc.com/https%3A%2F%2Fcdn.evbuc.com%2Fimages%2F802617599%2F82905912235%2F1%2Foriginal.20240706-001925?w=600&auto=format%2Ccompress&q=75&sharp=10&s=d50ee23a0cacc1e18d25d62a7e178b85,Kids art party - clay making party - party for kids,Artventures,"Kids will throw on a  potter's wheel and hand build. Lots of activities available. Questions? Text:18666099399Questions? Text:18666099399
Get ready for a burst of creativity and fun with our kids art party! Perfect for kids who love to express themselves through colors and imagination, this art-themed celebration promises to be a memorable experience filled with art, and joyous laughter.Party Schedule:Welcome and Introductions:Guests arrive and are greeted by our friendly party hosts.Brief introduction to the art activities planned.Main Art Activity:Guided art project based on the birthday child's interests (e.g., pottery wheel, painting canvases, glass painting, oven baked clay, mosaics, creating clay sculptures, or crafting unique collages and more - check event title for this!).All materials are provided, and kids can take their masterpieces home.Our professional art instructors offer tips and encouragement to ensure every child feels like an artist.Art Showcase:Kids present their artwork to the group in a mini ""art gallery"" setup.Photos with the birthday child and their artwork.Bring Cake and / or Food (Optional-additional charge)Book addional time if you'd like to bring and serve cake or foodExtras:Optional add-ons like standard, or themed decorations to enhance the party experience (additional charge).Customizable art projects to match the birthday theme or child's preferences (additional charge).
Make your child's party a colorful celebration of creativity and joy with our art party. It's a perfect way to let their imagination run wild and create lasting memories with friends!
Questions? Text:18666099399","Category: Hobbies, Anime & Comics",In person,No refunds,"Artventures Lakeshore / Bronte2359 Lakeshore Rd. W.Oakville, ON L6L 1H4 Canada",From CA$299.00Multiple dates,Multiple dates
https://www.eventbrite.ca/e/kids-art-party-pottery-wheel-oven-baked-clay-paint-potterytotecanvas-tickets-1322319345759?aff=ebdssbdestsearch,https://img.evbuc.com/https%3A%2F%2Fcdn.evbuc.com%2Fimages%2F1173917022%2F82905912235%2F1%2Foriginal.20260103-224754?w=600&auto=format%2Ccompress&q=75&sharp=10&rect=0%2C15%2C666%2C333&s=10012fb3c4f94ea49293ed28266f0cf5,"Kid's art party-pottery wheel, oven baked clay,  paint  pottery,tote,canvas",Artventures,"10 themes - Barbie, KPOP, Hello Kitty, Mermaid, Axolotl,Narwhal, Puppies, Kitties, Unicorn, Rainbow.Activity choices: oven baked clay, paint a hat, pottery painting, wheel & handbuilding, canvas painting.Get ready for a burst of creativity and fun with our kids art party! Perfect for kids who love to express themselves through colors and imagination, this art-themed celebration promises to be a memorable experience filled with art, and joyous laughter.Party Schedule:Welcome and Introductions:Guests arrive and are greeted by our friendly party host.Brief introduction to the art activities planned.Main Art Activity:Guided art project based on the birthday child's interests (e.g., pottery wheel, painting canvases, oven baked clay, creating clay sculptures).All materials are provided, and kids can take their masterpieces home.Our professional art instructors offer tips and encouragement to ensure every child feels like an artist.Bring Cake and / or FoodExtras:Optional add-ons like standard, or themed decorations to enhance the party experience (additional charge).Customizable art projects to match the birthday theme or child's preferences (additional charge).Make your child's party a colorful celebration of creativity and joy with our art party. It's a perfect way to let their imagination run wild and create lasting memories with friends!","Category: Hobbies, Anime & Comics",In person,No refunds,"Artventures Oakville Lakeshore/Bronte2359 Lakeshore Road WestOakville, ON L6L 1H4 Canada",From CA$214.33Multiple dates,Multiple dates
https://www.eventbrite.ca/e/last-minute-super-deal-pottery-wheel-throwing-bronte-oakville-tickets-571923256857?aff=ebdssbdestsearch,https://img.evbuc.com/https%3A%2F%2Fcdn.evbuc.com%2Fimages%2F460761589%2F82905912235%2F1%2Foriginal.20221015-013800?w=600&auto=format%2Ccompress&q=75&sharp=10&rect=0%2C91%2C1080%2C540&s=29b061aae2ff2937000fd9b7beb2e978,"Last Minute Super Deal - Pottery wheel throwing, Bronte, Oakville",Artventures,"Introduction to wheel.EACH PARTICIPANT MUST BOOK.No experience needed.Includes up to 30 min. on the wheel, most participants make one piece. We are open daily 9am-11pm. Please email artventuresstudios@gmail.com or text 716-244-2074 to request additional times if event shows sold out.The introductory workshop allows students to learn how to throw on a  potter's wheel and hand build (i.e. add a handle if you made a mug, a lid if you made a jar).  You'll make a cup, vase or bowl on the wheel and then add accents to your piece.EACH PARTICIPANT MUST BOOK.A pottery wheel class is a creative and hands-on workshop where participants learn the art of creating pottery using a potter's wheel. The class is typically led by an experienced potter or ceramic artist who guides students through the process of shaping clay into functional or decorative objects.

The class usually begins with an introduction to the pottery wheel, its components, and how to operate it safely. Participants are taught proper body posture and positioning to effectively control the wheel. They learn how to center the clay, which is a crucial step in creating well-balanced and symmetrical pieces.

Once the basic techniques are covered, students start practicing throwing clay on the wheel. The instructor demonstrates various throwing techniques and encourages students to experiment with different shapes and forms. The focus is on developing skills such as pulling up walls, shaping vessels, and creating textures or patterns on the clay surface.

Throughout the class, participants receive individual attention and guidance from the instructor, who offers tips and suggestions to improve their technique and troubleshoot any challenges they encounter. The hands-on nature of the class allows students to learn through trial and error, gradually refining their skills as they gain experience.



Pottery wheel classes provide a supportive and collaborative environment where participants can interact with fellow students, share ideas, and appreciate each other's work. It's a chance to explore one's creativity, learn a new skill, and create unique ceramic pieces with one's own hands.

At the end of the class, participants have the opportunity to keep their finished pottery pieces. Some classes may also offer the option of firing and glazing the completed pieces, allowing participants to have fully finished ceramics to take home and enjoy.","Category: Hobbies, DIY",In person,No refunds,"Artventures Lakeshore / Bronte2359 Lakeshore Rd. W.Oakville, ON L6L 1H4 Canada",From CA$26.65Multiple dates,Multiple dates
https://www.eventbrite.ca/e/last-minute-deal-mindful-mugs-on-pottery-wheel-tickets-849370468937?aff=ebdssbdestsearch,https://img.evbuc.com/https%3A%2F%2Fcdn.evbuc.com%2Fimages%2F607178229%2F82905912235%2F1%2Foriginal.20230927-001335?w=600&auto=format%2Ccompress&q=75&sharp=10&rect=0%2C60%2C724%2C362&s=ec2e025c6eccecff9f0b158560547e17,Last minute deal - Mindful Mugs on Pottery Wheel,Artventures,"A perfect choice for beginners or intermediate pottery wheel students.A pottery wheel class is a creative and hands-on workshop where participants learn the art of creating pottery using a potter's wheel. The class is typically led by an experienced potter or ceramic artist who guides students through the process of shaping clay into functional or decorative objects.
The class usually begins with an introduction to the pottery wheel, its components, and how to operate it safely. Participants are taught proper body posture and positioning to effectively control the wheel. They learn how to center the clay, which is a crucial step in creating well-balanced and symmetrical pieces.
Once the basic techniques are covered, students start practicing throwing clay on the wheel. The instructor demonstrates various throwing techniques and encourages students to experiment with different shapes and forms. The focus is on developing skills such as pulling up walls, shaping vessels, and creating textures or patterns on the clay surface.
Throughout the class, participants receive individual attention and guidance from the instructor, who offers tips and suggestions to improve their technique and troubleshoot any challenges they encounter. The hands-on nature of the class allows students to learn through trial and error, gradually refining their skills as they gain experience.

Pottery wheel classes provide a supportive and collaborative environment where participants can interact with fellow students, share ideas, and appreciate each other's work. It's a chance to explore one's creativity, learn a new skill, and create unique ceramic pieces with one's own hands.
At the end of the class, participants have the opportunity to keep their finished pottery pieces. Some classes may also offer the option of firing and glazing the completed pieces, allowing participants to have fully finished ceramics to take home and enjoy.Optional- pieces can be painted and kiln fired once dry.",Category: Hobbies,In person,No refunds,"Artventures Lakeshore / Bronte2359 Lakeshore Rd. W.Oakville, ON L6L 1H4 Canada",From CA$46.55Multiple dates,Multiple dates
https://www.eventbrite.ca/e/leadtribes-mississauga-in-person-tickets-627335215517?aff=ebdssbdestsearch,https://img.evbuc.com/https%3A%2F%2Fcdn.evbuc.com%2Fimages%2F555255099%2F1023888587323%2F1%2Foriginal.jpg?w=600&auto=format%2Ccompress&q=75&sharp=10&rect=0%2C0%2C2160%2C1080&s=816957e7177b4bbbc3f24a5a6e1ae767,LeadTribes Mississauga In-Person,LeadTribes,"LeadTribes in person meeting at EggsmartBE OUR GUEST!We are so excited and honoured that you are interested in visiting LeadTribes.We pride ourselves on ensuring that you have an exceptional experience each week.Our Mission:We develop the professional and leadership potential of entrepreneurs in Ontario through character, actions, and relationships within a supportive network.Our Values:Be ResponsibleBe HonestBe PositiveBe SupportiveBe CoachableCommunicate EffectivelyHave Difficult ConversationsRespect OthersUse Common SenseRISE TOGETHERPlease come prepared:To provide a confirmed number for the restaurant, we request that you pre-register by 4:30 p.m. the afternoon prior to the meeting date.Bring 30 of your business cards to share.Prepare a 60-sec intro/story/ask about your services and ideal clients. (Ask for the opportunity!)Plan to make some great connections and have fun!R EFUND POLICY:If you are unable to attend, please let us know in advance. You will receive credit towards a future event if you notify us before the event.We look forward to meeting you!","Category: Business, Sales & Marketing",In person,Refunds up to 7 days before event,"1930 Fowler Dr1930 Fowler DriveMississauga, ON L5K 0A1 Canada",From CA$11.98Multiple dates,Multiple dates
https://www.eventbrite.ca/e/bni-sunrise-monthly-in-person-networking-tickets-1542759397889?aff=ebdssbdestsearch,https://img.evbuc.com/https%3A%2F%2Fcdn.evbuc.com%2Fimages%2F1083866693%2F2848734426321%2F1%2Foriginal.20250729-190456?crop=focalpoint&fit=crop&w=600&auto=format%2Ccompress&q=75&sharp=10&fp-x=0.5&fp-y=0.5&s=cd931c1acbb38f0a4d7b4fd8f0e0070f,BNI Sunrise Monthly In-Person Networking,BNI Sunrise,"Come join us at BNI Sunrise for some face-to-face networking and watch your business grow through valuable referrals!Welcome to the BNI Sunrise Monthly In-Person Networking Meeting, your opportunity to grow your business through the power of referrals while connecting with other motivated professionals. Join us at the Courtyard Hamilton for a morning of meaningful conversations, genuine connections, and quality business opportunities.This event gives you the chance to:Build relationships with like-minded professionals from a variety of industriesExchange quality business referrals in a structured, proven environmentPosition yourself as the go-to expert in your fieldEach attendee will have 45 seconds to introduce their business and share who they’re looking to connect with, making it easy for others to find referral opportunities for you.Coffee and tea will be available, so bring plenty of business cards and be ready to share what you do. Discover how having an entire room of professionals acting as your sales team can help your business thrive. We look forward to welcoming you!","Category: Business, Sales & Marketing",all ages,Refunds up to 7 days before event,"395 Anchor Rd #38395 Anchor Road#38 Hamilton, ON L8W 0C7 Canada",From CA$0.00Multiple dates,Multiple dates
https://www.eventbrite.ca/e/modern-healthcare-in-industry-1-day-training-in-burlington-tickets-1982329740617?aff=ebdssbdestsearch,https://img.evbuc.com/https%3A%2F%2Fcdn.evbuc.com%2Fimages%2F1171396639%2F2824010078961%2F1%2Foriginal.20251120-063130?crop=focalpoint&fit=crop&w=600&auto=format%2Ccompress&q=75&sharp=10&fp-x=0.493&fp-y=0.071&s=ede31d69a911870044398ad5036f04e9,Modern Healthcare in Industry: 1 Day Training in Burlington,Catils_inc,"Explore how healthcare systems function with beginner-friendly insights on regulations, quality, safety, and team collaboration.Group Discounts:Save 10% when registering 3 or more participantsSave 15% when registering 10 or more participantsDuration: 1 Full Day (9:00 AM – 5:00 PM)
Delivery Mode: Classroom / In-Person Workshop
Language: English
Credits: 8 PDUs / Training Hours
Certification: Course Completion Certificate Provided
Refreshments: Lunch, tea/coffee, and snacks includedCourse OverviewThis course provides a clear understanding of how healthcare organizations function beyond basic medical knowledge. Participants learn about operations, regulations, quality systems, patient safety, and interdisciplinary teamwork in hospitals and industry settings. The workshop simplifies complex processes into easy explanations suitable for healthcare staff, supervisors, and professionals from non-clinical backgrounds. The session includes real examples, practical frameworks, and scenario-based learning to build confidence in understanding healthcare operations.Learning ObjectivesUnderstand how healthcare systems and organizations operateLearn the basics of regulations, accreditation, and complianceRecognize the importance of interdisciplinary teamworkUnderstand workflows, patient flow, and operationsApply quality and safety concepts in daily workIdentify roles and responsibilities across healthcare teamsBuild confidence in navigating healthcare industry expectationsTarget AudienceHealthcare assistants and support staffNew healthcare workers and junior supervisorsNon-clinical staff in hospitals or clinicsNursing, paramedical, and allied health traineesProfessionals entering the healthcare industryCorporate or administrative teams supporting healthcare operationsWhy Choose This Course?This course gives a complete, simple, and practical understanding of how healthcare operates behind the scenes. It helps new and existing healthcare staff build confidence in workflows, quality, safety, teamwork, and regulatory expectations.©2026 Catils. This content is protected by copyright law. Copy or Reproduction without permission is prohibited.Do you want your staff to understand healthcare operations clearly and consistently?
We offer fully customized in-house sessions for hospitals, clinics, labs, and education centers. The training can be aligned to your internal policies, workflows, and industry standards to build a strong and unified workforce.📧 Contact us today to schedule a customized in-house, face-to-face session: info@catils.com","Category: Business, Career",ages 18+,Refunds up to 7 days before event,"Regus ON, Burlington - North Service Road4145 North Service Road  #2nd FloorPh No +1 469 666 9332 Burlington, ON L7L 6A3 Canada",From CA$605.73Multiple dates,Multiple dates
https://www.eventbrite.ca/e/last-minute-deal-make-a-mug-on-a-pottery-wheel-for-couples-tickets-848586153027?aff=ebdssbdestsearch,https://img.evbuc.com/https%3A%2F%2Fcdn.evbuc.com%2Fimages%2F549591919%2F82905912235%2F1%2Foriginal.20230706-131341?w=600&auto=format%2Ccompress&q=75&sharp=10&rect=0%2C60%2C724%2C362&s=3bcc3e07d04218f147c24d286f6ee563,Last minute deal - Make-a-Mug on a Pottery wheel for couples,Artventures,"The introductory workshop allows students to learn how to throw on a  potter's wheel and hand build your own mugWelcome to the captivating world of pottery! In this hands-on class, you will embark on a creative journey to make your own unique mug on a pottery wheel. Guided by experienced instructor, you will learn the art of wheel throwing and experience the joy of transforming a lump of clay into a functional masterpiece.

The class begins with an introduction to the pottery wheel and its various components. You'll become acquainted with the tools and materials used throughout the process, including different types of clay, glazes, and sculpting tools. The instructor will share their expertise, providing valuable insights and tips to help you achieve the best results.

Once you have a solid understanding of the pottery wheel, it's time to get your hands dirty! You'll be given a block of clay and shown how to properly center and prepare it on the wheel. As you start spinning the wheel, you'll feel the clay respond to your touch, gradually taking shape beneath your fingertips.

Under the guidance of the instructor, you will learn essential techniques such as pulling, shaping, and thinning the clay walls to create the desired form of your mug. The process requires focus, patience, and a willingness to experiment. As you refine your skills, you'll gain confidence in controlling the clay's movement and shape.

Once you've molded the basic structure of your mug, it's time to add personal touches and details. You can get creative with handles, textures, and decorative elements to make your mug truly one-of-a-kind. The instructor will provide suggestions and support as you explore different design options, encouraging you to unleash your imagination.

After completing the shaping and decoration, your mug will need to dry and undergo the initial firing process. This ensures that it holds its form and is ready for glazing. Once the pieces are dry you'll have an option to book a subsequent session for $10, where you'll learn about glazes and different coloring techniques, allowing you to add vibrant or subtle hues to your creation.

Once the glazing is complete, your mug will be fired again in a kiln, bringing out the vibrant colors and transforming the raw clay into a durable, functional piece of art. Finally, it's time to behold your masterpiece and take it home with you, ready to be enjoyed with every sip of your favorite beverage.

Participating in a ""Make Your Own Mug on Pottery Wheel"" class not only provides a fantastic opportunity to explore your creativity but also offers a therapeutic experience that allows you to disconnect from the hustle and bustle of everyday life. Whether you're a complete beginner or have some prior experience, this class promises to be an enriching and rewarding journey into the world of pottery. So roll up your sleeves, embrace the tactile nature of clay, and get ready to make a mug that will be treasured for years to come.",Category: Hobbies,In person,No refunds,"Artventures Lakeshore / Bronte2359 Lakeshore Rd. W.Oakville, ON L6L 1H4 Canada",From CA$94.05Multiple dates,Multiple dates
https://www.eventbrite.ca/e/paint-a-tote-in-oakville-tickets-1076553162489?aff=ebdssbdestsearch,https://img.evbuc.com/https%3A%2F%2Fcdn.evbuc.com%2Fimages%2F893910213%2F82905912235%2F1%2Foriginal.20241107-134713?crop=focalpoint&fit=crop&w=600&auto=format%2Ccompress&q=75&sharp=10&fp-x=0.5&fp-y=0.5&s=b223af767b3b3b464a89b00bbb3fb575,Paint a tote in Oakville,Artventures,"Come and enjoy the experience of tote painting. You will be guided step by step to learn how to paint on tote from start to finishThe paint on tote  class involves the application of paint on a cotton tote to create decorative or artistic designs. The class focuses on exploring different painting techniques and styles that can be used to enhance the natural beauty of the tote.
Here is a description of what the class may cover:
Introduction to Totes: The class begins with an introduction to totes as an art medium. Students learn about the characteristics of totes, such as the grain patterns, texture, and natural color variations, which can influence the painting process.
Preparation and Priming: Students are taught how to prepare the tote for painting. This may include applying a primer to improve paint adhesion and prevent bleeding.
Color Theory and Design: The class covers the fundamentals of color theory and design principles as they apply to painting on totes. Students learn about color mixing, shading, blending, and composition to create visually appealing artwork.
Painting Techniques: Various painting techniques specific to totes are explored. This may include brush techniques, stippling, dry brushing, glazing, and layering to achieve different effects and textures on the cotton.
Subject Matter and Themes: Students are encouraged to experiment with different subject matters and themes for their tote paintings. This may range from nature-inspired motifs like landscapes, flowers, and animals to abstract or contemporary designs.
Finishing and Sealing: Once the painting is complete, the class covers techniques for finishing and sealing the artwork to protect it and enhance its longevity. This may involve applying a varnish,  or sealant to preserve the paint and highlight the natural beauty of the tote.
Display and Presentation: The class concludes with discussions on how to display and present the finished totes. Students learn about framing options, mounting techniques, and ways to showcase their artwork in various settings.
Throughout the class, students receive guidance from the instructor, who provides demonstrations, critiques, and individualized feedback to help them improve their painting skills. The aim is to foster creativity and encourage students to explore the unique possibilities offered by painting on totes.",Category: Hobbies,In person,No refunds,"Artventures Lakeshore / Bronte2359 Lakeshore Rd. W.Oakville, ON L6L 1H4 Canada",From CA$32.34Multiple dates,Multiple dates
https://www.eventbrite.ca/e/last-minute-deal-get-curvy-on-pottery-wheel-for-couples-tickets-848582321567?aff=ebdssbdestsearch,https://img.evbuc.com/https%3A%2F%2Fcdn.evbuc.com%2Fimages%2F549611659%2F82905912235%2F1%2Foriginal.20230706-133327?w=600&auto=format%2Ccompress&q=75&sharp=10&rect=0%2C61%2C722%2C361&s=3a50306312be8c985c4e07619149d3d7,"Last minute deal - Get ""Curvy"" on Pottery Wheel for couples",Artventures,"Unique curves and designs are encouraged. You'll make cups, bowls, dishes and more! A perfect choice for beginners or intermediate students.The pottery wheel for couples offers a captivating and immersive experience for two individuals looking to explore the art of pottery and create unique curves and designs together. This specialized wheel workshop is designed to accommodate two participants, allowing them to engage in a shared creative journey.

Crafted with precision and durability, the pottery wheel provides a sturdy foundation for the couple to work on. Its smooth rotating surface responds to the gentle touch of their hands, encouraging a seamless interaction with the clay. The wheel's speed can be easily adjusted, catering to the preferences and skill levels of both individuals.

As the couple sits together or side by side, they are greeted by an array of high-quality clay, ready to be transformed into works of art. The couple's hands meet the malleable material, guiding it onto the spinning wheel. They begin to shape and mold the clay, discovering the sensual curves and lines that emerge under their fingertips.

The wheel allows for synchronized movements, as the couple's hands work in harmony, sharing the weight and pressure applied to the clay. They communicate, exchanging ideas and inspiration, as they explore various techniques and experiment with different pottery forms. Together, they embrace the beauty of imperfection, celebrating the uniqueness of each curve and design that emerges from their collaboration.

With skilled guidance or through their own intuition, the couple can create an assortment of pottery pieces, ranging from delicate vases to intricate bowls or even sculptural artworks. The wheel's versatile design allows them to incorporate their personal flair, adding decorative elements, textured patterns, or intricate carvings to their creations.

Throughout the pottery wheel experience, the couple becomes immersed in a world of creativity and self-expression. They discover the joy of working with their hands, feeling the clay come alive beneath their touch. The process becomes a metaphor for their relationship, as they learn to navigate the ebb and flow of collaboration, supporting and inspiring one another along the way.

In the end, the couple emerges with a collection of pottery pieces that serve as tangible reminders of their shared experience. Each creation tells a story of their journey, encapsulating their unique connection and the artistic exploration they embarked upon together. Whether they display their pottery in their home or gift them to loved ones, these handcrafted pieces become cherished symbols of their bond and the memories they created through their shared passion for pottery.O﻿ptional- pieces can be painted and kiln fired once dry.",Category: Hobbies,In person,No refunds,"Artventures Lakeshore / Bronte2359 Lakeshore Rd. W.Oakville, ON L6L 1H4 Canada",From CA$101.49Multiple dates,Multiple dates
https://www.eventbrite.ca/e/kids-party-pottery-wheel-throwing-tickets-843714792657?aff=ebdssbdestsearch,https://img.evbuc.com/https%3A%2F%2Fcdn.evbuc.com%2Fimages%2F699731269%2F82905912235%2F1%2Foriginal.20240218-191544?w=600&auto=format%2Ccompress&q=75&sharp=10&rect=1%2C409%2C482%2C241&s=bbd8485ec261240a3411a874bd1a0559,Kids Party Pottery wheel throwing,Artventures,"Introduction to pottery.Includes pottery wheel, additional time for handbuilding. We are open daily 9am-11pm. Please email artventuresstudios@gmail.com or text 716-244-2074 to request additional times if event shows sold out.The introductory workshop allows students to learn how to throw on a  potter's wheel and hand build (i.e. add a handle if you made a mug, a lid if you made a jar).  You'll make a cup, vase or bowl on the wheel and then add accents to your piece.Up to 20 participants. EACH PARTICIPANT MUST BOOK.","Category: Hobbies, DIY",In person,No refunds,"Artventures Lakeshore / Bronte2359 Lakeshore Rd. W.Oakville, ON L6L 1H4 Canada",From CA$231.00Multiple dates,Multiple dates
https://www.eventbrite.ca/e/wednesday-night-trivia-at-district-kitchen-bar-in-burlington-tickets-1332364571299?aff=ebdssbdestsearch,https://img.evbuc.com/https%3A%2F%2Fcdn.evbuc.com%2Fimages%2F1012839723%2F230740254100%2F1%2Foriginal.20250420-172457?w=600&auto=format%2Ccompress&q=75&sharp=10&rect=0%2C0%2C2160%2C1080&s=f4607b6beff44e26eec5602ea59e4531,Wednesday Night Trivia at District Kitchen + Bar in Burlington,ruby PUB TRIVIA,"Join us every Wednesday at District Kitchen + Bar in Burlington for ruby PUB TRIVIA - Ontario's #1 trivia game!Reservations on Eventbrite do not guarantee you a spot. Please call District Kitchen + Bar at (289) 337-9454 to reserve your table!
Welcome to Wednesday Night Trivia at District Kitchen + Bar in Burlington! Join Host Alex Tran for a fun-filled evening of brain-teasing questions and great company. District Kitchen + Bar, by B-Social Hospitality, offers classics and innovative chef creations that are all hand crafted and made in house.ruby PUB TRIVIA is a unique visual trivia game that is shown on all the TVs in the venue. We also use digital scoring, so don't forget to bring along a charged mobile device to submit your answers. At half-time, enjoy our game of Heads & Tails for a chance to win an additional prize!Our game is always free to play, and there are always prizes to be won! ruby PUB TRIVIA is the perfect way to test your knowledge and compete with friends. So round up your team, grab a table, and get ready to show off your smarts! Are you coming?","Category: Hobbies, Gaming",all ages,,"District Kitchen and Bar335 Plains Road  L7T 2C8Burlington, ON L7T 2C8 Canada",FreeMultiple dates,Multiple dates
https://www.eventbrite.ca/e/monday-wednesday-night-trivia-at-the-snooty-fox-in-hamilton-tickets-1332315173549?aff=ebdssbdestsearch,https://img.evbuc.com/https%3A%2F%2Fcdn.evbuc.com%2Fimages%2F1174554617%2F230740254100%2F1%2Foriginal.20260111-183746?w=600&auto=format%2Ccompress&q=75&sharp=10&rect=0%2C0%2C2160%2C1080&s=16ec82cccee8e82f4cde51fdb2a2fdf6,Monday & Wednesday Night Trivia at The Snooty Fox in Hamilton,ruby PUB TRIVIA,"Join us every Monday & Wednesday at The Snooty Fox in Hamilton for ruby PUB TRIVIA - Ontario's #1 trivia game!Reservations on Eventbrite do not guarantee you a spot. The Snooty Fox is WALK-INS ONLY for Trivia.Welcome to Monday & Wednesday Night Trivia at The Snooty Fox in Hamilton! Join Host Erin McGean for a fun-filled evening of brain-teasing questions and great company. The Snooty Fox is a cozy, British-style pub known for its relaxed atmosphere, classic decor, and hearty comfort food like burgers and fish and chips - a favorite spot for locals!PLEASE NOTE: Monday night is Version 1 at 7:29pm and Wednesday night is Version 2 at 7:59pm. Monday night will be running from September to April, and Wednesday is year-round.ruby PUB TRIVIA is a unique visual trivia game that is shown on all the TVs in the venue. We also use digital scoring, so don't forget to bring along a charged mobile device to submit your answers. At half-time, enjoy our game of Heads & Tails for a chance to win an additional prize!Our game is always free to play, and there are always prizes to be won! ruby PUB TRIVIA is the perfect way to test your knowledge and compete with friends. So round up your team, grab a table, and get ready to show off your smarts! Are you coming?","Category: Hobbies, Gaming",all ages,,"Snooty Fox1011 King Street WestHamilton, ON L8S 1L1 Canada",FreeMultiple dates,Multiple dates
https://www.eventbrite.ca/e/thursday-night-trivia-at-thirsty-cactus-in-dundas-tickets-1332429054169?aff=ebdssbdestsearch,https://img.evbuc.com/https%3A%2F%2Fcdn.evbuc.com%2Fimages%2F1012854833%2F230740254100%2F1%2Foriginal.20250420-181805?w=600&auto=format%2Ccompress&q=75&sharp=10&rect=0%2C0%2C2160%2C1080&s=876b6855927104b47a9a90e2f3d92e34,Thursday Night Trivia at Thirsty Cactus in Dundas,ruby PUB TRIVIA,"Join us every Thursday at Thirsty Cactus in Dundas for ruby PUB TRIVIA - Ontario's #1 trivia game!Reservations on Eventbrite do not guarantee you a spot. Please call Thirsty Cactus at (905) 627-8488 to reserve your table!
Welcome to Thursday Night Trivia at Thirsty Cactus in Dundas! Join Host Erin McGean for a fun-filled evening of brain-teasing questions and great company. Thirsty Cactus serves up traditional Southwestern dishes and has 26 draught taps to choose from! ruby PUB TRIVIA is a unique visual trivia game that is shown on all the TVs in the venue. We also use digital scoring, so don't forget to bring along a charged mobile device to submit your answers. At half-time, enjoy our game of Heads & Tails for a chance to win an additional prize!Our game is always free to play, and there are always prizes to be won! ruby PUB TRIVIA is the perfect way to test your knowledge and compete with friends. So round up your team, grab a table, and get ready to show off your smarts! Are you coming?","Category: Hobbies, Gaming",all ages,,"Thirsty Cactus2 King Street EastHamilton, ON L9H 2P7 Canada",FreeMultiple dates,Multiple dates
https://www.eventbrite.ca/e/thursday-night-trivia-at-the-hungry-italian-in-oakville-tickets-1332453607609?aff=ebdssbdestsearch,https://img.evbuc.com/https%3A%2F%2Fcdn.evbuc.com%2Fimages%2F1012857903%2F230740254100%2F1%2Foriginal.20250420-183144?w=600&auto=format%2Ccompress&q=75&sharp=10&rect=0%2C0%2C2160%2C1080&s=a963f1b51c51ebee79759ca8134c113d,Thursday Night Trivia at The Hungry Italian in Oakville,ruby PUB TRIVIA,"Join us every Thursday at The Hungry Italian in Oakville for ruby PUB TRIVIA - Ontario's #1 trivia game!Reservations on Eventbrite do not guarantee you a spot. Please call The Hungry Italian at (905) 822-1411 to reserve your table!
Welcome to Thursday Night Trivia at The Hungry Italian in Oakville! Join Host Jamie Bernard for a fun-filled evening of brain-teasing questions and great company. The Hungry Italian is a delightful culinary gem, blending rustic charm with a warm, inviting atmosphere. Known for its authentic homemade pasta and rich sauces, the menu showcases traditional recipes passed down through generations.ruby PUB TRIVIA is a unique visual trivia game that is shown on all the TVs in the venue. We also use digital scoring, so don't forget to bring along a charged mobile device to submit your answers. At half-time, enjoy our game of Heads & Tails for a chance to win an additional prize!Our game is always free to play, and there are always prizes to be won! ruby PUB TRIVIA is the perfect way to test your knowledge and compete with friends. So round up your team, grab a table, and get ready to show off your smarts! Are you coming?","Category: Hobbies, Gaming",all ages,,"The Hungry Italian (Dragon/Mickeys)1911 Ironoak WayOakville, ON L6H 0N1 Canada",FreeMultiple dates,Multiple dates
https://www.eventbrite.ca/e/tuesday-night-trivia-at-the-dickens-in-burlington-tickets-1332034183099?aff=ebdssbdestsearch,https://img.evbuc.com/https%3A%2F%2Fcdn.evbuc.com%2Fimages%2F1012666453%2F230740254100%2F1%2Foriginal.20250419-234925?w=600&auto=format%2Ccompress&q=75&sharp=10&rect=0%2C0%2C6750%2C3375&s=a9e8cf4d173705da175ec09e0639dfe7,Tuesday Night Trivia at The Dickens in Burlington,ruby PUB TRIVIA,"Join us every Tuesday at The Dickens in Burlington for ruby PUB TRIVIA - Ontario's #1 trivia game!Reservations on Eventbrite do not guarantee you a spot. Please call The Dickens at (905) 333-4991 to reserve your table!
Welcome to Tuesday Night Trivia at The Dickens in Burlington! Join Host Luke Hildebrandt for a fun-filled evening of brain-teasing questions and great company. The Dickens, by B-Social Hospitality, is Burlington's premier pub destination where memories are made with friends.ruby PUB TRIVIA is a unique visual trivia game that is shown on all the TVs in the venue. We also use digital scoring, so don't forget to bring along a charged mobile device to submit your answers. At half-time, enjoy our game of Heads & Tails for a chance to win an additional prize!Our game is always free to play, and there are always prizes to be won! ruby PUB TRIVIA is the perfect way to test your knowledge and compete with friends. So round up your team, grab a table, and get ready to show off your smarts! Are you coming?","Category: Hobbies, Gaming",all ages,,"The Dickens423 Elizabeth StreetBurlington, ON L7R 2L8 Canada",FreeMultiple dates,Multiple dates
https://www.eventbrite.ca/e/tuesday-night-trivia-at-the-powerhouse-in-stoney-creek-tickets-1332032036679?aff=ebdssbdestsearch,https://img.evbuc.com/https%3A%2F%2Fcdn.evbuc.com%2Fimages%2F1012662733%2F230740254100%2F1%2Foriginal.20250419-233124?w=600&auto=format%2Ccompress&q=75&sharp=10&rect=0%2C0%2C6750%2C3375&s=408dace586b004c9f9c7a5f5fa9581f1,Tuesday Night Trivia at The Powerhouse in Stoney Creek,ruby PUB TRIVIA,"Join us every Tuesday at The Powerhouse in Stoney Creek for ruby PUB TRIVIA - Ontario's #1 trivia game!Reservations on Eventbrite do not guarantee you a spot. Please call The Powerhouse at (905) 930-7831 to reserve your table!
Welcome to Tuesday Night Trivia at The Powerhouse in Stoney Creek! Join Host Rob Kalmar for a fun-filled evening of brain-teasing questions and great company. The Powerhouse, by B-Social Hospitaly, brings you a casual menu celebrating American and international fare! ruby PUB TRIVIA is a unique visual trivia game that is shown on all the TVs in the venue. We also use digital scoring, so don't forget to bring along a charged mobile device to submit your answers. At half-time, enjoy our game of Heads & Tails for a chance to win an additional prize!Our game is always free to play, and there are always prizes to be won! ruby PUB TRIVIA is the perfect way to test your knowledge and compete with friends. So round up your team, grab a table, and get ready to show off your smarts! Are you coming?","Category: Hobbies, Gaming",all ages,,"The Powerhouse21 Jones StreetStoney Creek, ON L8G 3H9 Canada",FreeMultiple dates,Multiple dates
https://www.eventbrite.ca/e/tuesday-night-trivia-at-southcote-53-in-ancaster-tickets-1332030191159?aff=ebdssbdestsearch,https://img.evbuc.com/https%3A%2F%2Fcdn.evbuc.com%2Fimages%2F1012659193%2F230740254100%2F1%2Foriginal.20250419-231601?w=600&auto=format%2Ccompress&q=75&sharp=10&rect=0%2C0%2C6750%2C3375&s=58273af541dfb885f935476823fd0477,Tuesday Night Trivia at Southcote 53 in Ancaster,ruby PUB TRIVIA,"Join us every Tuesday at Southcote 53 in Ancaster for ruby PUB TRIVIA - Ontario's #1 trivia game!Reservations on Eventbrite do not guarantee you a spot. Please call Soutchote 53 at (289) 239-8888 to reserve your table!
Welcome to Tuesday Night Trivia at Southcote 53 in Ancaster! Join Host Alex Tran for a fun-filled evening of brain-teasing questions and great company. Southcote 53, by B-Social Hospitaly, is the perfect spot for mouth-watering casual dining, offering comforting classics and elevated favourites.ruby PUB TRIVIA is a unique visual trivia game that is shown on all the TVs in the venue. We also use digital scoring, so don't forget to bring along a charged mobile device to submit your answers. At half-time, enjoy our game of Heads & Tails for a chance to win an additional prize!Our game is always free to play, and there are always prizes to be won! ruby PUB TRIVIA is the perfect way to test your knowledge and compete with friends. So round up your team, grab a table, and get ready to show off your smarts! Are you coming?","Category: Hobbies, Gaming",all ages,,"Southcote 53534 Garner Road EastAncaster, ON L9G 3K9 Canada",FreeMultiple dates,Multiple dates
https://www.eventbrite.ca/e/tuesday-night-trivia-at-squires-gastro-pub-in-burlington-tickets-1332051534999?aff=ebdssbdestsearch,https://img.evbuc.com/https%3A%2F%2Fcdn.evbuc.com%2Fimages%2F1012683163%2F230740254100%2F1%2Foriginal.20250420-010633?w=600&auto=format%2Ccompress&q=75&sharp=10&rect=0%2C0%2C6750%2C3375&s=41327ad0e09081a7858a945a6e2744a3,Tuesday Night Trivia at Squires Gastro Pub in Burlington,ruby PUB TRIVIA,Join us every Tuesday at Squires Gastro Pub in Burlington for ruby PUB TRIVIA - Ontario's #1 trivia game!,"Category: Hobbies, Gaming",all ages,,"Squires Gastro Pub3537 Fairview StreetBurlington, ON L7N 2R4 Canada",FreeMultiple dates,Multiple dates
https://www.eventbrite.ca/e/movie-on-the-train-a-nod-to-the-oscars-marty-supreme-tickets-1981945648788?aff=ebdssbdestsearch,https://img.evbuc.com/https%3A%2F%2Fcdn.evbuc.com%2Fimages%2F1176175691%2F2250129042403%2F1%2Foriginal.20260129-165119?w=600&auto=format%2Ccompress&q=75&sharp=10&rect=0%2C40%2C1920%2C960&s=a3aeecc9157c5d460b15d5738c258227,Movie on the Train - A Nod to the Oscars - Marty Supreme,Hamilton Prop House,"A perfect Oscar-season pick packed with momentum, personality, and edge - Marty Supreme is sure to be a contender!🎬 Movie on the Train — Marty SupremeFriday March 6th · 9PM
Nod to the OscarsMarty Supreme is a fast-paced sports drama inspired by the larger-than-life world of professional table tennis hustling. The story follows a gifted, street-smart player who rises from scrappy underground matches to high-stakes competition, navigating fame, pressure, and personal demons along the way.Driven by kinetic style, sharp humour, and intense character moments, the film blends sports energy with character study — delivering a story about ambition, risk, and what it costs to chase greatness when every match feels like a gamble.A perfect Oscar-season pick packed with momentum, personality, and edge. 🏓🍿","Category: Film & Media, Film",ages 19+,,"Hamilton Prop House422 Barton Street EastHamilton, ON L8L 5T3 Canada",,
https://www.eventbrite.ca/e/monday-night-trivia-at-the-pheasant-plucker-in-hamilton-tickets-1305646837839?aff=ebdssbdestsearch,https://img.evbuc.com/https%3A%2F%2Fcdn.evbuc.com%2Fimages%2F995876573%2F230740254100%2F1%2Foriginal.20250329-230051?w=600&auto=format%2Ccompress&q=75&sharp=10&rect=0%2C0%2C6750%2C3375&s=0d88a672954c5a463d28ae894621da8e,Monday Night Trivia at The Pheasant Plucker in Hamilton,ruby PUB TRIVIA,"Join us every Monday at The Pheasant Plucker in Hamilton for ruby PUB TRIVIA - Ontario's #1 trivia game!Reservations on Eventbrite do not guarantee you a spot. Please call The Pheasant Plucker at (905) 529-9000 to reserve your table!
Welcome to Monday Night Trivia at The Pheasant Plucker in Hamilton! Join Host Master Ryan Samas for a fun-filled evening of brain-teasing questions, great company, and delicious drinks. The Pheasant Plucker, by B-Social Hospitality, is one of Hamiton's original old British pubs and offers a huge selection of traditional pub fare!ruby PUB TRIVIA is a unique visual trivia game that is shown on all the TVs in the venue. We also use digital scoring, so don't forget to bring along a charged mobile device to submit your answers. At half-time, enjoy our game of Heads & Tails for a chance to win an additional prize!Our game is always free to play, and there are always prizes to be won! ruby PUB TRIVIA is the perfect way to test your knowledge and compete with friends. So round up your team, grab a table, and get ready to show off your smarts! Are you coming?","Category: Hobbies, Gaming",all ages,,"The Pheasant Plucker20 Augusta StreetHamilton, ON L8N 1P7 Canada",FreeMultiple dates,Multiple dates
https://www.eventbrite.ca/e/seniors-weekly-recreation-program-tickets-1980809252797?aff=ebdssbdestsearch,https://img.evbuc.com/https%3A%2F%2Fcdn.evbuc.com%2Fimages%2F1175178952%2F223280238994%2F1%2Foriginal.20260118-154422?w=600&auto=format%2Ccompress&q=75&sharp=10&rect=0%2C0%2C928%2C464&s=b7405581e3b5d23a6fb09405d0e30494,Seniors Weekly Recreation Program,Sons & Daughters of Italy Hamilton Community Group,"Seniors Weekly Recreation ProgramRecreational Programming ExamplesStructured social interaction programs to reduce isolation and foster meaningful peer connections in a welcoming, community-based environmentGroup activities designed to promote cognitive engagement, companionship, and active participationOn-site wellness clinics offering preventative health screenings, health education, and access to community health resourcesLight fitness and mobility programs tailored to seniors, focusing on balance, strength, and flexibilityRecreational programming including games, arts and culture, music, and intergenerational activitiesNutritious Italian lunch service prepared in accordance with seniors’ dietary needs, emphasizing traditional cuisine and shared diningSafe, accessible facilities with staff oversight to support independence while providing appropriate care and supervisionCare Level: Participants eligibility is subject to a Senior's Care Level Assessment. At this time we are not able to host those with physical/cognitive disabilities needing supervision.",,In person,,"Hamilton Italian Centre - SDI Hamilton420 Crerar DriveHamilton, ON L9A 5K3 Canada",,
https://www.eventbrite.ca/e/henrys-limeridge-photo-101-an-introduction-to-photography-tickets-1981600329930?aff=ebdssbdestsearch,https://img.evbuc.com/https%3A%2F%2Fcdn.evbuc.com%2Fimages%2F593562659%2F112847764247%2F1%2Foriginal.20230908-174446?w=600&auto=format%2Ccompress&q=75&sharp=10&rect=0%2C301%2C2122%2C1061&s=a3c4e2f60a0d7f71d9d97210b73e7efe,Henry's Limeridge: Photo 101 - an Introduction to Photography,Henry's Camera,"Ready to transform your photography skills from ordinary to extraordinary?Join the Henry's Limeridge team to learn the basics of photography!

Ignite your passion for photography with a comprehensive guide to the fundamentals! From mastering your camera to crafting visually appealing compositions, this workshop empowers you to capture the world around you.

In this workshop you will learn the various controls on your camera, common settings and more are explained.","Category: Hobbies, Photography",In person,,"Henry's Camera999 Upper Wentworth StreetHamilton, ON L9A 4X5 Canada",,
https://www.eventbrite.ca/e/rom-com-trivia-night-boston-pizza-waterdown-tickets-1980663879983?aff=ebdssbdestsearch,https://img.evbuc.com/https%3A%2F%2Fcdn.evbuc.com%2Fimages%2F1174990919%2F204110462347%2F1%2Foriginal.20260115-200714?w=600&auto=format%2Ccompress&q=75&sharp=10&s=0c352d2e00a32b3cf27c57309535bbff,ROM COM Trivia Night - Boston Pizza Waterdown,Hub of Trivia & Events - Hamilton,"Trivia all about LOVE MOVIES!It's 4 rounds with questions of every level of difficulty about ROM COMS!Make a reservation is as easy as doing it through the event OR by calling (905) 690-1500, it's FREE TO PLAY and we start at 7:30! Teams of up to 6.Bring a charged smartphone and a Smart Friend!💡Powered by Hub of Trivia & Events💡","Category: Film & Media, TV",In person,,"Boston Pizza4 Horseshoe CrescentHamilton, ON L0R 2H2 Canada",,
https://www.eventbrite.ca/e/the-smart-start-first-time-home-buyer-event-tickets-1979761088710?aff=ebdssbdestsearch,https://img.evbuc.com/https%3A%2F%2Fcdn.evbuc.com%2Fimages%2F1174028933%2F1533331659643%2F1%2Foriginal.20260105-190115?crop=focalpoint&fit=crop&w=600&auto=format%2Ccompress&q=75&sharp=10&fp-x=0.5&fp-y=0.5&s=ba09f6aff76214fe346af2d930d55024,THE SMART START FIRST TIME HOME BUYER EVENT,"Plus, all attendees will have a chance to win a $250 gift card through our special giveaway at the event.","Join us in person for The Smart Start—an essential first-time home buyer session packed with tips, guidance, and clarity to start smartBuying your first home can feel overwhelming—I’ve seen that for over 25 years. The good news is, there are more ways to get into the market than most people realize. At THE SMART START, my team and I will walk you through the buying process in a clear, honest, and practical way, so you understand your options and feel confident about your next steps.We’ll talk about creative ways into homeownership, including co-ownership and other strategies that can make buying more achievable. You’ll also hear from a trusted mortgage agent who will answer your mortgage questions—no pressure, no jargon, just real answers so you know exactly what to expect.This in-person session is designed for first-time buyers who want guidance, clarity, and a plan. If you’re thinking about buying now or in the near future, I encourage you to register and join us—this is the first step to starting smart.Plus, all attendees will have a chance to win a $250 gift card through our special giveaway at the event.","Category: Business, Real Estate",all ages,,"860 Queenston Rd860 Queenston RoadHamilton, ON L8G 4A8 Canada",,
https://www.eventbrite.ca/e/international-womens-day-film-screening-the-nest-tickets-1981583010126?aff=ebdssbdestsearch,https://img.evbuc.com/https%3A%2F%2Fcdn.evbuc.com%2Fimages%2F1175843713%2F460269310754%2F1%2Foriginal.20260126-152822?crop=focalpoint&fit=crop&w=600&auto=format%2Ccompress&q=75&sharp=10&fp-x=0.522&fp-y=0.842&s=752197a49b614fbe98b6dbca4c0731b7,"International Women's Day Film screening ""The Nest""",,"Join us in person to celebrate women with CFUW Milton  this International Women's Day! Join us March 6  for a film starting at noonInternational Women's Day Film ScreeningJoin us for an in-person celebration of International Women's Day with a special film screening! It's the perfect chance to raise your voice for women's equality, and be inspired by stories that celebrate women’s strength and creativity. Bring your friends, enjoy a made-in-Canada film about Matriarchs, and honor the amazing achievements and journeys of women around the world. Don’t miss out on this fun and empowering event!","Category: Film & Media, Film",all ages,,"Milton Town Hall150 Mary StreetMilton, ON L9T 6Z5 Canada",,
https://www.eventbrite.ca/e/empowered-women-empower-women-2026-unlearning-becoming-tickets-1981400296625?aff=ebdssbdestsearch,https://img.evbuc.com/https%3A%2F%2Fcdn.evbuc.com%2Fimages%2F1175625311%2F2811461136991%2F1%2Foriginal.20260123-063747?crop=focalpoint&fit=crop&w=600&auto=format%2Ccompress&q=75&sharp=10&fp-x=0.56&fp-y=0.359&s=44d16fa7ed0ea65d4e7eff72cd06b0f3,"Empowered Women , Empower Women 2026: Unlearning & Becoming",Emp.owerment2020,"Join us for a day of growth, reflection, and empowerment at Empowered Women, Empower Women 2026: Unlearning & Becoming.Get ready for Emp.owerment2020's 3rd annual ""Empowered Women, Empower Women""  International Women’s Day Event- another experience like no other! This year's theme Unlearning & Becoming - is filled with real stories, key take aways, bold conversations, and unforgettable moments led by women in our community.
This year, we’re diving into the things we were taught to shrink, hide, or silence—and replacing them with growth, truth, and becoming our fullest selves. From inspiring speakers to meaningful conversations and vibrant community energy, this event is designed to lift you up, dig deeper, spark something new, and remind you just how powerful women are when we come together.
What’s Happening• Guest speakers sharing their untold stories• Engaging conversations on unlearning and personal growth• Local women-owned vendors showcasing their products and services• A beautiful space to be inspired, seen, and recharged
Why It's Important For You To Be ThereBecause this isn’t just an event—it’s a moment. A movement. A chance to connect with other women, reflect on your journey, and walk away feeling energized, empowered, and ready for what’s next.","Category: Community, Other",all ages,,"Agape Garden Event Venue410 Lewis Road#Unit 4 Hamilton, ON L8E 5Y7 Canada",,
https://www.eventbrite.ca/e/ultimate-dark-chocolate-making-workshop-vegan-hamilton-location-tickets-53823593818?aff=ebdssbdestsearch,https://img.evbuc.com/https%3A%2F%2Fcdn.evbuc.com%2Fimages%2F803728429%2F34771446166%2F1%2Foriginal.20240708-181248?w=600&auto=format%2Ccompress&q=75&sharp=10&rect=0%2C29%2C650%2C325&s=7f5e868ab69bc365f2b908942dab8170,Ultimate Dark Chocolate Making Workshop - Vegan (Hamilton Location),Chocolate Tales,"Make your own delicious and  Vegan chocolate treats!Discover the wonderful world of dark chocolate making. Make your own delicious and Vegan chocolate treats using super-food ingredients. Take home a bag full of Nut-free, vegan delicious treats made by You!*Suitable for all ages and levels of knowledge Program: Gourmet vegan Drinking chocolate, 80% Dark chocolate bar with dried fruit and seeds rich dark chocolate Truffle-Bites from scratch, Take Home Packaging.Duration: 90 MinutesClick here to watch this workshop in action!","Category: Food & Drink, Food",In person,No refunds,"Chocolate Tales - Hamilton Chocolate Making Studio430 York BoulevardHamilton, ON L8R 3K8 Canada",From CA$84.75Multiple dates,Multiple dates
https://www.eventbrite.com/e/when-women-gather-monthly-womens-circle-tickets-1982239515752?aff=ebdssbdestsearch,https://img.evbuc.com/https%3A%2F%2Fcdn.evbuc.com%2Fimages%2F1176507084%2F2986993152822%2F1%2Foriginal.20260202-223505?w=600&auto=format%2Ccompress&q=75&sharp=10&rect=0%2C230%2C3024%2C1512&s=546d9f259d410cc2275f1e0b99a184f8,When Women Gather- Monthly Women's Circle,soulwork,"A monthly ritual for connection, community, and consciousness- we gather to heal, renew, and connect through spirit.How incredible would you feel if one Sunday every month, you dedicated a few hours to your spiritual and emotional healing with a lovely group of women?There is much to be stressed and down about, let's take this time to be intentional about our energy and spreading love. This is a gentle, real, grounding space for women who want to dive deeper into what already feels good.Here’s what we’ll do together:Slow down. Like, actually slow down.Look back at the parts of life that lift you instead of drain you.Move your body to release what your mind has been holding on to.Set realistic intentions for the future that feel reachable.Enjoy sound therapy, community, and soulworkEnjoy treats, drinks, and gifts from our incredible sponsors.Each month will follow a similar structure with new themes. And you’ll do it inside a small, cozy circle with women who get it.As always, this event is Pay What You Can.Choose the tier that feels right for you:Supporter — $44.44 If you’re in a softer financial season, you’re welcome here.Sustainer — $55.55 Covers your spot and supports the SoulWork studio.Expansion — $77.77 If you’re feeling abundant and want to pour extra energy into this work.Each tier receives the same ceremony, same gifts, same experience.
Just choose the one that feels aligned.If you want to feel grounded and at ease, I’d love to have you there.
→ Grab your spot by buying your ticket or send me an email at lexi@soul-work.caWith so much love,
Lexi","Category: Community, Other",ages 18+,Refunds up to 7 days before event,"1312 Speers Rd1312 Speers RoadOakville, ON L6L 2X4 Canada",From CA$44.44Multiple dates,Multiple dates
https://www.eventbrite.ca/e/french-macaron-class-nut-free-hamilton-location-tickets-44644548045?aff=ebdssbdestsearch,https://img.evbuc.com/https%3A%2F%2Fcdn.evbuc.com%2Fimages%2F387061469%2F34771446166%2F1%2Foriginal.20221104-145257?w=600&auto=format%2Ccompress&q=75&sharp=10&rect=0%2C125%2C1500%2C750&s=d98260d97c8a8d6e1d17fbd86596a53c,French Macaron Class - Nut Free  (Hamilton Location),Chocolate Tales,"Enjoy a Hands-On entertaining class on how to perfect your skills so that you can make your own delectable French MacaronsEnjoy a Hands-On entertaining class on how to perfect your skills so that you can make your own delectable French Macarons (Nut Free) at home for family and friends.Program Details:History and Science of French MacaronsMaking the BatterPiping, Baking, and FillingMaking Ganache From Scratch DemonstrationElegant Take Home Packaging + Take Home Recipe SheetApprox. 12+ Macarons per person to take home*Suitable for all levels of knowledgeRecommended Age: 12-99**Approx. 12+ Macarons per person take homeDuration: 2+ HoursAllergy Information: Nut Free, Kosher, Gluten FreeClick here to watch this workshop in action!","Category: Food & Drink, Beer",In person,,"Chocolate Tales Studio430 York BlvdHamilton, ON L8R 3K8 Canada",From CA$85.00Multiple dates,Multiple dates
https://www.eventbrite.ca/e/tuesday-trivia-at-electric-diner-hamilton-tickets-1979482697033?aff=ebdssbdestsearch,https://img.evbuc.com/https%3A%2F%2Fcdn.evbuc.com%2Fimages%2F1173812926%2F204110462347%2F1%2Foriginal.20260101-233258?w=600&auto=format%2Ccompress&q=75&sharp=10&rect=0%2C0%2C2160%2C1080&s=2bcdb7b5af6b237342ad6e262a016b98,Tuesday Trivia at Electric Diner (Hamilton),Hub of Trivia & Events - Hamilton,,,,,,,
https://www.eventbrite.ca/e/tuesday-night-trivia-at-shoeless-joes-in-milton-tickets-1722532072799?aff=ebdssbdestsearch,https://img.evbuc.com/https%3A%2F%2Fcdn.evbuc.com%2Fimages%2F1130189923%2F230740254100%2F1%2Foriginal.20250920-171545?w=600&auto=format%2Ccompress&q=75&sharp=10&rect=0%2C0%2C2160%2C1080&s=9719ab1a8dfb88a010926926b6238eaa,Tuesday Night Trivia at Shoeless Joe's in Milton,ruby PUB TRIVIA,"Join us every Tuesday at Shoeless Joe's in Milton for ruby PUB TRIVIA - Ontario's #1 trivia game!Reservations on Eventbrite do not guarantee you a spot. Please call Shoeless Joe's at (905) 864-9779 to reserve your table!
Welcome to Tuesday Night Trivia at Shoeless Joe's in Milton! Join Host Neal Macfarlane for a fun-filled evening of brain-teasing questions and great company. Shoeless Joe’s Pub is your go-to spot for big screens, bold flavors, and even bigger laughs. Whether you’re there for the game, the nachos, or just the vibe, it never disappoints!ruby PUB TRIVIA is a unique visual trivia game that is shown on all the TVs in the venue. We also use digital scoring, so don't forget to bring along a charged mobile device to submit your answers. At half-time, enjoy our game of Heads & Tails for a chance to win an additional prize!Our game is always free to play, and there are always prizes to be won! ruby PUB TRIVIA is the perfect way to test your knowledge and compete with friends. So round up your team, grab a table, and get ready to show off your smarts! Are you coming?","Category: Hobbies, Gaming",all agesIn person,NA,"800 Main St E800 Main Street EastMilton, ON L9T 0J4 Canada",FreeMultiple dates,Multiple dates
https://www.eventbrite.ca/e/wednesday-night-trivia-at-kelseys-burloak-in-oakville-tickets-1980815412220?aff=ebdssbdestsearch,https://img.evbuc.com/https%3A%2F%2Fcdn.evbuc.com%2Fimages%2F1175179750%2F230740254100%2F1%2Foriginal.20260118-174827?w=600&auto=format%2Ccompress&q=75&sharp=10&rect=0%2C0%2C2160%2C1080&s=2e0f90040cda1bd24413f0248c66feca,Wednesday Night Trivia at Kelsey's Burloak in Oakville,ruby PUB TRIVIA,"Join us every Wednesday at Kelsey's Burloak in Oakville for ruby PUB TRIVIA - Ontario's #1 trivia game!Reservations on Eventbrite do not guarantee you a spot. Please call Kelsey's Burloak at (905) 825-9134 to reserve your table!
Welcome to Wednesday Night Trivia at Kelsey's Burloak in Oakville! Join Host John Rudyk for a fun-filled evening of brain-teasing questions and great company. Kelsey's Original Roadhouse has a warm, laid-back, and lively vibe with a nostalgic roadhouse feel - the kind of place where you can kick back with friends!ruby PUB TRIVIA is a unique visual trivia game that is shown on all the TVs in the venue. We also use digital scoring, so don't forget to bring along a charged mobile device to submit your answers. At half-time, enjoy our game of Heads & Tails for a chance to win an additional prize!Our game is always free to play, and there are always prizes to be won! ruby PUB TRIVIA is the perfect way to test your knowledge and compete with friends. So round up your team, grab a table, and get ready to show off your smarts! Are you coming?","Category: Hobbies, Gaming",all agesIn person,NA,"3549 Wyecroft Rd3549 Wyecroft RoadOakville, ON L6L 0B7 Canada",FreeMultiple dates,Multiple dates
https://www.eventbrite.ca/e/science-explorers-tickets-1976211578028?aff=ebdssbdestsearch,https://img.evbuc.com/https%3A%2F%2Fcdn.evbuc.com%2Fimages%2F1172914344%2F1982818354763%2F1%2Foriginal.20251213-204904?crop=focalpoint&fit=crop&w=600&auto=format%2Ccompress&q=75&sharp=10&fp-x=0.5&fp-y=0.5&s=69149d22fddca657c6128bdc95e59586,Science Explorers,West Lincoln Public Library,"Explore science with a new experiment each month—ice cream in a bag, sound with sprinkles, cotton ball launchers. Registration required.Explore the fascinating world of science through a different and engaging experiment each month. In January we will conduct a chemistry experiment, making ice cream in a bag and February will have us creating cotton ball launchers to examine the effects of kinetic energy. In March we will take a closer look at how sound works using sprinkles. Recommended for ages 7-11. Registration required.","Category: Science & Tech, Science",In person,NA,"West Lincoln Public Library - Caistorville branch9549 York StreetCanfield, ON N0A 1C0 Canada",FreeMultiple dates,Multiple dates
https://www.eventbrite.ca/e/ancaster-womens-collective-tickets-1980649032574?aff=ebdssbdestsearch,https://img.evbuc.com/https%3A%2F%2Fcdn.evbuc.com%2Fimages%2F1173859485%2F2821054312421%2F1%2Foriginal.20260102-200620?w=600&auto=format%2Ccompress&q=75&sharp=10&rect=0%2C0%2C2160%2C1080&s=a299b85200c0c53ec7616703634ad0b2,Ancaster Women's Collective,Mingle & Marvel and Curated by Charlé,"Join us at the Ancaster Women’s Collective for an evening celebrating connection, creativity, and the amazing women in our community.Welcome to the Ancaster Women’s Collective! 
Join us for a warm, welcoming evening designed for connection and community—beyond business, beyond networking, and rooted in real relationships.Whether you’ve joined us before or it’s your first time, this is your invitation to come as you are—to laugh, learn, and be lifted by the power of women supporting women.✨ Expect meaningful conversations, a few guided discussion prompts, and plenty new connections.Rooted in the principles of wholebeing happiness, this evening nurtures both creativity and connection — reminding us that joy grows when we make, share, and flourish together.Brought to you byMingle & Marvel
As Canada’s first happiness centre, Mingle & Marvel offers evidence-based programs, coaching, workshops, and community experiences that help you proactively cultivate wholebeing happiness as a lifestyle—from the inside out. We believe happiness isn’t just about feeling good when things go right—it’s about having the tools, mindset, and daily practices to meet life with purpose, resilience, and joy.Curated by Charlé
Helping you curate the life you want to live through functional wellness, Charlé brings heart, intention, and a passion for helping women feel their best.Don’t miss this opportunity to connect, collaborate, and grow with an incredible community of women who believe in lifting each other up.
✨ We can’t wait to see you!","Category: Community, Other",In person,NA,"Southcote 53 Tap and Grill534 Garner Road EastHamilton, ON L9G 2M6 Canada",FreeMultiple dates,Multiple dates
https://www.eventbrite.ca/e/music-bingo-thursdays-at-malarkey-hamilton-tickets-1979615010787?aff=ebdssbdestsearch,https://img.evbuc.com/https%3A%2F%2Fcdn.evbuc.com%2Fimages%2F1173898460%2F204110462347%2F1%2Foriginal.20260103-161425?w=600&auto=format%2Ccompress&q=75&sharp=10&rect=0%2C0%2C2160%2C1080&s=c775160788ef1962c289c462bbec4b63,MUSIC BINGO Thursdays at Malarkey - Hamilton,Hub of Trivia & Events - Hamilton,,,,NA,,,
https://www.eventbrite.ca/e/tuesday-night-trivia-at-east-end-social-in-hamilton-tickets-1980323902100?aff=ebdssbdestsearch,https://img.evbuc.com/https%3A%2F%2Fcdn.evbuc.com%2Fimages%2F1174556983%2F230740254100%2F1%2Foriginal.20260111-191045?w=600&auto=format%2Ccompress&q=75&sharp=10&rect=0%2C0%2C2160%2C1080&s=5f47c93481ed6b7f2198c25ef2972a3b,Tuesday Night Trivia at East End Social in Hamilton,ruby PUB TRIVIA,"Join us every Tuesday at East End Social in Hamilton for ruby PUB TRIVIA - Ontario's #1 trivia game!Reservations on Eventbrite do not guarantee you a spot. Please call The Powerhouse at (289) 389-6992 to reserve your table!
Welcome to Tuesday Night Trivia at East End Social in Hamilton! Join Host Erin McGean for a fun-filled evening of brain-teasing questions and great company. East End Social serves up locally inspired dishes and offers warm hospitality!ruby PUB TRIVIA is a unique visual trivia game that is shown on all the TVs in the venue. We also use digital scoring, so don't forget to bring along a charged mobile device to submit your answers. At half-time, enjoy our game of Heads & Tails for a chance to win an additional prize!Our game is always free to play, and there are always prizes to be won! ruby PUB TRIVIA is the perfect way to test your knowledge and compete with friends. So round up your team, grab a table, and get ready to show off your smarts! Are you coming?","Category: Hobbies, Gaming",all agesIn person,NA,"East End Social Bar & Grill1342 Highway 8Hamilton, ON L8K 1B5 Canada",FreeMultiple dates,Multiple dates
https://www.eventbrite.ca/e/monday-night-trivia-at-boston-pizza-in-oakville-tickets-1972009203613?aff=ebdssbdestsearch,https://img.evbuc.com/https%3A%2F%2Fcdn.evbuc.com%2Fimages%2F1174555544%2F230740254100%2F1%2Foriginal.20260111-185214?w=600&auto=format%2Ccompress&q=75&sharp=10&rect=0%2C0%2C2160%2C1080&s=99dcff54daec7086cbf930479cbc0454,Monday Night Trivia at Boston Pizza in Oakville,ruby PUB TRIVIA,"Join us every Monday at Boston Pizza in Oakville for ruby PUB TRIVIA - Ontario's #1 trivia game!Reservations on Eventbrite do not guarantee you a spot. Please call Boston Pizza at (905) 257-8009 to reserve your table!
Welcome to Monday Night Trivia at Boston Pizza in Oakville! Join Host Neal MacFarlane every Monday for a fun-filled evening of brain-teasing questions and great company. Boston Pizza is the place to be for a casual, upbeat vibe that mixes family-friendly comfort with a laid-back sports bar feel.This is a weekly trivia, with the option to play as part of the Trivia League. There are weekly prizes of $25 in gift cards, and every 8 weeks we will announce our Trivia League winner of $200 in gift cards!ruby PUB TRIVIA is a unique visual trivia game that is shown on all the TVs in the venue. We also use digital scoring, so don't forget to bring along a charged mobile device to submit your answers. At half-time, enjoy our game of Heads & Tails for a chance to win an additional prize!Our game is always free to play, and there are always prizes to be won! ruby PUB TRIVIA is the perfect way to test your knowledge and compete with friends. So round up your team, grab a table, and get ready to show off your smarts! Are you coming?","Category: Hobbies, Gaming",all agesIn person,NA,"499 Dundas St W499 Dundas Street WestOakville, ON L6M 1L9 Canada",FreeMultiple dates,Multiple dates
https://www.eventbrite.ca/e/public-speaking-leadership-skills-supporting-women-entrepreneurs-tickets-1596863976139?aff=ebdssbdestsearch,https://img.evbuc.com/https%3A%2F%2Fcdn.evbuc.com%2Fimages%2F1097251753%2F2861697839421%2F1%2Foriginal.20250816-032958?w=600&auto=format%2Ccompress&q=75&sharp=10&rect=0%2C0%2C2160%2C1080&s=676f3a718b24b8df0c7ae6ca7a616b82,Public Speaking & Leadership Skills- Supporting Women Entrepreneurs,Her Bold Voice Toastmasters Club,"Overcome the fear of public speaking, build leadership skills, and grow confidenceReady to find your bold voice?Her Bold Voice is a new Toastmasters club dedicated to empowering and supporting women entrepreneurs, professionals, and leaders — and welcoming anyone who champions this mission.In a safe, encouraging environment, you will:✅ Overcome the fear of public speaking✅ Run effective and impactful meetings✅ Build confidence & leadership presence✅ Gain visibility & credibility in your field✅ Connect with inspiring peers and mentors✅ Master storytelling to inspire and influenceYou can attend your first meeting for FREE .As a Toastmasters member, you’ll have the opportunity to develop over 300 workplace skills, including:Interview preparationOnline meeting developmentProject managementConflict resolutionWhether in person or online, our hybrid meetings ensure you can build skills, receive constructive feedback, and grow alongside a network that believes in your potential.
📅 Every Wednesday | 🕢 7:30–9:30 PM EST📍 Martindale Gardens Community Centre, 45 Martin St, Milton, ON L9T 2R1","Category: Business, Startups",In person,NA,"Aspira Martindale Gardens Retirement Living45 Martin StreetMilton, ON L9T 2R1 Canada",FreeMultiple dates,Multiple dates
https://www.eventbrite.ca/e/wednesday-trivia-the-argyle-hamilton-tickets-1979734371799?aff=ebdssbdestsearch,https://img.evbuc.com/https%3A%2F%2Fcdn.evbuc.com%2Fimages%2F1174006172%2F204110462347%2F1%2Foriginal.20260105-152427?w=600&auto=format%2Ccompress&q=75&sharp=10&rect=0%2C0%2C2160%2C1080&s=7a40f83dfa12aae3fb39520e80ed7c39,WEDNESDAY Trivia - THE ARGYLE - Hamilton,Hub of Trivia & Events - Hamilton,,,,NA,,,
https://www.eventbrite.ca/e/night-on-the-town-wednesday-trivia-at-townhall-social-eatery-hamilton-tickets-1979483917684?aff=ebdssbdestsearch,https://img.evbuc.com/https%3A%2F%2Fcdn.evbuc.com%2Fimages%2F1127068553%2F204110462347%2F1%2Foriginal.20250917-152936?crop=focalpoint&fit=crop&w=600&auto=format%2Ccompress&q=75&sharp=10&fp-x=0.5&fp-y=0.5&s=3e60d75bb14c55b9efc8c696113daed9,Night On The Town - Wednesday Trivia at Townhall Social Eatery (Hamilton),Hub of Trivia & Events - Hamilton,,,,NA,,,
https://www.eventbrite.ca/e/wednesday-trivia-at-shawn-and-eds-dundas-tickets-1979483254701?aff=ebdssbdestsearch,https://img.evbuc.com/https%3A%2F%2Fcdn.evbuc.com%2Fimages%2F1173813686%2F204110462347%2F1%2Foriginal.20260101-235131?w=600&auto=format%2Ccompress&q=75&sharp=10&rect=0%2C0%2C2160%2C1080&s=356769a190d759ff33eebd27881d2567,Wednesday Trivia at Shawn and Eds (Dundas),Hub of Trivia & Events - Hamilton,,,,NA,,,
https://www.eventbrite.ca/e/music-bingo-wednesday-at-nickel-brook-brewing-co-burlington-tickets-1979483444268?aff=ebdssbdestsearch,https://img.evbuc.com/https%3A%2F%2Fcdn.evbuc.com%2Fimages%2F1123595253%2F204110462347%2F1%2Foriginal.20250914-170621?crop=focalpoint&fit=crop&w=600&auto=format%2Ccompress&q=75&sharp=10&fp-x=0.5&fp-y=0.5&s=a69b2aea9c8c9875b6bbe6feb671e95e,MUSIC BINGO Wednesday at Nickel Brook Brewing Co.- Burlington,Hub of Trivia & Events - Hamilton,,,,NA,,,
https://www.eventbrite.ca/e/wednesday-night-trivia-at-kelseys-red-hill-in-stoney-creek-hamilton-tickets-1967161791874?aff=ebdssbdestsearch,https://img.evbuc.com/https%3A%2F%2Fcdn.evbuc.com%2Fimages%2F1170536558%2F230740254100%2F1%2Foriginal.20251109-195610?w=600&auto=format%2Ccompress&q=75&sharp=10&rect=0%2C0%2C2160%2C1080&s=3a27203e91d762ef56dcfba5400951b6,Wednesday Night Trivia at Kelsey's Red Hill in Stoney Creek (Hamilton),ruby PUB TRIVIA,"Join us every Wednesday at Kelsey's Red Hill in Stoney Creek (Hamilton) for ruby PUB TRIVIA - Ontario's #1 trivia game!Reservations on Eventbrite do not guarantee you a spot. Please call Kelsey's Red Hill at (905) 561-8891 to reserve your table!
Welcome to Wednesday Night Trivia at Kelsey's Red Hill in Stoney Creek (Hamilton)! Join Host Trevor Verduyn for a fun-filled evening of brain-teasing questions and great company. Kelsey's Original Roadhouse has a warm, laid-back, and lively vibe with a nostalgic roadhouse feel - the kind of place where you can kick back with friends!ruby PUB TRIVIA is a unique visual trivia game that is shown on all the TVs in the venue. We also use digital scoring, so don't forget to bring along a charged mobile device to submit your answers. At half-time, enjoy our game of Heads & Tails for a chance to win an additional prize!Our game is always free to play, and there are always prizes to be won! ruby PUB TRIVIA is the perfect way to test your knowledge and compete with friends. So round up your team, grab a table, and get ready to show off your smarts! Are you coming?","Category: Hobbies, Gaming",all agesIn person,NA,"821 Paramount Dr821 Paramount DriveHamilton, ON L8J 0B4 Canada",FreeMultiple dates,Multiple dates
https://www.eventbrite.com/e/karaoke-nights-tickets-1120333099459?aff=ebdssbdestsearch,https://img.evbuc.com/https%3A%2F%2Fcdn.evbuc.com%2Fimages%2F921320893%2F2554695753351%2F1%2Foriginal.20241221-032733?w=600&auto=format%2Ccompress&q=75&sharp=10&rect=0%2C30%2C1880%2C940&s=5497765c766dd6cdbc0bc57496bea93b,Karaoke Nights,,"Sing Your Heart Out! Karaoke Nights Thursday to Sunday, 10 PM onwards!","Category: Music, Other",In person,NA,"Cadillac Jax Bar & Grill532 Main Street EastHamilton, ON L8M 1J1 Canada",FreeMultiple dates,Multiple dates
https://www.eventbrite.ca/e/free-coffee-tickets-894407315357?aff=ebdssbdestsearch,https://img.evbuc.com/https%3A%2F%2Fcdn.evbuc.com%2Fimages%2F777083589%2F567917782951%2F1%2Foriginal.jpg?w=600&auto=format%2Ccompress&q=75&sharp=10&rect=0%2C0%2C2160%2C1080&s=14cd99ebb7c14cd9d7000fbf505476f3,Free Coffee,Anthony Schifano,Trying to meet more people in Oakville. Willing to buy anyone a coffee every Wednesday at 8:30am at the new Starbucks on Cornwall.I am new to Oakville and trying to grow my network.Happy to spend $5 on a coffee for 20 minutes of your time and a nice conversation. Please RSVP with a ticket and don't just show up.,"Category: Food & Drink, Other",In person,NA,"2055 Cornwall Rd2055 Cornwall RoadOakville, ON L6J 7S2 Canada",FreeMultiple dates,Multiple dates
https://www.eventbrite.ca/e/wednesday-night-trivia-at-st-louis-bar-grill-in-milton-tickets-1332303147579?aff=ebdssbdestsearch,https://img.evbuc.com/https%3A%2F%2Fcdn.evbuc.com%2Fimages%2F1012834183%2F230740254100%2F1%2Foriginal.20250420-170715?w=600&auto=format%2Ccompress&q=75&sharp=10&rect=0%2C0%2C2160%2C1080&s=45ed48ba7a88daf9d1225b7eefee5958,Wednesday Night Trivia at St. Louis Bar & Grill in Milton,ruby PUB TRIVIA,"Join us every Wednesday at St. Louis Bar & Grill in Milton for ruby PUB TRIVIA - Ontario's #1 trivia game!Reservations on Eventbrite do not guarantee you a spot. Please call St. Louis Bar & Grill at (905) 875-1333 to reserve your table!
Welcome to Wednesday Night Trivia at St. Louis Bar & Grill in Milton! Join Host Neal Macfarlane for a fun-filled evening of brain-teasing questions and great company. St. Louis Bar & Grill has a fun, high-energy vibe that’s perfect for game nights, casual hangouts, and wing cravings - all with that sports bar buzz!ruby PUB TRIVIA is a unique visual trivia game that is shown on all the TVs in the venue. We also use digital scoring, so don't forget to bring along a charged mobile device to submit your answers. At half-time, enjoy our game of Heads & Tails for a chance to win an additional prize!Our game is always free to play, and there are always prizes to be won! ruby PUB TRIVIA is the perfect way to test your knowledge and compete with friends. So round up your team, grab a table, and get ready to show off your smarts! Are you coming?","Category: Hobbies, Gaming",all agesIn person,NA,"St. Louis Bar & Grill604 Santa Maria BoulevardMilton, ON L9T 6J5 Canada",FreeMultiple dates,Multiple dates
https://www.eventbrite.ca/e/wednesday-night-trivia-at-the-forge-bar-bq-in-ancaster-tickets-1332345704869?aff=ebdssbdestsearch,https://img.evbuc.com/https%3A%2F%2Fcdn.evbuc.com%2Fimages%2F1174554932%2F230740254100%2F1%2Foriginal.20260111-184247?w=600&auto=format%2Ccompress&q=75&sharp=10&rect=0%2C0%2C2160%2C1080&s=0a8526c39f4cb85070c017b3ef846ed9,Wednesday Night Trivia at The Forge Bar-BQ in Ancaster,ruby PUB TRIVIA,"Join us every Wednesday at The Forge Bar-BQ in Ancaster for ruby PUB TRIVIA - Ontario's #1 trivia game!Reservations on Eventbrite do not guarantee you a spot. Please call Pub Fiction at (905) 304-9990 to reserve your table!
Welcome to Wednesday Night Trivia at The Forge Bar-BQ in Ancaster! Join Host Luke Hildebrandt for a fun-filled evening of brain-teasing questions and great company. The Forge Bar-BQ offers great BBQ eats with a Western vibe!ruby PUB TRIVIA is a unique visual trivia game that is shown on all the TVs in the venue. We also use digital scoring, so don't forget to bring along a charged mobile device to submit your answers. At half-time, enjoy our game of Heads & Tails for a chance to win an additional prize!Our game is always free to play, and there are always prizes to be won! ruby PUB TRIVIA is the perfect way to test your knowledge and compete with friends. So round up your team, grab a table, and get ready to show off your smarts! Are you coming?","Category: Hobbies, Gaming",all agesIn person,NA,"1242 Garner Rd W1242 Garner Road WestHamilton, ON L9G 4V5 Canada",FreeMultiple dates,Multiple dates
https://www.eventbrite.ca/e/wednesday-night-trivia-at-kelseys-winona-crossing-tickets-1332385684449?aff=ebdssbdestsearch,https://img.evbuc.com/https%3A%2F%2Fcdn.evbuc.com%2Fimages%2F1012843323%2F230740254100%2F1%2Foriginal.20250420-173739?w=600&auto=format%2Ccompress&q=75&sharp=10&rect=0%2C0%2C2160%2C1080&s=3ac9efe349d69ab8d36398bc3c50bc94,Wednesday Night Trivia at Kelsey's Winona Crossing,ruby PUB TRIVIA,"Join us every Wednesday at Kelsey's in Winona for ruby PUB TRIVIA - Ontario's #1 trivia game!Reservations on Eventbrite do not guarantee you a spot. Please call Kelsey's Winona Crossing at (365) 218-0030 to reserve your table!
Welcome to Wednesday Night Trivia at Kelsey's in Winona! Join Host Mel Manos for a fun-filled evening of brain-teasing questions and great company. Kelsey's Original Roadhouse has a warm, laid-back, and lively vibe with a nostalgic roadhouse feel - the kind of place where you can kick back with friends!ruby PUB TRIVIA is a unique visual trivia game that is shown on all the TVs in the venue. We also use digital scoring, so don't forget to bring along a charged mobile device to submit your answers. At half-time, enjoy our game of Heads & Tails for a chance to win an additional prize!Our game is always free to play, and there are always prizes to be won! ruby PUB TRIVIA is the perfect way to test your knowledge and compete with friends. So round up your team, grab a table, and get ready to show off your smarts! Are you coming?","Category: Hobbies, Gaming",all agesIn person,NA,"Kelseys Original Roadhouse1358 South Service RoadHamilton, ON L8E 5C5 Canada",FreeMultiple dates,Multiple dates
